-- phpMyAdmin SQL Dump
-- version 4.5.1
-- http://www.phpmyadmin.net
--
-- Host: 127.0.0.1
-- Generation Time: Jun 13, 2016 at 05:32 PM
-- Server version: 10.1.13-MariaDB
-- PHP Version: 5.6.21

SET SQL_MODE = "NO_AUTO_VALUE_ON_ZERO";
SET time_zone = "+00:00";


/*!40101 SET @OLD_CHARACTER_SET_CLIENT=@@CHARACTER_SET_CLIENT */;
/*!40101 SET @OLD_CHARACTER_SET_RESULTS=@@CHARACTER_SET_RESULTS */;
/*!40101 SET @OLD_COLLATION_CONNECTION=@@COLLATION_CONNECTION */;
/*!40101 SET NAMES utf8mb4 */;

--
-- Database: `montessori`
--

-- --------------------------------------------------------

--
-- Table structure for table `activities`
--

CREATE TABLE `activities` (
  `ACT_ID` int(11) NOT NULL,
  `ACT_TYPE_ID` int(11) NOT NULL,
  `ACT_SUBTYPE_ID` int(11) NOT NULL,
  `ACT_NAME` varchar(250) NOT NULL,
  `ACT_MIN_AGE` int(11) DEFAULT NULL,
  `ACT_MAX_AGE` int(11) DEFAULT NULL,
  `ACT_DESCR` text,
  `ACT_NOTES` text
) ENGINE=InnoDB DEFAULT CHARSET=latin1;

--
-- Dumping data for table `activities`
--

INSERT INTO `activities` (`ACT_ID`, `ACT_TYPE_ID`, `ACT_SUBTYPE_ID`, `ACT_NAME`, `ACT_MIN_AGE`, `ACT_MAX_AGE`, `ACT_DESCR`, `ACT_NOTES`) VALUES
(1, 1, 101, 'To extinguish a candle with a snuffer', NULL, NULL, NULL, NULL),
(2, 1, 101, 'To carry a glass of coloured water', NULL, NULL, NULL, NULL),
(3, 1, 102, 'To sit at a table', NULL, NULL, NULL, NULL),
(4, 1, 102, 'To carry a chair', NULL, NULL, NULL, NULL),
(5, 2, 201, 'Sizes > the cylinder blocks (knobbed cylinders or solid insets)', NULL, NULL, NULL, NULL),
(6, 2, 201, 'Sizes > pink tower', NULL, NULL, NULL, NULL),
(7, 2, 202, 'Rough and Smooth > rough and smooth boards 1, 2, and 3', NULL, NULL, NULL, NULL),
(8, 2, 202, 'Rough and Smooth > rough and smooth tablets', NULL, NULL, NULL, NULL),
(9, 3, 301, 'Quantities > number rods (1 - 10)', NULL, NULL, NULL, NULL),
(10, 3, 301, 'Symbols > sandpaper numerals (1 - 9 and 0)', NULL, NULL, NULL, NULL),
(11, 3, 302, 'Quantities > the golden beads (1 - 9,999)', NULL, NULL, NULL, NULL),
(12, 3, 302, 'Quantities > introduction to the decimal system (quantities 1, 10, 100, 1000)', NULL, NULL, NULL, NULL);

-- --------------------------------------------------------

--
-- Table structure for table `activity_subtypes`
--

CREATE TABLE `activity_subtypes` (
  `ACT_SUBTYPE_ID` int(11) NOT NULL,
  `ACT_SUBTYPE_NAME` varchar(100) NOT NULL,
  `ACT_SUBTYPE_DESCR` text NOT NULL,
  `ACT_SYBTYPE_NOTES` text NOT NULL
) ENGINE=InnoDB DEFAULT CHARSET=latin1;

--
-- Dumping data for table `activity_subtypes`
--

INSERT INTO `activity_subtypes` (`ACT_SUBTYPE_ID`, `ACT_SUBTYPE_NAME`, `ACT_SUBTYPE_DESCR`, `ACT_SYBTYPE_NOTES`) VALUES
(101, 'The Very First Three Activities of the Very First Day', '', ''),
(102, 'Preliminary Activities', '', ''),
(103, 'Motor Skills', '', ''),
(104, 'Care of Self', '', ''),
(105, 'Care of the Environment', '', ''),
(201, 'Sight', '', ''),
(202, 'Touch', '', ''),
(203, 'Smell', '', ''),
(204, 'Taste', '', ''),
(205, 'Sound', '', ''),
(301, 'Level I: Quantities and Symbols: 1 to 9 and 0', '', ''),
(302, 'Level II: Introduction to the Decimal System', '', ''),
(303, 'Level III: Quantities and Symbols: 11-99', '', '');

-- --------------------------------------------------------

--
-- Table structure for table `activity_types`
--

CREATE TABLE `activity_types` (
  `ACT_TYPE_ID` int(11) NOT NULL,
  `ACT_TYPE_NAME` varchar(100) NOT NULL,
  `ACT_TYPE_DESCR` text NOT NULL,
  `ACT_TYPE_NOTES` text NOT NULL
) ENGINE=InnoDB DEFAULT CHARSET=latin1;

--
-- Dumping data for table `activity_types`
--

INSERT INTO `activity_types` (`ACT_TYPE_ID`, `ACT_TYPE_NAME`, `ACT_TYPE_DESCR`, `ACT_TYPE_NOTES`) VALUES
(1, 'Daily Life Activities', '', ''),
(2, 'Sensorial Activities Leading to Mental Development', '', ''),
(3, 'Activities Leading to Mathematical and Logical Mind', '', '');

-- --------------------------------------------------------

--
-- Table structure for table `db_query_logs`
--

CREATE TABLE `db_query_logs` (
  `DB_QL_ID` int(11) NOT NULL,
  `QUERY_STR` varchar(1000) NOT NULL,
  `USER_NAME` varchar(50) NOT NULL,
  `DATE_TIME` datetime NOT NULL,
  `IP_ADDR` varchar(50) NOT NULL
) ENGINE=InnoDB DEFAULT CHARSET=latin1;

--
-- Dumping data for table `db_query_logs`
--

INSERT INTO `db_query_logs` (`DB_QL_ID`, `QUERY_STR`, `USER_NAME`, `DATE_TIME`, `IP_ADDR`) VALUES
(126, 'INSERT INTO EMPLOYEE_ATTENDANCES(EMP_ID, EVENT_TYPE, DATE_TIME, IP_ADDR, NOTES) VALUES(2, "In", NOW(), "::1", "");', 'Jolie Vu', '2016-06-10 17:45:01', '::1'),
(127, 'INSERT INTO EMPLOYEE_ATTENDANCES(EMP_ID, EVENT_TYPE, DATE_TIME, IP_ADDR, NOTES) VALUES(2, "Out", NOW(), "::1", "");', 'Jolie Vu', '2016-06-10 17:46:06', '::1'),
(128, 'SELECT  DB_QL_ID, QUERY_STR, DATE_TIME, IP_ADDR FROM DB_QUERY_LOGS ORDER BY DATE_TIME DESC;', 'Jolie Vu', '2016-06-10 17:46:12', '::1'),
(129, 'SELECT  * FROM DB_QUERY_LOGS ORDER BY DATE_TIME DESC;', 'Jolie Vu', '2016-06-10 17:48:12', '::1'),
(130, 'INSERT INTO EMPLOYEE_LOG_IOS(EMP_ID, EVENT_TYPE, DATE_TIME, IP_ADDR) VALUES(2, "Out", NOW(), "::1");', 'Jolie Vu', '2016-06-10 17:48:23', '::1'),
(131, 'SELECT  EMP_ID, EMP_FIRST_NAME, EMP_LAST_NAME, EMP_BIRTHDATE, EMP_PHONE1 FROM EMPLOYEES  WHERE EMP_PASSCODE="8772";', 'unknown', '2016-06-10 17:48:30', '::1'),
(132, 'INSERT INTO EMPLOYEE_LOG_IOS(EMP_ID, EVENT_TYPE, DATE_TIME, IP_ADDR) VALUES(2, "In", NOW(), "::1");', 'Jolie Vu', '2016-06-10 17:48:30', '::1'),
(133, 'SELECT  * FROM DB_QUERY_LOGS ORDER BY DATE_TIME DESC;', 'Jolie Vu', '2016-06-10 17:48:38', '::1'),
(134, 'SELECT  * FROM DB_QUERY_LOGS ORDER BY DATE_TIME DESC;', 'Jolie Vu', '2016-06-10 17:50:16', '::1'),
(135, 'INSERT INTO EMPLOYEE_LOG_IOS(EMP_ID, EVENT_TYPE, DATE_TIME, IP_ADDR) VALUES(2, "Out", NOW(), "::1");', 'Jolie Vu', '2016-06-10 17:50:23', '::1'),
(136, 'SELECT  EMP_ID, EMP_FIRST_NAME, EMP_LAST_NAME, EMP_BIRTHDATE, EMP_PHONE1 FROM EMPLOYEES  WHERE EMP_PASSCODE="1887";', 'system', '2016-06-10 17:50:30', '::1'),
(137, 'INSERT INTO EMPLOYEE_LOG_IOS(EMP_ID, EVENT_TYPE, DATE_TIME, IP_ADDR) VALUES(1, "In", NOW(), "::1");', 'Raphaelle Philippe', '2016-06-10 17:50:30', '::1'),
(138, 'SELECT  * FROM DB_QUERY_LOGS ORDER BY DATE_TIME DESC;', 'Raphaelle Philippe', '2016-06-10 17:50:36', '::1'),
(139, 'SELECT  EM_LOG_F_ID, IP_ADDR, PASSCODE, DATE_TIME FROM EMPLOYEE_LOG_FAILURES ORDER BY DATE_TIME DESC;', 'Raphaelle Philippe', '2016-06-10 17:51:02', '::1'),
(140, 'INSERT INTO EMPLOYEE_LOG_IOS(EMP_ID, EVENT_TYPE, DATE_TIME, IP_ADDR) VALUES(1, "Out", NOW(), "::1");', 'Raphaelle Philippe', '2016-06-10 17:51:11', '::1'),
(141, 'SELECT  EMP_ID, EMP_FIRST_NAME, EMP_LAST_NAME, EMP_BIRTHDATE, EMP_PHONE1 FROM EMPLOYEES  WHERE EMP_PASSCODE="5623";', 'system', '2016-06-10 17:51:17', '::1'),
(142, 'INSERT INTO EMPLOYEE_LOG_FAILURES(IP_ADDR, PASSCODE, DATE_TIME) VALUES("::1", "5623", NOW());', 'system', '2016-06-10 17:51:17', '::1'),
(143, 'SELECT  EMP_ID, EMP_FIRST_NAME, EMP_LAST_NAME, EMP_BIRTHDATE, EMP_PHONE1 FROM EMPLOYEES  WHERE EMP_PASSCODE="3254";', 'system', '2016-06-10 17:51:26', '::1'),
(144, 'INSERT INTO EMPLOYEE_LOG_FAILURES(IP_ADDR, PASSCODE, DATE_TIME) VALUES("::1", "3254", NOW());', 'system', '2016-06-10 17:51:26', '::1'),
(145, 'SELECT  EMP_ID, EMP_FIRST_NAME, EMP_LAST_NAME, EMP_BIRTHDATE, EMP_PHONE1 FROM EMPLOYEES  WHERE EMP_PASSCODE="8772";', 'system', '2016-06-10 17:51:36', '::1'),
(146, 'INSERT INTO EMPLOYEE_LOG_IOS(EMP_ID, EVENT_TYPE, DATE_TIME, IP_ADDR) VALUES(2, "In", NOW(), "::1");', 'Jolie Vu', '2016-06-10 17:51:36', '::1'),
(147, 'INSERT INTO EMPLOYEE_ATTENDANCES(EMP_ID, EVENT_TYPE, DATE_TIME, IP_ADDR, NOTES) VALUES(2, "In", NOW(), "::1", "");', 'Jolie Vu', '2016-06-10 17:51:40', '::1'),
(148, 'INSERT INTO EMPLOYEE_ATTENDANCES(EMP_ID, EVENT_TYPE, DATE_TIME, IP_ADDR, NOTES) VALUES(2, "Out", NOW(), "::1", "");', 'Jolie Vu', '2016-06-10 17:51:44', '::1'),
(149, 'SELECT  EM_LOG_F_ID, IP_ADDR, PASSCODE, DATE_TIME FROM EMPLOYEE_LOG_FAILURES ORDER BY DATE_TIME DESC;', 'Jolie Vu', '2016-06-10 17:51:48', '::1'),
(150, 'SELECT  * FROM DB_QUERY_LOGS ORDER BY DATE_TIME DESC;', 'Jolie Vu', '2016-06-10 17:51:59', '::1'),
(151, 'SELECT  * FROM ACTIVITY_TYPES ORDER BY ACT_TYPE_ID ASC;', 'Jolie Vu', '2016-06-10 17:52:48', '::1'),
(152, 'SELECT  * FROM ACTIVITY_SUBTYPES ORDER BY ACT_SUBTYPE_ID ASC;', 'Jolie Vu', '2016-06-10 17:52:57', '::1'),
(153, 'SELECT  * FROM EDUCATIONS ORDER BY EDU_ID ASC;', 'Jolie Vu', '2016-06-10 17:53:03', '::1'),
(154, 'SELECT  * FROM POSITIONS ORDER BY POS_ID ASC;', 'Jolie Vu', '2016-06-10 17:53:07', '::1'),
(155, 'SELECT  * FROM EMPLOYEES ORDER BY EMP_FIRST_NAME ASC;', 'Jolie Vu', '2016-06-10 17:53:11', '::1'),
(156, 'SELECT  * FROM STUDENTS ORDER BY STU_FIRST_NAME ASC;', 'Jolie Vu', '2016-06-10 17:53:16', '::1'),
(157, 'SELECT  * FROM ACTIVITIES ORDER BY ACT_TYPE_ID ASC , ACT_SUBTYPE_ID ASC;', 'Jolie Vu', '2016-06-10 17:53:20', '::1'),
(158, 'SELECT  EMPLOYEE_LOG_IOS.EMP_LOGS_ID, EMPLOYEES.EMP_FIRST_NAME, EMPLOYEES.EMP_LAST_NAME, EMPLOYEE_LOG_IOS.EVENT_TYPE, EMPLOYEE_LOG_IOS.DATE_TIME, EMPLOYEE_LOG_IOS.IP_ADDR FROM EMPLOYEE_LOG_IOS, EMPLOY', 'Jolie Vu', '2016-06-10 17:53:25', '::1'),
(159, 'SELECT  EMPLOYEE_ATTENDANCES.EMP_ATT_ID, EMPLOYEES.EMP_FIRST_NAME, EMPLOYEES.EMP_LAST_NAME, EMPLOYEE_ATTENDANCES.EVENT_TYPE, EMPLOYEE_ATTENDANCES.DATE_TIME, EMPLOYEE_ATTENDANCES.IP_ADDR FROM EMPLOYEE_', 'Jolie Vu', '2016-06-10 17:53:37', '::1'),
(160, 'SELECT  EM_LOG_F_ID, IP_ADDR, PASSCODE, DATE_TIME FROM EMPLOYEE_LOG_FAILURES ORDER BY DATE_TIME DESC;', 'Jolie Vu', '2016-06-10 17:53:47', '::1'),
(161, 'SELECT  * FROM DB_QUERY_LOGS ORDER BY DATE_TIME DESC;', 'Jolie Vu', '2016-06-10 17:53:55', '::1'),
(162, 'SELECT  * FROM DB_QUERY_LOGS ORDER BY DATE_TIME DESC;', 'Jolie Vu', '2016-06-10 17:55:26', '::1'),
(163, 'SELECT  EMPLOYEE_ATTENDANCES.EMP_ATT_ID, EMPLOYEES.EMP_FIRST_NAME, EMPLOYEES.EMP_LAST_NAME, EMPLOYEE_ATTENDANCES.EVENT_TYPE, EMPLOYEE_ATTENDANCES.DATE_TIME, EMPLOYEE_ATTENDANCES.IP_ADDR FROM EMPLOYEE_', 'Jolie Vu', '2016-06-10 17:55:48', '::1'),
(164, 'INSERT INTO EMPLOYEE_ATTENDANCES(EMP_ID, EVENT_TYPE, DATE_TIME, IP_ADDR, NOTES) VALUES(2, "In", NOW(), "::1", "");', 'Jolie Vu', '2016-06-10 17:56:01', '::1'),
(165, 'SELECT  EMPLOYEE_ATTENDANCES.EMP_ATT_ID, EMPLOYEES.EMP_FIRST_NAME, EMPLOYEES.EMP_LAST_NAME, EMPLOYEE_ATTENDANCES.EVENT_TYPE, EMPLOYEE_ATTENDANCES.DATE_TIME, EMPLOYEE_ATTENDANCES.IP_ADDR FROM EMPLOYEE_', 'Jolie Vu', '2016-06-10 17:56:07', '::1'),
(166, 'INSERT INTO EMPLOYEE_ATTENDANCES(EMP_ID, EVENT_TYPE, DATE_TIME, IP_ADDR, NOTES) VALUES(2, "Out", NOW(), "::1", "");', 'Jolie Vu', '2016-06-10 17:56:14', '::1'),
(167, 'SELECT  EMPLOYEE_ATTENDANCES.EMP_ATT_ID, EMPLOYEES.EMP_FIRST_NAME, EMPLOYEES.EMP_LAST_NAME, EMPLOYEE_ATTENDANCES.EVENT_TYPE, EMPLOYEE_ATTENDANCES.DATE_TIME, EMPLOYEE_ATTENDANCES.IP_ADDR FROM EMPLOYEE_', 'Jolie Vu', '2016-06-10 17:56:18', '::1'),
(168, 'SELECT  * FROM DB_QUERY_LOGS ORDER BY DATE_TIME DESC;', 'Jolie Vu', '2016-06-10 17:56:24', '::1'),
(169, 'INSERT INTO EMPLOYEE_LOG_IOS(EMP_ID, EVENT_TYPE, DATE_TIME, IP_ADDR) VALUES(2, "Out", NOW(), "::1");', 'Jolie Vu', '2016-06-10 18:20:15', '::1'),
(170, 'SELECT  EMP_ID, EMP_FIRST_NAME, EMP_LAST_NAME, EMP_BIRTHDATE, EMP_PHONE1 FROM EMPLOYEES  WHERE EMP_PASSCODE="8772";', 'system', '2016-06-10 18:21:48', '::1'),
(171, 'INSERT INTO EMPLOYEE_LOG_IOS(EMP_ID, EVENT_TYPE, DATE_TIME, IP_ADDR) VALUES(2, "In", NOW(), "::1");', 'Jolie Vu', '2016-06-10 18:21:48', '::1'),
(172, 'INSERT INTO EMPLOYEE_LOG_IOS(EMP_ID, EVENT_TYPE, DATE_TIME, IP_ADDR) VALUES(2, "Out", NOW(), "::1");', 'Jolie Vu', '2016-06-10 18:22:07', '::1'),
(173, 'SELECT  EMP_ID, EMP_FIRST_NAME, EMP_LAST_NAME, EMP_BIRTHDATE, EMP_PHONE1 FROM EMPLOYEES  WHERE EMP_PASSCODE="1887";', 'system', '2016-06-10 18:22:13', '::1'),
(174, 'INSERT INTO EMPLOYEE_LOG_IOS(EMP_ID, EVENT_TYPE, DATE_TIME, IP_ADDR) VALUES(1, "In", NOW(), "::1");', 'Raphaelle Philippe', '2016-06-10 18:22:13', '::1'),
(175, 'INSERT INTO EMPLOYEE_ATTENDANCES(EMP_ID, EVENT_TYPE, DATE_TIME, IP_ADDR, NOTES) VALUES(1, "In", NOW(), "::1", "");', 'Raphaelle Philippe', '2016-06-10 18:22:42', '::1'),
(176, 'SELECT  EMPLOYEE_ATTENDANCES.EMP_ATT_ID, EMPLOYEES.EMP_FIRST_NAME, EMPLOYEES.EMP_LAST_NAME, EMPLOYEE_ATTENDANCES.EVENT_TYPE, EMPLOYEE_ATTENDANCES.DATE_TIME, EMPLOYEE_ATTENDANCES.IP_ADDR FROM EMPLOYEE_', 'Raphaelle Philippe', '2016-06-10 18:22:49', '::1'),
(177, 'SELECT  * FROM ACTIVITIES ORDER BY ACT_TYPE_ID ASC , ACT_SUBTYPE_ID ASC;', 'Raphaelle Philippe', '2016-06-10 18:23:32', '::1'),
(178, 'SELECT  * FROM STUDENTS ORDER BY STU_FIRST_NAME ASC;', 'Raphaelle Philippe', '2016-06-10 18:23:39', '::1'),
(179, 'SELECT  EMP_ID, EMP_FIRST_NAME, EMP_LAST_NAME, EMP_BIRTHDATE, EMP_PHONE1 FROM EMPLOYEES  WHERE EMP_PASSCODE="8772";', 'system', '2016-06-10 21:54:20', '::1'),
(180, 'INSERT INTO EMPLOYEE_LOG_IOS(EMP_ID, EVENT_TYPE, DATE_TIME, IP_ADDR) VALUES(2, "In", NOW(), "::1");', 'Jolie Vu', '2016-06-10 21:54:20', '::1'),
(181, 'INSERT INTO EMPLOYEE_LOG_IOS(EMP_ID, EVENT_TYPE, DATE_TIME, IP_ADDR) VALUES(2, "Out", NOW(), "::1");', 'Jolie Vu', '2016-06-10 21:55:52', '::1'),
(182, 'SELECT  EMP_ID, EMP_FIRST_NAME, EMP_LAST_NAME, EMP_BIRTHDATE, EMP_PHONE1 FROM EMPLOYEES  WHERE EMP_PASSCODE="8772";', 'system', '2016-06-10 21:55:58', '::1'),
(183, 'INSERT INTO EMPLOYEE_LOG_IOS(EMP_ID, EVENT_TYPE, DATE_TIME, IP_ADDR) VALUES(2, "In", NOW(), "::1");', 'Jolie Vu', '2016-06-10 21:55:58', '::1'),
(184, 'SELECT  EMPLOYEE_LOG_IOS.EMP_LOGS_ID, EMPLOYEES.EMP_FIRST_NAME, EMPLOYEES.EMP_LAST_NAME, EMPLOYEE_LOG_IOS.EVENT_TYPE, EMPLOYEE_LOG_IOS.DATE_TIME, EMPLOYEE_LOG_IOS.IP_ADDR FROM EMPLOYEE_LOG_IOS, EMPLOY', 'Jolie Vu', '2016-06-10 21:56:09', '::1'),
(185, 'SELECT  EMPLOYEE_ATTENDANCES.EMP_ATT_ID, EMPLOYEES.EMP_FIRST_NAME, EMPLOYEES.EMP_LAST_NAME, EMPLOYEE_ATTENDANCES.EVENT_TYPE, EMPLOYEE_ATTENDANCES.DATE_TIME, EMPLOYEE_ATTENDANCES.IP_ADDR FROM EMPLOYEE_', 'Jolie Vu', '2016-06-10 21:56:15', '::1'),
(186, 'INSERT INTO EMPLOYEE_LOG_IOS(EMP_ID, EVENT_TYPE, DATE_TIME, IP_ADDR) VALUES(2, "Out", NOW(), "::1");', 'Jolie Vu', '2016-06-10 22:10:39', '::1'),
(187, 'SELECT  EMP_ID, EMP_FIRST_NAME, EMP_LAST_NAME, EMP_BIRTHDATE, EMP_PHONE1 FROM EMPLOYEES  WHERE EMP_PASSCODE="1887";', 'system', '2016-06-10 22:10:49', '::1'),
(188, 'INSERT INTO EMPLOYEE_LOG_IOS(EMP_ID, EVENT_TYPE, DATE_TIME, IP_ADDR) VALUES(1, "In", NOW(), "::1");', 'Raphaelle Philippe', '2016-06-10 22:10:49', '::1'),
(189, 'INSERT INTO EMPLOYEE_LOG_IOS(EMP_ID, EVENT_TYPE, DATE_TIME, IP_ADDR) VALUES(1, "Out", NOW(), "::1");', 'Raphaelle Philippe', '2016-06-10 22:21:45', '::1'),
(190, 'SELECT  EMP_ID, EMP_FIRST_NAME, EMP_LAST_NAME, EMP_BIRTHDATE, EMP_PHONE1 FROM EMPLOYEES  WHERE EMP_PASSCODE="1887";', 'system', '2016-06-10 22:21:49', '::1'),
(191, 'INSERT INTO EMPLOYEE_LOG_IOS(EMP_ID, EVENT_TYPE, DATE_TIME, IP_ADDR) VALUES(1, "In", NOW(), "::1");', 'Raphaelle Philippe', '2016-06-10 22:21:49', '::1'),
(192, 'SELECT  * FROM DB_QUERY_LOGS ORDER BY DATE_TIME DESC;', 'Raphaelle Philippe', '2016-06-10 22:21:55', '::1'),
(193, 'SELECT  EMP_ID, EMP_FIRST_NAME, EMP_LAST_NAME, EMP_BIRTHDATE, EMP_PHONE1 FROM EMPLOYEES  WHERE EMP_PASSCODE="569";', 'system', '2016-06-10 22:22:25', '192.168.1.68'),
(194, 'INSERT INTO EMPLOYEE_LOG_FAILURES(IP_ADDR, PASSCODE, DATE_TIME) VALUES("192.168.1.68", "569", NOW());', 'system', '2016-06-10 22:22:25', '192.168.1.68'),
(195, 'SELECT  EMP_ID, EMP_FIRST_NAME, EMP_LAST_NAME, EMP_BIRTHDATE, EMP_PHONE1 FROM EMPLOYEES  WHERE EMP_PASSCODE="8772";', 'system', '2016-06-10 22:22:29', '192.168.1.68'),
(196, 'INSERT INTO EMPLOYEE_LOG_IOS(EMP_ID, EVENT_TYPE, DATE_TIME, IP_ADDR) VALUES(2, "In", NOW(), "192.168.1.68");', 'Jolie Vu', '2016-06-10 22:22:29', '192.168.1.68'),
(197, 'SELECT  * FROM DB_QUERY_LOGS ORDER BY DATE_TIME DESC;', 'Jolie Vu', '2016-06-10 22:22:33', '192.168.1.68'),
(198, 'SELECT  EM_LOG_F_ID, IP_ADDR, PASSCODE, DATE_TIME FROM EMPLOYEE_LOG_FAILURES ORDER BY DATE_TIME DESC;', 'Jolie Vu', '2016-06-10 22:22:52', '192.168.1.68'),
(199, 'SELECT  EMPLOYEE_LOG_IOS.EMP_LOGS_ID, EMPLOYEES.EMP_FIRST_NAME, EMPLOYEES.EMP_LAST_NAME, EMPLOYEE_LOG_IOS.EVENT_TYPE, EMPLOYEE_LOG_IOS.DATE_TIME, EMPLOYEE_LOG_IOS.IP_ADDR FROM EMPLOYEE_LOG_IOS, EMPLOY', 'Jolie Vu', '2016-06-10 22:27:00', '192.168.1.68'),
(200, 'INSERT INTO EMPLOYEE_LOG_IOS(EMP_ID, EVENT_TYPE, DATE_TIME, IP_ADDR) VALUES(2, "Out", NOW(), "192.168.1.68");', 'Jolie Vu', '2016-06-10 22:40:26', '192.168.1.68'),
(201, 'SELECT  EMP_ID, EMP_FIRST_NAME, EMP_LAST_NAME, EMP_BIRTHDATE, EMP_PHONE1 FROM EMPLOYEES  WHERE EMP_PASSCODE="6598";', 'system', '2016-06-10 22:40:29', '192.168.1.68'),
(202, 'INSERT INTO EMPLOYEE_LOG_FAILURES(IP_ADDR, PASSCODE, DATE_TIME) VALUES("192.168.1.68", "6598", NOW());', 'system', '2016-06-10 22:40:29', '192.168.1.68'),
(203, 'SELECT  EMP_ID, EMP_FIRST_NAME, EMP_LAST_NAME, EMP_BIRTHDATE, EMP_PHONE1 FROM EMPLOYEES  WHERE EMP_PASSCODE="1887";', 'system', '2016-06-10 22:40:34', '192.168.1.68'),
(204, 'INSERT INTO EMPLOYEE_LOG_IOS(EMP_ID, EVENT_TYPE, DATE_TIME, IP_ADDR) VALUES(1, "In", NOW(), "192.168.1.68");', 'Raphaelle Philippe', '2016-06-10 22:40:34', '192.168.1.68'),
(205, 'SELECT  * FROM DB_QUERY_LOGS ORDER BY DATE_TIME DESC;', 'Raphaelle Philippe', '2016-06-10 22:40:37', '192.168.1.68'),
(206, 'INSERT INTO EMPLOYEE_LOG_IOS(EMP_ID, EVENT_TYPE, DATE_TIME, IP_ADDR) VALUES(1, "Out", NOW(), "192.168.1.68");', 'Raphaelle Philippe', '2016-06-10 22:44:53', '192.168.1.68'),
(207, 'SELECT  EMP_ID, EMP_FIRST_NAME, EMP_LAST_NAME, EMP_BIRTHDATE, EMP_PHONE1 FROM EMPLOYEES  WHERE EMP_PASSCODE="25896554";', 'system', '2016-06-10 22:45:03', '192.168.1.68'),
(208, 'INSERT INTO EMPLOYEE_LOG_FAILURES(IP_ADDR, PASSCODE, DATE_TIME) VALUES("192.168.1.68", "25896554", NOW());', 'system', '2016-06-10 22:45:03', '192.168.1.68'),
(209, 'SELECT  EMP_ID, EMP_FIRST_NAME, EMP_LAST_NAME, EMP_BIRTHDATE, EMP_PHONE1 FROM EMPLOYEES  WHERE EMP_PASSCODE="562566";', 'system', '2016-06-10 22:45:07', '192.168.1.68'),
(210, 'INSERT INTO EMPLOYEE_LOG_FAILURES(IP_ADDR, PASSCODE, DATE_TIME) VALUES("192.168.1.68", "562566", NOW());', 'system', '2016-06-10 22:45:07', '192.168.1.68'),
(211, 'SELECT  EMP_ID, EMP_FIRST_NAME, EMP_LAST_NAME, EMP_BIRTHDATE, EMP_PHONE1 FROM EMPLOYEES  WHERE EMP_PASSCODE="8772";', 'system', '2016-06-10 22:45:16', '192.168.1.68'),
(212, 'INSERT INTO EMPLOYEE_LOG_IOS(EMP_ID, EVENT_TYPE, DATE_TIME, IP_ADDR) VALUES(2, "In", NOW(), "192.168.1.68");', 'Jolie Vu', '2016-06-10 22:45:16', '192.168.1.68'),
(213, 'INSERT INTO EMPLOYEE_ATTENDANCES(EMP_ID, EVENT_TYPE, DATE_TIME, IP_ADDR, NOTES) VALUES(2, "In", NOW(), "192.168.1.68", "");', 'Jolie Vu', '2016-06-10 22:45:30', '192.168.1.68'),
(214, 'SELECT  EMPLOYEE_ATTENDANCES.EMP_ATT_ID, EMPLOYEES.EMP_FIRST_NAME, EMPLOYEES.EMP_LAST_NAME, EMPLOYEE_ATTENDANCES.EVENT_TYPE, EMPLOYEE_ATTENDANCES.DATE_TIME, EMPLOYEE_ATTENDANCES.IP_ADDR FROM EMPLOYEE_', 'Jolie Vu', '2016-06-10 22:45:44', '192.168.1.68'),
(215, 'INSERT INTO EMPLOYEE_ATTENDANCES(EMP_ID, EVENT_TYPE, DATE_TIME, IP_ADDR, NOTES) VALUES(2, "Out", NOW(), "192.168.1.68", "");', 'Jolie Vu', '2016-06-10 22:46:06', '192.168.1.68'),
(216, 'SELECT  EMPLOYEE_ATTENDANCES.EMP_ATT_ID, EMPLOYEES.EMP_FIRST_NAME, EMPLOYEES.EMP_LAST_NAME, EMPLOYEE_ATTENDANCES.EVENT_TYPE, EMPLOYEE_ATTENDANCES.DATE_TIME, EMPLOYEE_ATTENDANCES.IP_ADDR FROM EMPLOYEE_', 'Jolie Vu', '2016-06-10 22:46:17', '192.168.1.68'),
(217, 'SELECT  * FROM EMPLOYEES ORDER BY EMP_FIRST_NAME ASC;', 'Jolie Vu', '2016-06-10 22:46:46', '192.168.1.68'),
(218, 'SELECT  * FROM STUDENTS ORDER BY STU_FIRST_NAME ASC;', 'Jolie Vu', '2016-06-10 22:46:59', '192.168.1.68'),
(219, 'INSERT INTO EMPLOYEE_LOG_IOS(EMP_ID, EVENT_TYPE, DATE_TIME, IP_ADDR) VALUES(2, "Out", NOW(), "192.168.1.68");', 'Jolie Vu', '2016-06-10 22:47:25', '192.168.1.68'),
(220, 'SELECT  EMP_ID, EMP_FIRST_NAME, EMP_LAST_NAME, EMP_BIRTHDATE, EMP_PHONE1 FROM EMPLOYEES  WHERE EMP_PASSCODE="1887";', 'system', '2016-06-10 22:47:38', '192.168.1.68'),
(221, 'INSERT INTO EMPLOYEE_LOG_IOS(EMP_ID, EVENT_TYPE, DATE_TIME, IP_ADDR) VALUES(1, "In", NOW(), "192.168.1.68");', 'Raphaelle Philippe', '2016-06-10 22:47:38', '192.168.1.68'),
(222, 'INSERT INTO EMPLOYEE_LOG_IOS(EMP_ID, EVENT_TYPE, DATE_TIME, IP_ADDR) VALUES(1, "Out", NOW(), "192.168.1.68");', 'Raphaelle Philippe', '2016-06-10 22:48:16', '192.168.1.68'),
(223, 'SELECT  EMP_ID, EMP_FIRST_NAME, EMP_LAST_NAME, EMP_BIRTHDATE, EMP_PHONE1 FROM EMPLOYEES  WHERE EMP_PASSCODE="5365125";', 'system', '2016-06-10 22:48:30', '192.168.1.68'),
(224, 'INSERT INTO EMPLOYEE_LOG_FAILURES(IP_ADDR, PASSCODE, DATE_TIME) VALUES("192.168.1.68", "5365125", NOW());', 'system', '2016-06-10 22:48:30', '192.168.1.68'),
(225, 'SELECT  EMP_ID, EMP_FIRST_NAME, EMP_LAST_NAME, EMP_BIRTHDATE, EMP_PHONE1 FROM EMPLOYEES  WHERE EMP_PASSCODE="8772";', 'system', '2016-06-10 22:48:38', '192.168.1.68'),
(226, 'INSERT INTO EMPLOYEE_LOG_IOS(EMP_ID, EVENT_TYPE, DATE_TIME, IP_ADDR) VALUES(2, "In", NOW(), "192.168.1.68");', 'Jolie Vu', '2016-06-10 22:48:38', '192.168.1.68'),
(227, 'INSERT INTO EMPLOYEE_ATTENDANCES(EMP_ID, EVENT_TYPE, DATE_TIME, IP_ADDR, NOTES) VALUES(2, "In", NOW(), "192.168.1.68", "");', 'Jolie Vu', '2016-06-10 22:48:50', '192.168.1.68'),
(228, 'INSERT INTO EMPLOYEE_LOG_IOS(EMP_ID, EVENT_TYPE, DATE_TIME, IP_ADDR) VALUES(2, "Out", NOW(), "192.168.1.68");', 'Jolie Vu', '2016-06-10 22:48:56', '192.168.1.68'),
(229, 'SELECT  EMP_ID, EMP_FIRST_NAME, EMP_LAST_NAME, EMP_BIRTHDATE, EMP_PHONE1 FROM EMPLOYEES  WHERE EMP_PASSCODE="8772";', 'system', '2016-06-10 22:49:02', '192.168.1.68'),
(230, 'INSERT INTO EMPLOYEE_LOG_IOS(EMP_ID, EVENT_TYPE, DATE_TIME, IP_ADDR) VALUES(2, "In", NOW(), "192.168.1.68");', 'Jolie Vu', '2016-06-10 22:49:02', '192.168.1.68'),
(231, 'INSERT INTO EMPLOYEE_ATTENDANCES(EMP_ID, EVENT_TYPE, DATE_TIME, IP_ADDR, NOTES) VALUES(2, "In", NOW(), "192.168.1.68", "");', 'Jolie Vu', '2016-06-10 22:49:04', '192.168.1.68'),
(232, 'INSERT INTO EMPLOYEE_LOG_IOS(EMP_ID, EVENT_TYPE, DATE_TIME, IP_ADDR) VALUES(2, "Out", NOW(), "192.168.1.68");', 'Jolie Vu', '2016-06-10 22:49:08', '192.168.1.68'),
(233, 'SELECT  EMP_ID, EMP_FIRST_NAME, EMP_LAST_NAME, EMP_BIRTHDATE, EMP_PHONE1 FROM EMPLOYEES  WHERE EMP_PASSCODE="1872";', 'system', '2016-06-10 22:49:27', '192.168.1.68'),
(234, 'INSERT INTO EMPLOYEE_LOG_FAILURES(IP_ADDR, PASSCODE, DATE_TIME) VALUES("192.168.1.68", "1872", NOW());', 'system', '2016-06-10 22:49:27', '192.168.1.68'),
(235, 'SELECT  EMP_ID, EMP_FIRST_NAME, EMP_LAST_NAME, EMP_BIRTHDATE, EMP_PHONE1 FROM EMPLOYEES  WHERE EMP_PASSCODE="1887";', 'system', '2016-06-10 22:49:33', '192.168.1.68'),
(236, 'INSERT INTO EMPLOYEE_LOG_IOS(EMP_ID, EVENT_TYPE, DATE_TIME, IP_ADDR) VALUES(1, "In", NOW(), "192.168.1.68");', 'Raphaelle Philippe', '2016-06-10 22:49:33', '192.168.1.68'),
(237, 'SELECT  EMPLOYEE_ATTENDANCES.EMP_ATT_ID, EMPLOYEES.EMP_FIRST_NAME, EMPLOYEES.EMP_LAST_NAME, EMPLOYEE_ATTENDANCES.EVENT_TYPE, EMPLOYEE_ATTENDANCES.DATE_TIME, EMPLOYEE_ATTENDANCES.IP_ADDR FROM EMPLOYEE_', 'Raphaelle Philippe', '2016-06-10 22:49:37', '192.168.1.68'),
(238, 'SELECT  EMP_ID, EMP_FIRST_NAME, EMP_LAST_NAME, EMP_BIRTHDATE, EMP_PHONE1 FROM EMPLOYEES  WHERE EMP_PASSCODE="8772";', 'Raphaelle Philippe', '2016-06-10 22:50:43', '192.168.1.68'),
(239, 'INSERT INTO EMPLOYEE_LOG_IOS(EMP_ID, EVENT_TYPE, DATE_TIME, IP_ADDR) VALUES(2, "In", NOW(), "192.168.1.68");', 'Jolie Vu', '2016-06-10 22:50:43', '192.168.1.68'),
(240, 'INSERT INTO EMPLOYEE_LOG_IOS(EMP_ID, EVENT_TYPE, DATE_TIME, IP_ADDR) VALUES(2, "Out", NOW(), "192.168.1.68");', 'Jolie Vu', '2016-06-10 23:14:23', '192.168.1.68'),
(241, 'SELECT  EMP_ID, EMP_FIRST_NAME, EMP_LAST_NAME, EMP_BIRTHDATE, EMP_PHONE1 FROM EMPLOYEES  WHERE EMP_PASSCODE="8772";', 'system', '2016-06-10 23:14:27', '192.168.1.68'),
(242, 'INSERT INTO EMPLOYEE_LOG_IOS(EMP_ID, EVENT_TYPE, DATE_TIME, IP_ADDR) VALUES(2, "In", NOW(), "192.168.1.68");', 'Jolie Vu', '2016-06-10 23:14:27', '192.168.1.68'),
(243, 'SELECT  EMP_ID, EMP_FIRST_NAME, EMP_LAST_NAME, EMP_BIRTHDATE, EMP_PHONE1 FROM EMPLOYEES  WHERE EMP_PASSCODE="8772";', 'system', '2016-06-10 23:15:46', '192.168.1.69'),
(244, 'INSERT INTO EMPLOYEE_LOG_IOS(EMP_ID, EVENT_TYPE, DATE_TIME, IP_ADDR) VALUES(2, "In", NOW(), "192.168.1.69");', 'Jolie Vu', '2016-06-10 23:15:46', '192.168.1.69'),
(245, 'SELECT  * FROM STUDENTS ORDER BY STU_FIRST_NAME ASC;', 'Jolie Vu', '2016-06-10 23:16:07', '192.168.1.69'),
(246, 'SELECT  EMPLOYEE_ATTENDANCES.EMP_ATT_ID, EMPLOYEES.EMP_FIRST_NAME, EMPLOYEES.EMP_LAST_NAME, EMPLOYEE_ATTENDANCES.EVENT_TYPE, EMPLOYEE_ATTENDANCES.DATE_TIME, EMPLOYEE_ATTENDANCES.IP_ADDR FROM EMPLOYEE_', 'Jolie Vu', '2016-06-10 23:16:51', '192.168.1.69'),
(247, 'INSERT INTO EMPLOYEE_ATTENDANCES(EMP_ID, EVENT_TYPE, DATE_TIME, IP_ADDR, NOTES) VALUES(2, "In", NOW(), "192.168.1.69", "");', 'Jolie Vu', '2016-06-10 23:17:14', '192.168.1.69'),
(248, 'INSERT INTO EMPLOYEE_ATTENDANCES(EMP_ID, EVENT_TYPE, DATE_TIME, IP_ADDR, NOTES) VALUES(2, "Out", NOW(), "192.168.1.69", "");', 'Jolie Vu', '2016-06-10 23:17:19', '192.168.1.69'),
(249, 'SELECT  EMPLOYEE_ATTENDANCES.EMP_ATT_ID, EMPLOYEES.EMP_FIRST_NAME, EMPLOYEES.EMP_LAST_NAME, EMPLOYEE_ATTENDANCES.EVENT_TYPE, EMPLOYEE_ATTENDANCES.DATE_TIME, EMPLOYEE_ATTENDANCES.IP_ADDR FROM EMPLOYEE_', 'Jolie Vu', '2016-06-10 23:17:25', '192.168.1.69'),
(250, 'INSERT INTO EMPLOYEE_LOG_IOS(EMP_ID, EVENT_TYPE, DATE_TIME, IP_ADDR) VALUES(2, "Out", NOW(), "192.168.1.69");', 'Jolie Vu', '2016-06-10 23:18:19', '192.168.1.69'),
(251, 'SELECT  EMP_ID, EMP_FIRST_NAME, EMP_LAST_NAME, EMP_BIRTHDATE, EMP_PHONE1 FROM EMPLOYEES  WHERE EMP_PASSCODE="1887";', 'system', '2016-06-10 23:18:49', '192.168.1.69'),
(252, 'INSERT INTO EMPLOYEE_LOG_IOS(EMP_ID, EVENT_TYPE, DATE_TIME, IP_ADDR) VALUES(1, "In", NOW(), "192.168.1.69");', 'Raphaelle Philippe', '2016-06-10 23:18:49', '192.168.1.69'),
(253, 'INSERT INTO EMPLOYEE_LOG_IOS(EMP_ID, EVENT_TYPE, DATE_TIME, IP_ADDR) VALUES(1, "Out", NOW(), "192.168.1.69");', 'Raphaelle Philippe', '2016-06-10 23:19:22', '192.168.1.69'),
(254, 'SELECT  EMP_ID, EMP_FIRST_NAME, EMP_LAST_NAME, EMP_BIRTHDATE, EMP_PHONE1 FROM EMPLOYEES  WHERE EMP_PASSCODE="1887";', 'system', '2016-06-10 23:19:44', '192.168.1.69'),
(255, 'INSERT INTO EMPLOYEE_LOG_IOS(EMP_ID, EVENT_TYPE, DATE_TIME, IP_ADDR) VALUES(1, "In", NOW(), "192.168.1.69");', 'Raphaelle Philippe', '2016-06-10 23:19:44', '192.168.1.69'),
(256, 'INSERT INTO EMPLOYEE_ATTENDANCES(EMP_ID, EVENT_TYPE, DATE_TIME, IP_ADDR, NOTES) VALUES(1, "In", NOW(), "192.168.1.69", "");', 'Raphaelle Philippe', '2016-06-10 23:19:55', '192.168.1.69'),
(257, 'SELECT  * FROM ACTIVITY_SUBTYPES ORDER BY ACT_SUBTYPE_ID ASC;', 'Raphaelle Philippe', '2016-06-10 23:20:35', '192.168.1.69'),
(258, 'SELECT  * FROM ACTIVITIES ORDER BY ACT_TYPE_ID ASC , ACT_SUBTYPE_ID ASC;', 'Raphaelle Philippe', '2016-06-10 23:20:44', '192.168.1.69'),
(259, 'SELECT  * FROM STUDENTS ORDER BY STU_FIRST_NAME ASC;', 'Raphaelle Philippe', '2016-06-10 23:21:18', '192.168.1.69'),
(260, 'SELECT  * FROM STUDENTS ORDER BY STU_FIRST_NAME ASC;', 'Raphaelle Philippe', '2016-06-10 23:21:35', '192.168.1.69'),
(261, 'INSERT INTO EMPLOYEE_LOG_IOS(EMP_ID, EVENT_TYPE, DATE_TIME, IP_ADDR) VALUES(1, "Out", NOW(), "192.168.1.69");', 'Raphaelle Philippe', '2016-06-10 23:22:04', '192.168.1.69'),
(262, 'SELECT  EMP_ID, EMP_FIRST_NAME, EMP_LAST_NAME, EMP_BIRTHDATE, EMP_PHONE1 FROM EMPLOYEES  WHERE EMP_PASSCODE="8772";', 'system', '2016-06-10 23:22:39', '192.168.1.69'),
(263, 'INSERT INTO EMPLOYEE_LOG_IOS(EMP_ID, EVENT_TYPE, DATE_TIME, IP_ADDR) VALUES(2, "In", NOW(), "192.168.1.69");', 'Jolie Vu', '2016-06-10 23:22:39', '192.168.1.69'),
(264, 'SELECT  * FROM DB_QUERY_LOGS ORDER BY DATE_TIME DESC;', 'Jolie Vu', '2016-06-10 23:22:46', '192.168.1.69'),
(265, 'INSERT INTO EMPLOYEE_ATTENDANCES(EMP_ID, EVENT_TYPE, DATE_TIME, IP_ADDR, NOTES) VALUES(2, "In", NOW(), "192.168.1.68", "");', 'Jolie Vu', '2016-06-10 23:25:18', '192.168.1.68'),
(266, 'SELECT  EMPLOYEE_ATTENDANCES.EMP_ATT_ID, EMPLOYEES.EMP_FIRST_NAME, EMPLOYEES.EMP_LAST_NAME, EMPLOYEE_ATTENDANCES.EVENT_TYPE, EMPLOYEE_ATTENDANCES.DATE_TIME, EMPLOYEE_ATTENDANCES.IP_ADDR FROM EMPLOYEE_ATTENDANCES, EMPLOYEES WHERE EMPLOYEE_ATTENDANCES.EMP_ID=2 AND EMPLOYEE_ATTENDANCES.EMP_ID=EMPLOYEES.EMP_ID ORDER BY EMPLOYEE_ATTENDANCES.DATE_TIME DESC;', 'Jolie Vu', '2016-06-10 23:25:26', '192.168.1.68'),
(267, 'SELECT  * FROM DB_QUERY_LOGS ORDER BY DATE_TIME DESC;', 'Jolie Vu', '2016-06-10 23:25:34', '192.168.1.68'),
(268, 'SELECT  * FROM DB_QUERY_LOGS ORDER BY DATE_TIME DESC;', 'Jolie Vu', '2016-06-10 23:26:12', '192.168.1.68'),
(269, 'INSERT INTO EMPLOYEE_LOG_IOS(EMP_ID, EVENT_TYPE, DATE_TIME, IP_ADDR) VALUES(2, "Out", NOW(), "::1");', 'Jolie Vu', '2016-06-13 09:26:38', '::1'),
(270, 'SELECT  EMP_ID, EMP_FIRST_NAME, EMP_LAST_NAME, EMP_BIRTHDATE, EMP_PHONE1 FROM EMPLOYEES  WHERE EMP_PASSCODE="1887";', 'system', '2016-06-13 09:26:45', '::1'),
(271, 'INSERT INTO EMPLOYEE_LOG_IOS(EMP_ID, EVENT_TYPE, DATE_TIME, IP_ADDR) VALUES(1, "In", NOW(), "::1");', 'Raphaelle Philippe', '2016-06-13 09:26:45', '::1'),
(272, 'SELECT  * FROM DB_QUERY_LOGS ORDER BY DATE_TIME DESC;', 'Raphaelle Philippe', '2016-06-13 09:26:48', '::1'),
(273, 'SELECT  * FROM DB_QUERY_LOGS ORDER BY DATE_TIME DESC;', 'Raphaelle Philippe', '2016-06-13 10:23:32', '::1'),
(274, 'INSERT INTO EMPLOYEE_ATTENDANCES(EMP_ID, EVENT_TYPE, DATE_TIME, IP_ADDR, NOTES) VALUES(1, "In", NOW(), "::1", "");', 'Raphaelle Philippe', '2016-06-13 10:26:27', '::1'),
(275, 'SELECT  EM_LOG_F_ID, IP_ADDR, PASSCODE, DATE_TIME FROM EMPLOYEE_LOG_FAILURES ORDER BY DATE_TIME DESC;', 'Raphaelle Philippe', '2016-06-13 10:26:31', '::1'),
(276, 'SELECT  EMPLOYEE_LOG_IOS.EMP_LOGS_ID, EMPLOYEES.EMP_FIRST_NAME, EMPLOYEES.EMP_LAST_NAME, EMPLOYEE_LOG_IOS.EVENT_TYPE, EMPLOYEE_LOG_IOS.DATE_TIME, EMPLOYEE_LOG_IOS.IP_ADDR FROM EMPLOYEE_LOG_IOS, EMPLOYEES WHERE EMPLOYEE_LOG_IOS.EMP_ID=1 AND EMPLOYEE_LOG_IOS.EMP_ID=EMPLOYEES.EMP_ID ORDER BY EMPLOYEE_LOG_IOS.DATE_TIME DESC;', 'Raphaelle Philippe', '2016-06-13 10:26:50', '::1'),
(277, 'SELECT  EMPLOYEE_LOG_IOS.EMP_LOGS_ID, EMPLOYEES.EMP_FIRST_NAME, EMPLOYEES.EMP_LAST_NAME, EMPLOYEE_LOG_IOS.EVENT_TYPE, EMPLOYEE_LOG_IOS.DATE_TIME, EMPLOYEE_LOG_IOS.IP_ADDR FROM EMPLOYEE_LOG_IOS, EMPLOYEES WHERE EMPLOYEE_LOG_IOS.EMP_ID=1 AND EMPLOYEE_LOG_IOS.EMP_ID=EMPLOYEES.EMP_ID ORDER BY EMPLOYEE_LOG_IOS.DATE_TIME DESC;', 'Raphaelle Philippe', '2016-06-13 10:27:57', '::1'),
(278, 'SELECT  EMPLOYEE_LOG_IOS.EMP_LOGS_ID, EMPLOYEES.EMP_FIRST_NAME, EMPLOYEES.EMP_LAST_NAME, EMPLOYEE_LOG_IOS.EVENT_TYPE, EMPLOYEE_LOG_IOS.DATE_TIME, EMPLOYEE_LOG_IOS.IP_ADDR FROM EMPLOYEE_LOG_IOS, EMPLOYEES WHERE EMPLOYEE_LOG_IOS.EMP_ID=1 AND EMPLOYEE_LOG_IOS.EMP_ID=EMPLOYEES.EMP_ID ORDER BY EMPLOYEE_LOG_IOS.DATE_TIME DESC;', 'Raphaelle Philippe', '2016-06-13 10:28:38', '::1'),
(279, 'SELECT  EMPLOYEE_LOG_IOS.EMP_LOGS_ID, EMPLOYEES.EMP_FIRST_NAME, EMPLOYEES.EMP_LAST_NAME, EMPLOYEE_LOG_IOS.EVENT_TYPE, EMPLOYEE_LOG_IOS.DATE_TIME, EMPLOYEE_LOG_IOS.IP_ADDR FROM EMPLOYEE_LOG_IOS, EMPLOYEES WHERE EMPLOYEE_LOG_IOS.EMP_ID=1 AND EMPLOYEE_LOG_IOS.EMP_ID=EMPLOYEES.EMP_ID ORDER BY EMPLOYEE_LOG_IOS.DATE_TIME DESC;', 'Raphaelle Philippe', '2016-06-13 10:29:34', '::1'),
(280, 'INSERT INTO EMPLOYEE_LOG_IOS(EMP_ID, EVENT_TYPE, DATE_TIME, IP_ADDR) VALUES(1, "Out", NOW(), "::1");', 'Raphaelle Philippe', '2016-06-13 10:29:40', '::1'),
(281, 'SELECT  EMP_ID, EMP_FIRST_NAME, EMP_LAST_NAME, EMP_BIRTHDATE, EMP_PHONE1 FROM EMPLOYEES  WHERE EMP_PASSCODE="8772";', 'system', '2016-06-13 10:29:46', '::1'),
(282, 'INSERT INTO EMPLOYEE_LOG_IOS(EMP_ID, EVENT_TYPE, DATE_TIME, IP_ADDR) VALUES(2, "In", NOW(), "::1");', 'Jolie Vu', '2016-06-13 10:29:46', '::1'),
(283, 'SELECT  * FROM DB_QUERY_LOGS ORDER BY DATE_TIME DESC;', 'Jolie Vu', '2016-06-13 10:29:51', '::1'),
(284, 'SELECT  EMPLOYEE_ATTENDANCES.EMP_ATT_ID, EMPLOYEES.EMP_FIRST_NAME, EMPLOYEES.EMP_LAST_NAME, EMPLOYEE_ATTENDANCES.EVENT_TYPE, EMPLOYEE_ATTENDANCES.DATE_TIME, EMPLOYEE_ATTENDANCES.IP_ADDR FROM EMPLOYEE_ATTENDANCES, EMPLOYEES WHERE EMPLOYEE_ATTENDANCES.EMP_ID=2 AND EMPLOYEE_ATTENDANCES.EMP_ID=EMPLOYEES.EMP_ID ORDER BY EMPLOYEE_ATTENDANCES.DATE_TIME DESC;', 'Jolie Vu', '2016-06-13 10:34:22', '::1'),
(285, 'SELECT  EMPLOYEE_ATTENDANCES.EMP_ATT_ID, EMPLOYEES.EMP_FIRST_NAME, EMPLOYEES.EMP_LAST_NAME, EMPLOYEE_ATTENDANCES.EVENT_TYPE, EMPLOYEE_ATTENDANCES.DATE_TIME, EMPLOYEE_ATTENDANCES.IP_ADDR FROM EMPLOYEE_ATTENDANCES, EMPLOYEES WHERE EMPLOYEE_ATTENDANCES.EMP_ID=2 AND EMPLOYEE_ATTENDANCES.EMP_ID=EMPLOYEES.EMP_ID ORDER BY EMPLOYEE_ATTENDANCES.DATE_TIME DESC;', 'Jolie Vu', '2016-06-13 10:34:50', '::1'),
(286, 'SELECT  EMPLOYEE_ATTENDANCES.EMP_ATT_ID, EMPLOYEES.EMP_FIRST_NAME, EMPLOYEES.EMP_LAST_NAME, EMPLOYEE_ATTENDANCES.EVENT_TYPE, EMPLOYEE_ATTENDANCES.DATE_TIME, EMPLOYEE_ATTENDANCES.IP_ADDR FROM EMPLOYEE_ATTENDANCES, EMPLOYEES WHERE EMPLOYEE_ATTENDANCES.EMP_ID=2 AND EMPLOYEE_ATTENDANCES.EMP_ID=EMPLOYEES.EMP_ID ORDER BY EMPLOYEE_ATTENDANCES.DATE_TIME DESC;', 'Jolie Vu', '2016-06-13 10:36:14', '::1'),
(287, 'SELECT  EMPLOYEE_ATTENDANCES.EMP_ATT_ID, EMPLOYEES.EMP_FIRST_NAME, EMPLOYEES.EMP_LAST_NAME, EMPLOYEE_ATTENDANCES.EVENT_TYPE, EMPLOYEE_ATTENDANCES.DATE_TIME, EMPLOYEE_ATTENDANCES.IP_ADDR FROM EMPLOYEE_ATTENDANCES, EMPLOYEES WHERE EMPLOYEE_ATTENDANCES.EMP_ID=2 AND EMPLOYEE_ATTENDANCES.EMP_ID=EMPLOYEES.EMP_ID ORDER BY EMPLOYEE_ATTENDANCES.DATE_TIME DESC;', 'Jolie Vu', '2016-06-13 10:39:51', '::1'),
(288, 'SELECT  EMPLOYEE_LOG_IOS.EMP_LOGS_ID, EMPLOYEES.EMP_FIRST_NAME, EMPLOYEES.EMP_LAST_NAME, EMPLOYEE_LOG_IOS.EVENT_TYPE, EMPLOYEE_LOG_IOS.DATE_TIME, EMPLOYEE_LOG_IOS.IP_ADDR FROM EMPLOYEE_LOG_IOS, EMPLOYEES WHERE EMPLOYEE_LOG_IOS.EMP_ID=2 AND EMPLOYEE_LOG_IOS.EMP_ID=EMPLOYEES.EMP_ID ORDER BY EMPLOYEE_LOG_IOS.DATE_TIME DESC;', 'Jolie Vu', '2016-06-13 10:45:36', '::1'),
(289, 'SELECT  EMPLOYEE_LOG_IOS.EMP_LOGS_ID, EMPLOYEES.EMP_FIRST_NAME, EMPLOYEES.EMP_LAST_NAME, EMPLOYEE_LOG_IOS.EVENT_TYPE, EMPLOYEE_LOG_IOS.DATE_TIME, EMPLOYEE_LOG_IOS.IP_ADDR FROM EMPLOYEE_LOG_IOS, EMPLOYEES WHERE EMPLOYEE_LOG_IOS.EMP_ID=2 AND EMPLOYEE_LOG_IOS.EMP_ID=EMPLOYEES.EMP_ID ORDER BY EMPLOYEE_LOG_IOS.DATE_TIME DESC;', 'Jolie Vu', '2016-06-13 10:51:46', '::1'),
(290, 'SELECT  EMPLOYEE_LOG_IOS.EMP_LOGS_ID, EMPLOYEES.EMP_FIRST_NAME, EMPLOYEES.EMP_LAST_NAME, EMPLOYEE_LOG_IOS.EVENT_TYPE, EMPLOYEE_LOG_IOS.DATE_TIME, EMPLOYEE_LOG_IOS.IP_ADDR FROM EMPLOYEE_LOG_IOS, EMPLOYEES WHERE EMPLOYEE_LOG_IOS.EMP_ID=2 AND EMPLOYEE_LOG_IOS.EMP_ID=EMPLOYEES.EMP_ID ORDER BY EMPLOYEE_LOG_IOS.DATE_TIME DESC;', 'Jolie Vu', '2016-06-13 10:52:14', '::1'),
(291, 'SELECT  EMPLOYEE_ATTENDANCES.EMP_ATT_ID, EMPLOYEES.EMP_FIRST_NAME, EMPLOYEES.EMP_LAST_NAME, EMPLOYEE_ATTENDANCES.EVENT_TYPE, EMPLOYEE_ATTENDANCES.DATE_TIME, EMPLOYEE_ATTENDANCES.IP_ADDR FROM EMPLOYEE_ATTENDANCES, EMPLOYEES WHERE EMPLOYEE_ATTENDANCES.EMP_ID=2 AND EMPLOYEE_ATTENDANCES.EMP_ID=EMPLOYEES.EMP_ID ORDER BY EMPLOYEE_ATTENDANCES.DATE_TIME DESC;', 'Jolie Vu', '2016-06-13 10:52:18', '::1'),
(292, 'SELECT  EMP_ID, EMP_FIRST_NAME, EMP_LAST_NAME, EMP_BIRTHDATE, EMP_PHONE1 FROM EMPLOYEES  WHERE EMP_PASSCODE="78";', 'system', '2016-06-13 10:55:31', '::1'),
(293, 'INSERT INTO EMPLOYEE_LOG_FAILURES(IP_ADDR, PASSCODE, DATE_TIME) VALUES("::1", "78", NOW());', 'system', '2016-06-13 10:55:31', '::1'),
(294, 'SELECT  EMP_ID, EMP_FIRST_NAME, EMP_LAST_NAME, EMP_BIRTHDATE, EMP_PHONE1 FROM EMPLOYEES  WHERE EMP_PASSCODE="";', 'system', '2016-06-13 10:55:31', '::1'),
(295, 'INSERT INTO EMPLOYEE_LOG_FAILURES(IP_ADDR, PASSCODE, DATE_TIME) VALUES("::1", "", NOW());', 'system', '2016-06-13 10:55:31', '::1'),
(296, 'SELECT  EMP_ID, EMP_FIRST_NAME, EMP_LAST_NAME, EMP_BIRTHDATE, EMP_PHONE1 FROM EMPLOYEES  WHERE EMP_PASSCODE="1887";', 'system', '2016-06-13 10:55:35', '::1'),
(297, 'INSERT INTO EMPLOYEE_LOG_IOS(EMP_ID, EVENT_TYPE, DATE_TIME, IP_ADDR) VALUES(1, "In", NOW(), "::1");', 'Raphaelle Philippe', '2016-06-13 10:55:35', '::1'),
(298, 'SELECT  EMPLOYEE_LOG_IOS.EMP_LOGS_ID, EMPLOYEES.EMP_FIRST_NAME, EMPLOYEES.EMP_LAST_NAME, EMPLOYEE_LOG_IOS.EVENT_TYPE, EMPLOYEE_LOG_IOS.DATE_TIME, EMPLOYEE_LOG_IOS.IP_ADDR FROM EMPLOYEE_LOG_IOS, EMPLOYEES WHERE EMPLOYEE_LOG_IOS.EMP_ID=1 AND EMPLOYEE_LOG_IOS.EMP_ID=EMPLOYEES.EMP_ID ORDER BY EMPLOYEE_LOG_IOS.DATE_TIME DESC;', 'Raphaelle Philippe', '2016-06-13 10:55:39', '::1'),
(299, 'SELECT  EMPLOYEE_LOG_IOS.EMP_LOGS_ID, EMPLOYEES.EMP_FIRST_NAME, EMPLOYEES.EMP_LAST_NAME, EMPLOYEE_LOG_IOS.EVENT_TYPE, EMPLOYEE_LOG_IOS.DATE_TIME, EMPLOYEE_LOG_IOS.IP_ADDR FROM EMPLOYEE_LOG_IOS, EMPLOYEES WHERE EMPLOYEE_LOG_IOS.EMP_ID=1 AND EMPLOYEE_LOG_IOS.EMP_ID=EMPLOYEES.EMP_ID ORDER BY EMPLOYEE_LOG_IOS.DATE_TIME DESC;', 'Raphaelle Philippe', '2016-06-13 10:56:33', '::1'),
(300, 'SELECT  EMP_ID, EMP_FIRST_NAME, EMP_LAST_NAME, EMP_BIRTHDATE, EMP_PHONE1 FROM EMPLOYEES  WHERE EMP_PASSCODE="8772";', 'Raphaelle Philippe', '2016-06-13 10:57:41', '::1'),
(301, 'INSERT INTO EMPLOYEE_LOG_IOS(EMP_ID, EVENT_TYPE, DATE_TIME, IP_ADDR) VALUES(2, "In", NOW(), "::1");', 'Jolie Vu', '2016-06-13 10:57:41', '::1'),
(302, 'SELECT  * FROM ACTIVITIES ORDER BY ACT_TYPE_ID ASC , ACT_SUBTYPE_ID ASC;', 'Jolie Vu', '2016-06-13 10:57:46', '::1'),
(303, 'SELECT  * FROM POSITIONS ORDER BY POS_ID ASC;', 'Jolie Vu', '2016-06-13 10:57:50', '::1'),
(304, 'SELECT  EMPLOYEE_ATTENDANCES.EMP_ATT_ID, EMPLOYEES.EMP_FIRST_NAME, EMPLOYEES.EMP_LAST_NAME, EMPLOYEE_ATTENDANCES.EVENT_TYPE, EMPLOYEE_ATTENDANCES.DATE_TIME, EMPLOYEE_ATTENDANCES.IP_ADDR FROM EMPLOYEE_ATTENDANCES, EMPLOYEES WHERE EMPLOYEE_ATTENDANCES.EMP_ID=2 AND EMPLOYEE_ATTENDANCES.EMP_ID=EMPLOYEES.EMP_ID ORDER BY EMPLOYEE_ATTENDANCES.DATE_TIME DESC;', 'Jolie Vu', '2016-06-13 10:57:54', '::1'),
(305, 'SELECT  EM_LOG_F_ID, IP_ADDR, PASSCODE, DATE_TIME FROM EMPLOYEE_LOG_FAILURES ORDER BY DATE_TIME DESC;', 'Jolie Vu', '2016-06-13 10:57:58', '::1'),
(306, 'SELECT  EMP_ID, EMP_FIRST_NAME, EMP_LAST_NAME, EMP_BIRTHDATE, EMP_PHONE1 FROM EMPLOYEES  WHERE EMP_PASSCODE="8772";', 'system', '2016-06-13 10:58:36', '192.168.0.42'),
(307, 'INSERT INTO EMPLOYEE_LOG_IOS(EMP_ID, EVENT_TYPE, DATE_TIME, IP_ADDR) VALUES(2, "In", NOW(), "192.168.0.42");', 'Jolie Vu', '2016-06-13 10:58:36', '192.168.0.42'),
(308, 'SELECT  EMPLOYEE_LOG_IOS.EMP_LOGS_ID, EMPLOYEES.EMP_FIRST_NAME, EMPLOYEES.EMP_LAST_NAME, EMPLOYEE_LOG_IOS.EVENT_TYPE, EMPLOYEE_LOG_IOS.DATE_TIME, EMPLOYEE_LOG_IOS.IP_ADDR FROM EMPLOYEE_LOG_IOS, EMPLOYEES WHERE EMPLOYEE_LOG_IOS.EMP_ID=2 AND EMPLOYEE_LOG_IOS.EMP_ID=EMPLOYEES.EMP_ID ORDER BY EMPLOYEE_LOG_IOS.DATE_TIME DESC;', 'Jolie Vu', '2016-06-13 10:58:43', '192.168.0.42'),
(309, 'SELECT  * FROM DB_QUERY_LOGS ORDER BY DATE_TIME DESC;', 'Jolie Vu', '2016-06-13 10:59:04', '192.168.0.42'),
(310, 'SELECT  EMPLOYEE_LOG_IOS.EMP_LOGS_ID, EMPLOYEES.EMP_FIRST_NAME, EMPLOYEES.EMP_LAST_NAME, EMPLOYEE_LOG_IOS.EVENT_TYPE, EMPLOYEE_LOG_IOS.DATE_TIME, EMPLOYEE_LOG_IOS.IP_ADDR FROM EMPLOYEE_LOG_IOS, EMPLOYEES WHERE EMPLOYEE_LOG_IOS.EMP_ID=2 AND EMPLOYEE_LOG_IOS.EMP_ID=EMPLOYEES.EMP_ID ORDER BY EMPLOYEE_LOG_IOS.DATE_TIME DESC;', 'Jolie Vu', '2016-06-13 11:03:01', '192.168.0.42'),
(311, 'INSERT INTO EMPLOYEE_LOG_IOS(EMP_ID, EVENT_TYPE, DATE_TIME, IP_ADDR) VALUES(2, "Out", NOW(), "192.168.0.42");', 'Jolie Vu', '2016-06-13 11:03:09', '192.168.0.42'),
(312, 'SELECT  EMP_ID, EMP_FIRST_NAME, EMP_LAST_NAME, EMP_BIRTHDATE, EMP_PHONE1 FROM EMPLOYEES  WHERE EMP_PASSCODE="8772";', 'system', '2016-06-13 11:03:13', '192.168.0.42'),
(313, 'INSERT INTO EMPLOYEE_LOG_IOS(EMP_ID, EVENT_TYPE, DATE_TIME, IP_ADDR) VALUES(2, "In", NOW(), "192.168.0.42");', 'Jolie Vu', '2016-06-13 11:03:13', '192.168.0.42'),
(314, 'SELECT  EMPLOYEE_LOG_IOS.EMP_LOGS_ID, EMPLOYEES.EMP_FIRST_NAME, EMPLOYEES.EMP_LAST_NAME, EMPLOYEE_LOG_IOS.EVENT_TYPE, EMPLOYEE_LOG_IOS.DATE_TIME, EMPLOYEE_LOG_IOS.IP_ADDR FROM EMPLOYEE_LOG_IOS, EMPLOYEES WHERE EMPLOYEE_LOG_IOS.EMP_ID=2 AND EMPLOYEE_LOG_IOS.EMP_ID=EMPLOYEES.EMP_ID ORDER BY EMPLOYEE_LOG_IOS.DATE_TIME DESC;', 'Jolie Vu', '2016-06-13 11:03:17', '192.168.0.42'),
(315, 'INSERT INTO EMPLOYEE_LOG_IOS(EMP_ID, EVENT_TYPE, DATE_TIME, IP_ADDR) VALUES(2, "Out", NOW(), "192.168.0.42");', 'Jolie Vu', '2016-06-13 11:03:35', '192.168.0.42'),
(316, 'SELECT  EMP_ID, EMP_FIRST_NAME, EMP_LAST_NAME, EMP_BIRTHDATE, EMP_PHONE1 FROM EMPLOYEES  WHERE EMP_PASSCODE="8772";', 'system', '2016-06-13 11:03:44', '192.168.0.42'),
(317, 'INSERT INTO EMPLOYEE_LOG_IOS(EMP_ID, EVENT_TYPE, DATE_TIME, IP_ADDR) VALUES(2, "In", NOW(), "192.168.0.42");', 'Jolie Vu', '2016-06-13 11:03:44', '192.168.0.42'),
(318, 'SELECT  EMPLOYEE_LOG_IOS.EMP_LOGS_ID, EMPLOYEES.EMP_FIRST_NAME, EMPLOYEES.EMP_LAST_NAME, EMPLOYEE_LOG_IOS.EVENT_TYPE, EMPLOYEE_LOG_IOS.DATE_TIME, EMPLOYEE_LOG_IOS.IP_ADDR FROM EMPLOYEE_LOG_IOS, EMPLOYEES WHERE EMPLOYEE_LOG_IOS.EMP_ID=2 AND EMPLOYEE_LOG_IOS.EMP_ID=EMPLOYEES.EMP_ID ORDER BY EMPLOYEE_LOG_IOS.DATE_TIME DESC;', 'Jolie Vu', '2016-06-13 11:03:53', '192.168.0.42'),
(319, 'INSERT INTO EMPLOYEE_LOG_IOS(EMP_ID, EVENT_TYPE, DATE_TIME, IP_ADDR) VALUES(2, "Out", NOW(), "192.168.0.42");', 'Jolie Vu', '2016-06-13 11:06:11', '192.168.0.42'),
(320, 'SELECT  EMP_ID, EMP_FIRST_NAME, EMP_LAST_NAME, EMP_BIRTHDATE, EMP_PHONE1 FROM EMPLOYEES  WHERE EMP_PASSCODE="8772";', 'system', '2016-06-13 11:06:15', '192.168.0.42'),
(321, 'INSERT INTO EMPLOYEE_LOG_IOS(EMP_ID, EVENT_TYPE, DATE_TIME, IP_ADDR) VALUES(2, "In", NOW(), "192.168.0.42");', 'Jolie Vu', '2016-06-13 11:06:15', '192.168.0.42'),
(322, 'SELECT  EMPLOYEE_LOG_IOS.EMP_LOGS_ID, EMPLOYEES.EMP_FIRST_NAME, EMPLOYEES.EMP_LAST_NAME, EMPLOYEE_LOG_IOS.EVENT_TYPE, EMPLOYEE_LOG_IOS.DATE_TIME, EMPLOYEE_LOG_IOS.IP_ADDR FROM EMPLOYEE_LOG_IOS, EMPLOYEES WHERE EMPLOYEE_LOG_IOS.EMP_ID=2 AND EMPLOYEE_LOG_IOS.EMP_ID=EMPLOYEES.EMP_ID ORDER BY EMPLOYEE_LOG_IOS.DATE_TIME DESC;', 'Jolie Vu', '2016-06-13 11:06:17', '192.168.0.42'),
(323, 'SELECT  EMPLOYEE_LOG_IOS.EMP_LOGS_ID, EMPLOYEES.EMP_FIRST_NAME, EMPLOYEES.EMP_LAST_NAME, EMPLOYEE_LOG_IOS.EVENT_TYPE, EMPLOYEE_LOG_IOS.DATE_TIME, EMPLOYEE_LOG_IOS.IP_ADDR FROM EMPLOYEE_LOG_IOS, EMPLOYEES WHERE EMPLOYEE_LOG_IOS.EMP_ID=2 AND EMPLOYEE_LOG_IOS.EMP_ID=EMPLOYEES.EMP_ID ORDER BY EMPLOYEE_LOG_IOS.DATE_TIME DESC;', 'Jolie Vu', '2016-06-13 11:06:43', '192.168.0.42'),
(324, 'SELECT  EMPLOYEE_LOG_IOS.EMP_LOGS_ID, EMPLOYEES.EMP_FIRST_NAME, EMPLOYEES.EMP_LAST_NAME, EMPLOYEE_LOG_IOS.EVENT_TYPE, EMPLOYEE_LOG_IOS.DATE_TIME, EMPLOYEE_LOG_IOS.IP_ADDR FROM EMPLOYEE_LOG_IOS, EMPLOYEES WHERE EMPLOYEE_LOG_IOS.EMP_ID=2 AND EMPLOYEE_LOG_IOS.EMP_ID=EMPLOYEES.EMP_ID ORDER BY EMPLOYEE_LOG_IOS.DATE_TIME DESC;', 'Jolie Vu', '2016-06-13 11:06:53', '192.168.0.42'),
(325, 'SELECT  EMPLOYEE_LOG_IOS.EMP_LOGS_ID, EMPLOYEES.EMP_FIRST_NAME, EMPLOYEES.EMP_LAST_NAME, EMPLOYEE_LOG_IOS.EVENT_TYPE, EMPLOYEE_LOG_IOS.DATE_TIME, EMPLOYEE_LOG_IOS.IP_ADDR FROM EMPLOYEE_LOG_IOS, EMPLOYEES WHERE EMPLOYEE_LOG_IOS.EMP_ID=2 AND EMPLOYEE_LOG_IOS.EMP_ID=EMPLOYEES.EMP_ID ORDER BY EMPLOYEE_LOG_IOS.DATE_TIME DESC;', 'Jolie Vu', '2016-06-13 11:07:12', '192.168.0.42'),
(326, 'INSERT INTO EMPLOYEE_LOG_IOS(EMP_ID, EVENT_TYPE, DATE_TIME, IP_ADDR) VALUES(2, "Out", NOW(), "192.168.0.42");', 'Jolie Vu', '2016-06-13 11:07:48', '192.168.0.42'),
(327, 'SELECT  EMP_ID, EMP_FIRST_NAME, EMP_LAST_NAME, EMP_BIRTHDATE, EMP_PHONE1 FROM EMPLOYEES  WHERE EMP_PASSCODE="8772";', 'system', '2016-06-13 11:09:18', '192.168.0.42'),
(328, 'INSERT INTO EMPLOYEE_LOG_IOS(EMP_ID, EVENT_TYPE, DATE_TIME, IP_ADDR) VALUES(2, "In", NOW(), "192.168.0.42");', 'Jolie Vu', '2016-06-13 11:09:18', '192.168.0.42'),
(329, 'SELECT  EMPLOYEE_LOG_IOS.EMP_LOGS_ID, EMPLOYEES.EMP_FIRST_NAME, EMPLOYEES.EMP_LAST_NAME, EMPLOYEE_LOG_IOS.EVENT_TYPE, EMPLOYEE_LOG_IOS.DATE_TIME, EMPLOYEE_LOG_IOS.IP_ADDR FROM EMPLOYEE_LOG_IOS, EMPLOYEES WHERE EMPLOYEE_LOG_IOS.EMP_ID=2 AND EMPLOYEE_LOG_IOS.EMP_ID=EMPLOYEES.EMP_ID ORDER BY EMPLOYEE_LOG_IOS.DATE_TIME DESC;', 'Jolie Vu', '2016-06-13 11:09:20', '192.168.0.42'),
(330, 'SELECT  EMPLOYEE_LOG_IOS.EMP_LOGS_ID, EMPLOYEES.EMP_FIRST_NAME, EMPLOYEES.EMP_LAST_NAME, EMPLOYEE_LOG_IOS.EVENT_TYPE, EMPLOYEE_LOG_IOS.DATE_TIME, EMPLOYEE_LOG_IOS.IP_ADDR FROM EMPLOYEE_LOG_IOS, EMPLOYEES WHERE EMPLOYEE_LOG_IOS.EMP_ID=2 AND EMPLOYEE_LOG_IOS.EMP_ID=EMPLOYEES.EMP_ID ORDER BY EMPLOYEE_LOG_IOS.DATE_TIME DESC;', 'Jolie Vu', '2016-06-13 11:09:47', '192.168.0.42'),
(331, 'INSERT INTO EMPLOYEE_LOG_IOS(EMP_ID, EVENT_TYPE, DATE_TIME, IP_ADDR) VALUES(2, "Out", NOW(), "192.168.0.42");', 'Jolie Vu', '2016-06-13 11:11:44', '192.168.0.42'),
(332, 'SELECT  EMP_ID, EMP_FIRST_NAME, EMP_LAST_NAME, EMP_BIRTHDATE, EMP_PHONE1 FROM EMPLOYEES  WHERE EMP_PASSCODE="1887";', 'system', '2016-06-13 11:12:54', '192.168.0.42'),
(333, 'INSERT INTO EMPLOYEE_LOG_IOS(EMP_ID, EVENT_TYPE, DATE_TIME, IP_ADDR) VALUES(1, "In", NOW(), "192.168.0.42");', 'Raphaelle Philippe', '2016-06-13 11:12:54', '192.168.0.42'),
(334, 'SELECT  EMP_ID, EMP_FIRST_NAME, EMP_LAST_NAME, EMP_BIRTHDATE, EMP_PHONE1 FROM EMPLOYEES  WHERE EMP_PASSCODE="8772";', 'Raphaelle Philippe', '2016-06-13 11:13:53', '192.168.0.42'),
(335, 'INSERT INTO EMPLOYEE_LOG_IOS(EMP_ID, EVENT_TYPE, DATE_TIME, IP_ADDR) VALUES(2, "In", NOW(), "192.168.0.42");', 'Jolie Vu', '2016-06-13 11:13:53', '192.168.0.42'),
(336, 'SELECT  * FROM DB_QUERY_LOGS ORDER BY DATE_TIME DESC;', 'Jolie Vu', '2016-06-13 11:14:01', '192.168.0.42'),
(337, 'INSERT INTO EMPLOYEE_LOG_IOS(EMP_ID, EVENT_TYPE, DATE_TIME, IP_ADDR) VALUES(2, "Out", NOW(), "192.168.0.42");', 'Jolie Vu', '2016-06-13 11:19:37', '192.168.0.42'),
(338, 'SELECT  EMP_ID, EMP_FIRST_NAME, EMP_LAST_NAME, EMP_BIRTHDATE, EMP_PHONE1 FROM EMPLOYEES  WHERE EMP_PASSCODE="6";', 'system', '2016-06-13 11:19:40', '192.168.0.42'),
(339, 'INSERT INTO EMPLOYEE_LOG_FAILURES(IP_ADDR, PASSCODE, DATE_TIME) VALUES("192.168.0.42", "6", NOW());', 'system', '2016-06-13 11:19:40', '192.168.0.42'),
(340, 'SELECT  EMP_ID, EMP_FIRST_NAME, EMP_LAST_NAME, EMP_BIRTHDATE, EMP_PHONE1 FROM EMPLOYEES  WHERE EMP_PASSCODE="65";', 'system', '2016-06-13 11:19:43', '192.168.0.42'),
(341, 'INSERT INTO EMPLOYEE_LOG_FAILURES(IP_ADDR, PASSCODE, DATE_TIME) VALUES("192.168.0.42", "65", NOW());', 'system', '2016-06-13 11:19:43', '192.168.0.42'),
(342, 'SELECT  EMP_ID, EMP_FIRST_NAME, EMP_LAST_NAME, EMP_BIRTHDATE, EMP_PHONE1 FROM EMPLOYEES  WHERE EMP_PASSCODE="8772";', 'system', '2016-06-13 11:19:45', '192.168.0.42'),
(343, 'INSERT INTO EMPLOYEE_LOG_IOS(EMP_ID, EVENT_TYPE, DATE_TIME, IP_ADDR) VALUES(2, "In", NOW(), "192.168.0.42");', 'Jolie Vu', '2016-06-13 11:19:45', '192.168.0.42'),
(344, 'SELECT  * FROM DB_QUERY_LOGS ORDER BY DATE_TIME DESC;', 'Jolie Vu', '2016-06-13 11:20:02', '192.168.0.42'),
(345, 'INSERT INTO EMPLOYEE_ATTENDANCES(EMP_ID, EVENT_TYPE, DATE_TIME, IP_ADDR, NOTES) VALUES(2, "In", NOW(), "192.168.0.42", "");', 'Jolie Vu', '2016-06-13 11:20:20', '192.168.0.42'),
(346, 'INSERT INTO EMPLOYEE_ATTENDANCES(EMP_ID, EVENT_TYPE, DATE_TIME, IP_ADDR, NOTES) VALUES(2, "Out", NOW(), "192.168.0.42", "");', 'Jolie Vu', '2016-06-13 11:20:24', '192.168.0.42'),
(347, 'SELECT  EMPLOYEE_LOG_IOS.EMP_LOGS_ID, EMPLOYEES.EMP_FIRST_NAME, EMPLOYEES.EMP_LAST_NAME, EMPLOYEE_LOG_IOS.EVENT_TYPE, EMPLOYEE_LOG_IOS.DATE_TIME, EMPLOYEE_LOG_IOS.IP_ADDR FROM EMPLOYEE_LOG_IOS, EMPLOYEES WHERE EMPLOYEE_LOG_IOS.EMP_ID=2 AND EMPLOYEE_LOG_IOS.EMP_ID=EMPLOYEES.EMP_ID ORDER BY EMPLOYEE_LOG_IOS.DATE_TIME DESC;', 'Jolie Vu', '2016-06-13 11:20:27', '192.168.0.42'),
(348, 'SELECT  EMPLOYEE_ATTENDANCES.EMP_ATT_ID, EMPLOYEES.EMP_FIRST_NAME, EMPLOYEES.EMP_LAST_NAME, EMPLOYEE_ATTENDANCES.EVENT_TYPE, EMPLOYEE_ATTENDANCES.DATE_TIME, EMPLOYEE_ATTENDANCES.IP_ADDR FROM EMPLOYEE_ATTENDANCES, EMPLOYEES WHERE EMPLOYEE_ATTENDANCES.EMP_ID=2 AND EMPLOYEE_ATTENDANCES.EMP_ID=EMPLOYEES.EMP_ID ORDER BY EMPLOYEE_ATTENDANCES.DATE_TIME DESC;', 'Jolie Vu', '2016-06-13 11:20:34', '192.168.0.42'),
(349, 'SELECT  EMPLOYEE_ATTENDANCES.EMP_ATT_ID, EMPLOYEES.EMP_FIRST_NAME, EMPLOYEES.EMP_LAST_NAME, EMPLOYEE_ATTENDANCES.EVENT_TYPE, EMPLOYEE_ATTENDANCES.DATE_TIME, EMPLOYEE_ATTENDANCES.IP_ADDR FROM EMPLOYEE_ATTENDANCES, EMPLOYEES WHERE EMPLOYEE_ATTENDANCES.EMP_ID=2 AND EMPLOYEE_ATTENDANCES.EMP_ID=EMPLOYEES.EMP_ID ORDER BY EMPLOYEE_ATTENDANCES.DATE_TIME DESC;', 'Jolie Vu', '2016-06-13 11:21:22', '192.168.0.42'),
(350, 'SELECT  EM_LOG_F_ID, IP_ADDR, PASSCODE, DATE_TIME FROM EMPLOYEE_LOG_FAILURES ORDER BY DATE_TIME DESC;', 'Jolie Vu', '2016-06-13 11:21:37', '192.168.0.42'),
(351, 'SELECT  * FROM DB_QUERY_LOGS ORDER BY DATE_TIME DESC;', 'Jolie Vu', '2016-06-13 11:21:44', '192.168.0.42'),
(352, 'SELECT  EMPLOYEE_ATTENDANCES.EMP_ATT_ID, EMPLOYEES.EMP_FIRST_NAME, EMPLOYEES.EMP_LAST_NAME, EMPLOYEE_ATTENDANCES.EVENT_TYPE, EMPLOYEE_ATTENDANCES.DATE_TIME, EMPLOYEE_ATTENDANCES.IP_ADDR FROM EMPLOYEE_ATTENDANCES, EMPLOYEES WHERE EMPLOYEE_ATTENDANCES.EMP_ID=2 AND EMPLOYEE_ATTENDANCES.EMP_ID=EMPLOYEES.EMP_ID ORDER BY EMPLOYEE_ATTENDANCES.DATE_TIME DESC;', 'Jolie Vu', '2016-06-13 11:21:54', '192.168.0.42'),
(353, 'SELECT  EM_LOG_F_ID, IP_ADDR, PASSCODE, DATE_TIME FROM EMPLOYEE_LOG_FAILURES ORDER BY DATE_TIME DESC;', 'Jolie Vu', '2016-06-13 11:22:00', '192.168.0.42'),
(354, 'SELECT  EMPLOYEE_LOG_IOS.EMP_LOGS_ID, EMPLOYEES.EMP_FIRST_NAME, EMPLOYEES.EMP_LAST_NAME, EMPLOYEE_LOG_IOS.EVENT_TYPE, EMPLOYEE_LOG_IOS.DATE_TIME, EMPLOYEE_LOG_IOS.IP_ADDR FROM EMPLOYEE_LOG_IOS, EMPLOYEES WHERE EMPLOYEE_LOG_IOS.EMP_ID=2 AND EMPLOYEE_LOG_IOS.EMP_ID=EMPLOYEES.EMP_ID ORDER BY EMPLOYEE_LOG_IOS.DATE_TIME DESC;', 'Jolie Vu', '2016-06-13 11:22:06', '192.168.0.42'),
(355, 'SELECT  * FROM EMPLOYEES ORDER BY EMP_FIRST_NAME ASC;', 'Jolie Vu', '2016-06-13 11:22:09', '192.168.0.42'),
(356, 'SELECT  * FROM ACTIVITY_TYPES ORDER BY ACT_TYPE_ID ASC;', 'Jolie Vu', '2016-06-13 11:22:14', '192.168.0.42'),
(357, 'SELECT  * FROM ACTIVITY_SUBTYPES ORDER BY ACT_SUBTYPE_ID ASC;', 'Jolie Vu', '2016-06-13 11:22:19', '192.168.0.42'),
(358, 'SELECT  * FROM ACTIVITY_SUBTYPES ORDER BY ACT_SUBTYPE_ID ASC;', 'Jolie Vu', '2016-06-13 11:22:42', '192.168.0.42'),
(359, 'SELECT  * FROM ACTIVITY_SUBTYPES ORDER BY ACT_SUBTYPE_ID ASC;', 'Jolie Vu', '2016-06-13 11:23:07', '192.168.0.42'),
(360, 'SELECT  * FROM ACTIVITY_TYPES ORDER BY ACT_TYPE_ID ASC;', 'Jolie Vu', '2016-06-13 11:23:10', '192.168.0.42'),
(361, 'SELECT  * FROM EDUCATIONS ORDER BY EDU_ID ASC;', 'Jolie Vu', '2016-06-13 11:23:14', '192.168.0.42'),
(362, 'SELECT  * FROM POSITIONS ORDER BY POS_ID ASC;', 'Jolie Vu', '2016-06-13 11:23:18', '192.168.0.42'),
(363, 'SELECT  * FROM EMPLOYEES ORDER BY EMP_FIRST_NAME ASC;', 'Jolie Vu', '2016-06-13 11:23:21', '192.168.0.42'),
(364, 'SELECT  * FROM STUDENTS ORDER BY STU_FIRST_NAME ASC;', 'Jolie Vu', '2016-06-13 11:23:30', '192.168.0.42'),
(365, 'SELECT  * FROM ACTIVITIES ORDER BY ACT_TYPE_ID ASC , ACT_SUBTYPE_ID ASC;', 'Jolie Vu', '2016-06-13 11:23:35', '192.168.0.42'),
(366, 'SELECT  EMPLOYEE_LOG_IOS.EMP_LOGS_ID, EMPLOYEES.EMP_FIRST_NAME, EMPLOYEES.EMP_LAST_NAME, EMPLOYEE_LOG_IOS.EVENT_TYPE, EMPLOYEE_LOG_IOS.DATE_TIME, EMPLOYEE_LOG_IOS.IP_ADDR FROM EMPLOYEE_LOG_IOS, EMPLOYEES WHERE EMPLOYEE_LOG_IOS.EMP_ID=2 AND EMPLOYEE_LOG_IOS.EMP_ID=EMPLOYEES.EMP_ID ORDER BY EMPLOYEE_LOG_IOS.DATE_TIME DESC;', 'Jolie Vu', '2016-06-13 11:23:43', '192.168.0.42'),
(367, 'SELECT  EMPLOYEE_ATTENDANCES.EMP_ATT_ID, EMPLOYEES.EMP_FIRST_NAME, EMPLOYEES.EMP_LAST_NAME, EMPLOYEE_ATTENDANCES.EVENT_TYPE, EMPLOYEE_ATTENDANCES.DATE_TIME, EMPLOYEE_ATTENDANCES.IP_ADDR FROM EMPLOYEE_ATTENDANCES, EMPLOYEES WHERE EMPLOYEE_ATTENDANCES.EMP_ID=2 AND EMPLOYEE_ATTENDANCES.EMP_ID=EMPLOYEES.EMP_ID ORDER BY EMPLOYEE_ATTENDANCES.DATE_TIME DESC;', 'Jolie Vu', '2016-06-13 11:23:51', '192.168.0.42'),
(368, 'SELECT  EM_LOG_F_ID, IP_ADDR, PASSCODE, DATE_TIME FROM EMPLOYEE_LOG_FAILURES ORDER BY DATE_TIME DESC;', 'Jolie Vu', '2016-06-13 11:23:57', '192.168.0.42'),
(369, 'SELECT  * FROM DB_QUERY_LOGS ORDER BY DATE_TIME DESC;', 'Jolie Vu', '2016-06-13 11:24:03', '192.168.0.42'),
(370, 'SELECT  EM_LOG_F_ID, IP_ADDR, PASSCODE, DATE_TIME FROM EMPLOYEE_LOG_FAILURES ORDER BY DATE_TIME DESC;', 'Jolie Vu', '2016-06-13 11:24:08', '192.168.0.42'),
(371, 'INSERT INTO EMPLOYEE_LOG_IOS(EMP_ID, EVENT_TYPE, DATE_TIME, IP_ADDR) VALUES(2, "Out", NOW(), "localhost/unknown");', 'Jolie Vu', '2016-06-13 11:25:23', 'localhost/unknown'),
(372, 'SELECT  EMP_ID, EMP_FIRST_NAME, EMP_LAST_NAME, EMP_BIRTHDATE, EMP_PHONE1 FROM EMPLOYEES  WHERE EMP_PASSCODE="8772";', 'system', '2016-06-13 11:25:28', 'localhost/unknown'),
(373, 'INSERT INTO EMPLOYEE_LOG_IOS(EMP_ID, EVENT_TYPE, DATE_TIME, IP_ADDR) VALUES(2, "In", NOW(), "localhost/unknown");', 'Jolie Vu', '2016-06-13 11:25:28', 'localhost/unknown'),
(374, 'SELECT  EMPLOYEE_LOG_IOS.EMP_LOGS_ID, EMPLOYEES.EMP_FIRST_NAME, EMPLOYEES.EMP_LAST_NAME, EMPLOYEE_LOG_IOS.EVENT_TYPE, EMPLOYEE_LOG_IOS.DATE_TIME, EMPLOYEE_LOG_IOS.IP_ADDR FROM EMPLOYEE_LOG_IOS, EMPLOYEES WHERE EMPLOYEE_LOG_IOS.EMP_ID=2 AND EMPLOYEE_LOG_IOS.EMP_ID=EMPLOYEES.EMP_ID ORDER BY EMPLOYEE_LOG_IOS.DATE_TIME DESC;', 'Jolie Vu', '2016-06-13 11:25:31', 'localhost/unknown'),
(375, 'SELECT  * FROM DB_QUERY_LOGS ORDER BY DATE_TIME DESC;', 'Jolie Vu', '2016-06-13 11:26:34', '192.168.0.42'),
(376, 'SELECT  * FROM DB_QUERY_LOGS ORDER BY DATE_TIME DESC;', 'Jolie Vu', '2016-06-13 11:26:40', '192.168.0.42'),
(377, 'SELECT  EMP_ID, EMP_FIRST_NAME, EMP_LAST_NAME, EMP_BIRTHDATE, EMP_PHONE1 FROM EMPLOYEES  WHERE EMP_PASSCODE="1887";', 'system', '2016-06-13 11:26:52', 'localhost/unknown'),
(378, 'INSERT INTO EMPLOYEE_LOG_IOS(EMP_ID, EVENT_TYPE, DATE_TIME, IP_ADDR) VALUES(1, "In", NOW(), "localhost/unknown");', 'Raphaelle Philippe', '2016-06-13 11:26:52', 'localhost/unknown'),
(379, 'SELECT  * FROM DB_QUERY_LOGS ORDER BY DATE_TIME DESC;', 'Raphaelle Philippe', '2016-06-13 11:26:55', 'localhost/unknown'),
(380, 'INSERT INTO EMPLOYEE_LOG_IOS(EMP_ID, EVENT_TYPE, DATE_TIME, IP_ADDR) VALUES(1, "Out", NOW(), "localhost/unknown");', 'Raphaelle Philippe', '2016-06-13 11:28:00', 'localhost/unknown'),
(381, 'SELECT  EMP_ID, EMP_FIRST_NAME, EMP_LAST_NAME, EMP_BIRTHDATE, EMP_PHONE1 FROM EMPLOYEES  WHERE EMP_PASSCODE="8772";', 'system', '2016-06-13 11:28:05', 'localhost/unknown'),
(382, 'INSERT INTO EMPLOYEE_LOG_IOS(EMP_ID, EVENT_TYPE, DATE_TIME, IP_ADDR) VALUES(2, "In", NOW(), "localhost/unknown");', 'Jolie Vu', '2016-06-13 11:28:05', 'localhost/unknown'),
(383, 'SELECT  * FROM DB_QUERY_LOGS ORDER BY DATE_TIME DESC;', 'Jolie Vu', '2016-06-13 11:28:07', 'localhost/unknown'),
(384, 'INSERT INTO EMPLOYEE_LOG_IOS(EMP_ID, EVENT_TYPE, DATE_TIME, IP_ADDR) VALUES(2, "Out", NOW(), "localhost/unknown");', 'Jolie Vu', '2016-06-13 11:29:15', 'localhost/unknown'),
(385, 'SELECT  EMP_ID, EMP_FIRST_NAME, EMP_LAST_NAME, EMP_BIRTHDATE, EMP_PHONE1 FROM EMPLOYEES  WHERE EMP_PASSCODE="1887";', 'system', '2016-06-13 11:29:20', 'localhost/unknown'),
(386, 'INSERT INTO EMPLOYEE_LOG_IOS(EMP_ID, EVENT_TYPE, DATE_TIME, IP_ADDR) VALUES(1, "In", NOW(), "localhost/unknown");', 'Raphaelle Philippe', '2016-06-13 11:29:20', 'localhost/unknown'),
(387, 'SELECT  * FROM DB_QUERY_LOGS ORDER BY DATE_TIME DESC;', 'Raphaelle Philippe', '2016-06-13 11:29:23', 'localhost/unknown'),
(388, 'INSERT INTO EMPLOYEE_LOG_IOS(EMP_ID, EVENT_TYPE, DATE_TIME, IP_ADDR) VALUES(1, "Out", NOW(), "localhost/unknown");', 'Raphaelle Philippe', '2016-06-13 11:29:53', 'localhost/unknown');
INSERT INTO `db_query_logs` (`DB_QL_ID`, `QUERY_STR`, `USER_NAME`, `DATE_TIME`, `IP_ADDR`) VALUES
(389, 'SELECT  EMP_ID, EMP_FIRST_NAME, EMP_LAST_NAME, EMP_BIRTHDATE, EMP_PHONE1 FROM EMPLOYEES  WHERE EMP_PASSCODE="8772";', 'system', '2016-06-13 11:29:57', 'localhost/unknown'),
(390, 'INSERT INTO EMPLOYEE_LOG_IOS(EMP_ID, EVENT_TYPE, DATE_TIME, IP_ADDR) VALUES(2, "In", NOW(), "localhost/unknown");', 'Jolie Vu', '2016-06-13 11:29:57', 'localhost/unknown'),
(391, 'INSERT INTO EMPLOYEE_LOG_IOS(EMP_ID, EVENT_TYPE, DATE_TIME, IP_ADDR) VALUES(2, "Out", NOW(), "localhost/unknown");', 'Jolie Vu', '2016-06-13 11:30:13', 'localhost/unknown'),
(392, 'SELECT  EMP_ID, EMP_FIRST_NAME, EMP_LAST_NAME, EMP_BIRTHDATE, EMP_PHONE1 FROM EMPLOYEES  WHERE EMP_PASSCODE="655";', 'system', '2016-06-13 11:30:15', 'localhost/unknown'),
(393, 'INSERT INTO EMPLOYEE_LOG_FAILURES(IP_ADDR, PASSCODE, DATE_TIME) VALUES("localhost/unknown", "655", NOW());', 'system', '2016-06-13 11:30:15', 'localhost/unknown'),
(394, 'SELECT  EMP_ID, EMP_FIRST_NAME, EMP_LAST_NAME, EMP_BIRTHDATE, EMP_PHONE1 FROM EMPLOYEES  WHERE EMP_PASSCODE="96589";', 'system', '2016-06-13 11:30:17', 'localhost/unknown'),
(395, 'INSERT INTO EMPLOYEE_LOG_FAILURES(IP_ADDR, PASSCODE, DATE_TIME) VALUES("localhost/unknown", "96589", NOW());', 'system', '2016-06-13 11:30:17', 'localhost/unknown'),
(396, 'SELECT  EMP_ID, EMP_FIRST_NAME, EMP_LAST_NAME, EMP_BIRTHDATE, EMP_PHONE1 FROM EMPLOYEES  WHERE EMP_PASSCODE="8772";', 'system', '2016-06-13 11:30:20', 'localhost/unknown'),
(397, 'INSERT INTO EMPLOYEE_LOG_IOS(EMP_ID, EVENT_TYPE, DATE_TIME, IP_ADDR) VALUES(2, "In", NOW(), "localhost/unknown");', 'Jolie Vu', '2016-06-13 11:30:20', 'localhost/unknown'),
(398, 'SELECT  EM_LOG_F_ID, IP_ADDR, PASSCODE, DATE_TIME FROM EMPLOYEE_LOG_FAILURES ORDER BY DATE_TIME DESC;', 'Jolie Vu', '2016-06-13 11:30:23', 'localhost/unknown'),
(399, 'SELECT  EM_LOG_F_ID, IP_ADDR, PASSCODE, DATE_TIME FROM EMPLOYEE_LOG_FAILURES ORDER BY DATE_TIME DESC;', 'Jolie Vu', '2016-06-13 11:30:46', '192.168.0.42'),
(400, 'INSERT INTO EMPLOYEE_LOG_IOS(EMP_ID, EVENT_TYPE, DATE_TIME, IP_ADDR) VALUES(2, "Out", NOW(), "192.168.0.42");', 'Jolie Vu', '2016-06-13 11:30:51', '192.168.0.42'),
(401, 'SELECT  EMP_ID, EMP_FIRST_NAME, EMP_LAST_NAME, EMP_BIRTHDATE, EMP_PHONE1 FROM EMPLOYEES  WHERE EMP_PASSCODE="8772";', 'system', '2016-06-13 11:30:54', '192.168.0.42'),
(402, 'INSERT INTO EMPLOYEE_LOG_IOS(EMP_ID, EVENT_TYPE, DATE_TIME, IP_ADDR) VALUES(2, "In", NOW(), "192.168.0.42");', 'Jolie Vu', '2016-06-13 11:30:55', '192.168.0.42'),
(403, 'SELECT  * FROM DB_QUERY_LOGS ORDER BY DATE_TIME DESC;', 'Jolie Vu', '2016-06-13 11:30:57', '192.168.0.42'),
(404, 'SELECT  * FROM DB_QUERY_LOGS ORDER BY DATE_TIME DESC;', 'Jolie Vu', '2016-06-13 11:31:42', '192.168.0.42');

-- --------------------------------------------------------

--
-- Table structure for table `educations`
--

CREATE TABLE `educations` (
  `EDU_ID` int(11) NOT NULL,
  `EDU_DEGREE` varchar(50) NOT NULL
) ENGINE=InnoDB DEFAULT CHARSET=latin1;

--
-- Dumping data for table `educations`
--

INSERT INTO `educations` (`EDU_ID`, `EDU_DEGREE`) VALUES
(1, 'No Degree'),
(2, '3-month Attestation of Collegial Studies'),
(3, '6-month Attestation of Collegial Studies'),
(4, '1-year Attestation of Collegial Studies'),
(5, '3-year College'),
(6, '4-year University'),
(7, 'Master of Arts'),
(8, 'Doctor of Philosophy');

-- --------------------------------------------------------

--
-- Table structure for table `employees`
--

CREATE TABLE `employees` (
  `EMP_ID` int(11) NOT NULL,
  `EMP_FIRST_NAME` varchar(50) NOT NULL,
  `EMP_LAST_NAME` varchar(25) NOT NULL,
  `EMP_BIRTHDATE` date NOT NULL,
  `EMP_SEX` varchar(1) NOT NULL,
  `EMP_ADDRESS` varchar(50) NOT NULL,
  `EMP_CITY` varchar(20) NOT NULL,
  `EMP_PROVINCE` varchar(20) NOT NULL,
  `EMP_POSTAL_CODE` varchar(10) NOT NULL,
  `EMP_COUNTRY` varchar(20) NOT NULL,
  `EMP_PHONE1` varchar(15) NOT NULL,
  `EMP_PHONE2` varchar(15) DEFAULT NULL,
  `EMP_EMAIL` varchar(50) NOT NULL,
  `EMP_HIRE_DATE` date NOT NULL,
  `EMP_END_DATE` date NOT NULL,
  `EMP_EDU_ID` int(11) NOT NULL,
  `EDU_DAYCARE_EXPERIENCE` tinyint(11) NOT NULL,
  `EDU_MONTESSORI_EXPERIENCE` tinyint(11) NOT NULL,
  `EMP_POST_ID1` int(11) NOT NULL,
  `EMP_POST_ID2` int(11) DEFAULT NULL,
  `EMP_BOSS_ID` int(11) DEFAULT NULL,
  `EMP_HOURLY_RATE` float NOT NULL,
  `EMP_PASSCODE` varchar(10) NOT NULL,
  `EMP_NOTES` text
) ENGINE=InnoDB DEFAULT CHARSET=latin1;

--
-- Dumping data for table `employees`
--

INSERT INTO `employees` (`EMP_ID`, `EMP_FIRST_NAME`, `EMP_LAST_NAME`, `EMP_BIRTHDATE`, `EMP_SEX`, `EMP_ADDRESS`, `EMP_CITY`, `EMP_PROVINCE`, `EMP_POSTAL_CODE`, `EMP_COUNTRY`, `EMP_PHONE1`, `EMP_PHONE2`, `EMP_EMAIL`, `EMP_HIRE_DATE`, `EMP_END_DATE`, `EMP_EDU_ID`, `EDU_DAYCARE_EXPERIENCE`, `EDU_MONTESSORI_EXPERIENCE`, `EMP_POST_ID1`, `EMP_POST_ID2`, `EMP_BOSS_ID`, `EMP_HOURLY_RATE`, `EMP_PASSCODE`, `EMP_NOTES`) VALUES
(1, 'Raphaelle', 'Philippe', '1973-06-08', 'F', '1887 Ch. du Tremblay #100', 'Longueuil', 'QC', 'J4N 1A4', 'Canada', ' 450-332-7255', NULL, 'raphaelle.philippe@gmail.com', '2009-06-19', '0000-00-00', 6, 7, 7, 1, 3, NULL, 35.75, '1887', 'The owner of the school'),
(2, 'Jolie', 'Vu', '1982-10-10', 'F', '7381 Av. Rehaume', 'Montreal', 'QC', 'H1K 2S6 ', 'Canada', '514-649-6731', NULL, 'jolie.vu@yahoo.com', '2013-07-04', '0000-00-00', 4, 5, 5, 4, NULL, 1, 15.5, '8772', NULL);

-- --------------------------------------------------------

--
-- Table structure for table `employee_attendances`
--

CREATE TABLE `employee_attendances` (
  `EMP_ATT_ID` int(11) NOT NULL,
  `EMP_ID` int(11) NOT NULL,
  `EVENT_TYPE` varchar(5) NOT NULL,
  `DATE_TIME` datetime NOT NULL,
  `IP_ADDR` varchar(50) NOT NULL,
  `NOTES` text NOT NULL
) ENGINE=InnoDB DEFAULT CHARSET=latin1;

--
-- Dumping data for table `employee_attendances`
--

INSERT INTO `employee_attendances` (`EMP_ATT_ID`, `EMP_ID`, `EVENT_TYPE`, `DATE_TIME`, `IP_ADDR`, `NOTES`) VALUES
(1, 2, 'In', '2016-06-09 21:19:27', '::1', ''),
(2, 2, 'In', '2016-06-09 21:21:06', '::1', ''),
(3, 1, 'In', '2016-06-09 21:21:27', '10.1.31.65', ''),
(4, 2, 'In', '2016-06-09 21:23:08', '::1', ''),
(5, 2, 'Out', '2016-06-09 21:33:13', '::1', ''),
(6, 1, 'In', '2016-06-09 21:33:35', '10.1.31.65', ''),
(7, 1, 'Out', '2016-06-09 21:33:36', '10.1.31.65', ''),
(8, 1, 'In', '2016-06-09 21:33:38', '10.1.31.65', ''),
(9, 1, 'Out', '2016-06-09 21:33:38', '10.1.31.65', ''),
(10, 1, 'In', '2016-06-09 21:33:39', '10.1.31.65', ''),
(11, 1, 'Out', '2016-06-09 21:33:39', '10.1.31.65', ''),
(12, 2, 'In', '2016-06-10 10:03:54', '::1', ''),
(13, 1, 'In', '2016-06-10 11:06:05', '::1', ''),
(14, 1, 'Out', '2016-06-10 11:09:55', '::1', ''),
(15, 2, 'In', '2016-06-10 11:56:29', '::1', ''),
(16, 2, 'In', '2016-06-10 11:56:58', '::1', ''),
(17, 2, 'In', '2016-06-10 11:58:39', '::1', ''),
(18, 2, 'In', '2016-06-10 12:00:09', '::1', ''),
(19, 2, 'In', '2016-06-10 12:02:51', '::1', ''),
(20, 2, 'In', '2016-06-10 12:03:20', '::1', ''),
(21, 2, 'Out', '2016-06-10 12:14:25', '::1', ''),
(22, 2, 'In', '2016-06-10 12:18:54', '::1', ''),
(23, 2, 'Out', '2016-06-10 12:18:57', '::1', ''),
(24, 2, 'In', '2016-06-10 12:26:39', '::1', ''),
(25, 2, 'In', '2016-06-10 12:27:11', '::1', ''),
(26, 2, 'In', '2016-06-10 12:27:56', '::1', ''),
(27, 2, 'Out', '2016-06-10 12:28:01', '::1', ''),
(28, 2, 'Out', '2016-06-10 12:28:27', '::1', ''),
(29, 2, 'In', '2016-06-10 12:41:46', '::1', ''),
(30, 2, 'In', '2016-06-10 12:42:20', '::1', ''),
(31, 2, 'Out', '2016-06-10 12:42:26', '::1', ''),
(32, 2, 'In', '2016-06-10 12:50:27', '::1', ''),
(33, 2, 'Out', '2016-06-10 12:50:38', '::1', ''),
(34, 2, 'In', '2016-06-10 13:04:58', '::1', ''),
(35, 2, 'In', '2016-06-10 13:06:57', '::1', ''),
(36, 2, 'In', '2016-06-10 13:12:38', '::1', ''),
(37, 2, 'In', '2016-06-10 13:16:12', '::1', ''),
(38, 2, 'In', '2016-06-10 13:16:59', '::1', ''),
(39, 2, 'Out', '2016-06-10 13:19:35', '::1', ''),
(40, 2, 'In', '2016-06-10 13:35:26', '::1', ''),
(41, 2, 'Out', '2016-06-10 13:35:31', '::1', ''),
(42, 2, 'Out', '2016-06-10 13:37:13', '::1', ''),
(43, 1, 'In', '2016-06-10 13:39:52', '::1', ''),
(44, 1, 'Out', '2016-06-10 13:39:55', '::1', ''),
(45, 2, 'In', '2016-06-10 17:25:05', '::1', ''),
(46, 2, 'Out', '2016-06-10 17:25:19', '::1', ''),
(47, 2, 'In', '2016-06-10 17:45:01', '::1', ''),
(48, 2, 'Out', '2016-06-10 17:46:06', '::1', ''),
(49, 2, 'In', '2016-06-10 17:51:40', '::1', ''),
(50, 2, 'Out', '2016-06-10 17:51:44', '::1', ''),
(51, 2, 'In', '2016-06-10 17:56:01', '::1', ''),
(52, 2, 'Out', '2016-06-10 17:56:14', '::1', ''),
(53, 1, 'In', '2016-06-10 18:22:42', '::1', ''),
(54, 2, 'In', '2016-06-10 22:45:30', '192.168.1.68', ''),
(55, 2, 'Out', '2016-06-10 22:46:06', '192.168.1.68', ''),
(56, 2, 'In', '2016-06-10 22:48:50', '192.168.1.68', ''),
(57, 2, 'In', '2016-06-10 22:49:04', '192.168.1.68', ''),
(58, 2, 'In', '2016-06-10 23:17:14', '192.168.1.69', ''),
(59, 2, 'Out', '2016-06-10 23:17:19', '192.168.1.69', ''),
(60, 1, 'In', '2016-06-10 23:19:55', '192.168.1.69', ''),
(61, 2, 'In', '2016-06-10 23:25:18', '192.168.1.68', ''),
(62, 1, 'In', '2016-06-13 10:26:27', '::1', ''),
(63, 2, 'In', '2016-06-13 11:20:20', '192.168.0.42', ''),
(64, 2, 'Out', '2016-06-13 11:20:24', '192.168.0.42', '');

-- --------------------------------------------------------

--
-- Table structure for table `employee_log_failures`
--

CREATE TABLE `employee_log_failures` (
  `EM_LOG_F_ID` int(11) NOT NULL,
  `IP_ADDR` varchar(50) NOT NULL,
  `PASSCODE` varchar(50) NOT NULL,
  `DATE_TIME` datetime NOT NULL
) ENGINE=InnoDB DEFAULT CHARSET=latin1;

--
-- Dumping data for table `employee_log_failures`
--

INSERT INTO `employee_log_failures` (`EM_LOG_F_ID`, `IP_ADDR`, `PASSCODE`, `DATE_TIME`) VALUES
(41, '::1', '11', '2016-06-10 12:37:36'),
(42, '::1', '12', '2016-06-10 12:37:46'),
(43, '::1', '13', '2016-06-10 12:37:54'),
(44, '::1', '14', '2016-06-10 12:38:05'),
(45, '::1', '15', '2016-06-10 12:38:13'),
(46, '::1', '16', '2016-06-10 12:39:08'),
(47, '::1', '17', '2016-06-10 12:39:11'),
(48, '::1', '18', '2016-06-10 12:39:13'),
(49, '::1', '19', '2016-06-10 12:39:15'),
(50, '::1', '20', '2016-06-10 12:39:17'),
(51, '::1', '21', '2016-06-10 12:39:20'),
(52, '::1', '22', '2016-06-10 12:39:22'),
(53, '::1', '23', '2016-06-10 12:39:25'),
(54, '::1', '78', '2016-06-10 12:40:42'),
(55, '::1', '12', '2016-06-10 12:43:26'),
(56, '::1', '25', '2016-06-10 12:44:54'),
(57, '::1', '12', '2016-06-10 12:45:09'),
(58, '::1', '', '2016-06-10 12:45:12'),
(59, '::1', '62', '2016-06-10 12:45:16'),
(60, '::1', '32', '2016-06-10 12:45:18'),
(61, '::1', '21', '2016-06-10 12:45:34'),
(62, '::1', '65', '2016-06-10 12:45:37'),
(63, '::1', '98', '2016-06-10 12:45:38'),
(64, '::1', '80', '2016-06-10 12:45:41'),
(65, '::1', '45', '2016-06-10 12:45:43'),
(66, '::1', '39', '2016-06-10 12:45:47'),
(67, '::1', '78', '2016-06-10 12:45:50'),
(68, '::1', '08', '2016-06-10 12:45:52'),
(69, '::1', '5880', '2016-06-10 12:45:54'),
(70, '::1', '21', '2016-06-10 12:46:14'),
(71, '::1', '25', '2016-06-10 12:47:42'),
(72, '::1', '12', '2016-06-10 12:49:26'),
(73, '::1', '12', '2016-06-10 12:50:04'),
(74, '::1', '45', '2016-06-10 13:18:29'),
(75, '::1', '632', '2016-06-10 13:19:12'),
(76, '::1', '65', '2016-06-10 13:24:54'),
(77, '::1', '21', '2016-06-10 13:35:05'),
(78, '::1', '985', '2016-06-10 13:35:08'),
(79, '::1', '123456', '2016-06-10 14:11:06'),
(80, '::1', '5623', '2016-06-10 17:51:17'),
(81, '::1', '3254', '2016-06-10 17:51:26'),
(82, '192.168.1.68', '569', '2016-06-10 22:22:25'),
(83, '192.168.1.68', '6598', '2016-06-10 22:40:29'),
(84, '192.168.1.68', '25896554', '2016-06-10 22:45:03'),
(85, '192.168.1.68', '562566', '2016-06-10 22:45:07'),
(86, '192.168.1.68', '5365125', '2016-06-10 22:48:30'),
(87, '192.168.1.68', '1872', '2016-06-10 22:49:27'),
(88, '::1', '78', '2016-06-13 10:55:31'),
(89, '::1', '', '2016-06-13 10:55:31'),
(90, '192.168.0.42', '6', '2016-06-13 11:19:40'),
(91, '192.168.0.42', '65', '2016-06-13 11:19:43'),
(92, 'localhost/unknown', '655', '2016-06-13 11:30:15'),
(93, 'localhost/unknown', '96589', '2016-06-13 11:30:17');

-- --------------------------------------------------------

--
-- Table structure for table `employee_log_ios`
--

CREATE TABLE `employee_log_ios` (
  `EMP_LOGS_ID` int(11) NOT NULL,
  `EMP_ID` int(11) NOT NULL,
  `EVENT_TYPE` varchar(3) NOT NULL,
  `DATE_TIME` datetime NOT NULL,
  `IP_ADDR` varchar(50) NOT NULL
) ENGINE=InnoDB DEFAULT CHARSET=latin1;

--
-- Dumping data for table `employee_log_ios`
--

INSERT INTO `employee_log_ios` (`EMP_LOGS_ID`, `EMP_ID`, `EVENT_TYPE`, `DATE_TIME`, `IP_ADDR`) VALUES
(1, 1, 'In', '2016-06-01 07:00:00', ''),
(2, 1, 'Out', '2016-06-01 07:15:00', ''),
(3, 1, 'In', '2016-06-01 09:17:00', ''),
(4, 1, 'Out', '2016-06-01 09:49:00', ''),
(5, 2, 'In', '2016-06-01 08:30:00', ''),
(6, 2, 'Out', '2016-06-01 08:31:00', ''),
(7, 2, 'In', '2016-06-01 14:23:15', ''),
(8, 2, 'Out', '2016-06-01 14:31:45', ''),
(9, 2, 'In', '2016-06-09 19:32:55', ''),
(10, 1, 'In', '2016-06-09 19:33:54', ''),
(11, 2, 'In', '2016-06-09 19:42:32', ''),
(12, 2, 'Out', '2016-06-09 19:42:39', ''),
(13, 2, 'In', '2016-06-09 19:42:52', ''),
(14, 2, 'Out', '2016-06-09 19:45:54', ''),
(15, 1, 'In', '2016-06-09 19:45:59', ''),
(16, 1, 'Out', '2016-06-09 19:46:10', ''),
(17, 1, 'In', '2016-06-09 19:46:14', ''),
(18, 1, 'Out', '2016-06-09 19:46:21', ''),
(19, 2, 'In', '2016-06-09 19:46:25', ''),
(20, 2, 'Out', '2016-06-09 19:46:31', ''),
(21, 2, 'In', '2016-06-09 20:06:34', ''),
(22, 2, 'Out', '2016-06-09 20:07:40', ''),
(23, 2, 'In', '2016-06-09 20:07:44', ''),
(24, 1, 'In', '2016-06-09 20:08:19', ''),
(25, 1, 'Out', '2016-06-09 20:10:15', ''),
(26, 2, 'Out', '2016-06-09 20:12:29', ''),
(27, 2, 'In', '2016-06-09 20:20:47', ''),
(28, 2, 'Out', '2016-06-09 20:25:47', '::1'),
(29, 2, 'In', '2016-06-09 20:25:51', '::1'),
(30, 2, 'Out', '2016-06-09 20:27:45', '::1'),
(31, 2, 'In', '2016-06-09 20:27:59', '::1'),
(32, 2, 'Out', '2016-06-09 20:33:46', '::1'),
(33, 1, 'In', '2016-06-09 20:33:56', '::1'),
(34, 1, 'In', '2016-06-09 20:34:56', '::1'),
(35, 1, 'Out', '2016-06-09 20:35:46', '::1'),
(36, 1, 'In', '2016-06-09 20:35:50', '::1'),
(37, 2, 'Out', '2016-06-09 20:37:07', '10.1.31.65'),
(38, 1, 'In', '2016-06-09 20:37:23', '10.1.31.65'),
(39, 1, 'Out', '2016-06-09 20:38:19', '::1'),
(40, 1, 'In', '2016-06-09 20:38:25', '::1'),
(41, 1, 'Out', '2016-06-09 20:38:40', '10.1.31.65'),
(42, 1, 'Out', '2016-06-09 20:42:07', '::1'),
(43, 1, 'In', '2016-06-09 20:42:10', '::1'),
(44, 1, 'Out', '2016-06-09 20:42:12', '::1'),
(45, 1, 'In', '2016-06-09 20:42:15', '::1'),
(46, 1, 'Out', '2016-06-09 20:42:56', '::1'),
(47, 2, 'In', '2016-06-09 20:43:16', '::1'),
(48, 2, 'Out', '2016-06-09 21:15:35', '::1'),
(49, 2, 'In', '2016-06-09 21:15:39', '::1'),
(50, 2, 'In', '2016-06-09 21:16:12', '::1'),
(51, 2, 'Out', '2016-06-09 21:16:50', '::1'),
(52, 2, 'In', '2016-06-09 21:17:21', '::1'),
(53, 2, 'Out', '2016-06-09 21:18:13', '::1'),
(54, 2, 'In', '2016-06-09 21:18:15', '::1'),
(55, 2, 'Out', '2016-06-09 21:18:54', '::1'),
(56, 2, 'In', '2016-06-09 21:18:57', '::1'),
(57, 1, 'In', '2016-06-09 21:21:24', '10.1.31.65'),
(58, 2, 'Out', '2016-06-09 21:23:53', '::1'),
(59, 2, 'In', '2016-06-09 21:23:57', '::1'),
(60, 1, 'Out', '2016-06-09 21:35:52', '10.1.31.65'),
(61, 2, 'In', '2016-06-10 10:03:20', '::1'),
(62, 2, 'In', '2016-06-10 10:34:25', '::1'),
(63, 2, 'Out', '2016-06-10 10:34:34', '::1'),
(64, 1, 'In', '2016-06-10 10:37:07', '::1'),
(65, 2, 'In', '2016-06-10 11:33:40', '::1'),
(66, 2, 'Out', '2016-06-10 11:44:03', '::1'),
(67, 2, 'In', '2016-06-10 11:44:07', '::1'),
(68, 2, 'In', '2016-06-10 12:00:07', '::1'),
(69, 2, 'Out', '2016-06-10 12:29:45', '::1'),
(70, 2, 'In', '2016-06-10 12:40:45', '::1'),
(71, 2, 'Out', '2016-06-10 12:43:26', '::1'),
(72, 2, 'In', '2016-06-10 12:50:20', '::1'),
(73, 2, 'Out', '2016-06-10 13:18:08', '::1'),
(74, 2, 'In', '2016-06-10 13:19:19', '::1'),
(75, 2, 'Out', '2016-06-10 13:21:19', '::1'),
(76, 2, 'In', '2016-06-10 13:21:29', '::1'),
(77, 2, 'Out', '2016-06-10 13:21:33', '::1'),
(78, 2, 'In', '2016-06-10 13:21:52', '::1'),
(79, 2, 'Out', '2016-06-10 13:22:24', '::1'),
(80, 1, 'In', '2016-06-10 13:22:44', '::1'),
(81, 1, 'Out', '2016-06-10 13:22:47', '::1'),
(82, 2, 'In', '2016-06-10 13:22:56', '::1'),
(83, 2, 'Out', '2016-06-10 13:24:51', '::1'),
(84, 2, 'In', '2016-06-10 13:25:05', '::1'),
(85, 2, 'Out', '2016-06-10 13:26:14', '::1'),
(86, 1, 'In', '2016-06-10 13:33:48', '::1'),
(87, 1, 'Out', '2016-06-10 13:35:05', '::1'),
(88, 2, 'In', '2016-06-10 13:35:16', '::1'),
(89, 2, 'Out', '2016-06-10 13:36:39', '::1'),
(90, 2, 'In', '2016-06-10 13:37:11', '::1'),
(91, 2, 'In', '2016-06-10 13:39:44', '::1'),
(92, 1, 'In', '2016-06-10 13:39:49', '::1'),
(93, 1, 'Out', '2016-06-10 14:11:01', '::1'),
(94, 2, 'In', '2016-06-10 14:11:09', '::1'),
(95, 2, 'Out', '2016-06-10 17:48:23', '::1'),
(96, 2, 'In', '2016-06-10 17:48:30', '::1'),
(97, 2, 'Out', '2016-06-10 17:50:23', '::1'),
(98, 1, 'In', '2016-06-10 17:50:30', '::1'),
(99, 1, 'Out', '2016-06-10 17:51:12', '::1'),
(100, 2, 'In', '2016-06-10 17:51:36', '::1'),
(101, 2, 'Out', '2016-06-10 18:20:16', '::1'),
(102, 2, 'In', '2016-06-10 18:21:48', '::1'),
(103, 2, 'Out', '2016-06-10 18:22:07', '::1'),
(104, 1, 'In', '2016-06-10 18:22:13', '::1'),
(105, 2, 'In', '2016-06-10 21:54:20', '::1'),
(106, 2, 'Out', '2016-06-10 21:55:52', '::1'),
(107, 2, 'In', '2016-06-10 21:55:58', '::1'),
(108, 2, 'Out', '2016-06-10 22:10:39', '::1'),
(109, 1, 'In', '2016-06-10 22:10:49', '::1'),
(110, 1, 'Out', '2016-06-10 22:21:45', '::1'),
(111, 1, 'In', '2016-06-10 22:21:49', '::1'),
(112, 2, 'In', '2016-06-10 22:22:29', '192.168.1.68'),
(113, 2, 'Out', '2016-06-10 22:40:26', '192.168.1.68'),
(114, 1, 'In', '2016-06-10 22:40:34', '192.168.1.68'),
(115, 1, 'Out', '2016-06-10 22:44:53', '192.168.1.68'),
(116, 2, 'In', '2016-06-10 22:45:16', '192.168.1.68'),
(117, 2, 'Out', '2016-06-10 22:47:25', '192.168.1.68'),
(118, 1, 'In', '2016-06-10 22:47:38', '192.168.1.68'),
(119, 1, 'Out', '2016-06-10 22:48:16', '192.168.1.68'),
(120, 2, 'In', '2016-06-10 22:48:38', '192.168.1.68'),
(121, 2, 'Out', '2016-06-10 22:48:56', '192.168.1.68'),
(122, 2, 'In', '2016-06-10 22:49:02', '192.168.1.68'),
(123, 2, 'Out', '2016-06-10 22:49:08', '192.168.1.68'),
(124, 1, 'In', '2016-06-10 22:49:34', '192.168.1.68'),
(125, 2, 'In', '2016-06-10 22:50:43', '192.168.1.68'),
(126, 2, 'Out', '2016-06-10 23:14:23', '192.168.1.68'),
(127, 2, 'In', '2016-06-10 23:14:27', '192.168.1.68'),
(128, 2, 'In', '2016-06-10 23:15:46', '192.168.1.69'),
(129, 2, 'Out', '2016-06-10 23:18:19', '192.168.1.69'),
(130, 1, 'In', '2016-06-10 23:18:49', '192.168.1.69'),
(131, 1, 'Out', '2016-06-10 23:19:22', '192.168.1.69'),
(132, 1, 'In', '2016-06-10 23:19:44', '192.168.1.69'),
(133, 1, 'Out', '2016-06-10 23:22:04', '192.168.1.69'),
(134, 2, 'In', '2016-06-10 23:22:39', '192.168.1.69'),
(135, 2, 'Out', '2016-06-13 09:26:39', '::1'),
(136, 1, 'In', '2016-06-13 09:26:45', '::1'),
(137, 1, 'Out', '2016-06-13 10:29:40', '::1'),
(138, 2, 'In', '2016-06-13 10:29:46', '::1'),
(139, 1, 'In', '2016-06-13 10:55:35', '::1'),
(140, 2, 'In', '2016-06-13 10:57:41', '::1'),
(141, 2, 'In', '2016-06-13 10:58:36', '192.168.0.42'),
(142, 2, 'Out', '2016-06-13 11:03:09', '192.168.0.42'),
(143, 2, 'In', '2016-06-13 11:03:13', '192.168.0.42'),
(144, 2, 'Out', '2016-06-13 11:03:35', '192.168.0.42'),
(145, 2, 'In', '2016-06-13 11:03:44', '192.168.0.42'),
(146, 2, 'Out', '2016-06-13 11:06:11', '192.168.0.42'),
(147, 2, 'In', '2016-06-13 11:06:15', '192.168.0.42'),
(148, 2, 'Out', '2016-06-13 11:07:48', '192.168.0.42'),
(149, 2, 'In', '2016-06-13 11:09:18', '192.168.0.42'),
(150, 2, 'Out', '2016-06-13 11:11:44', '192.168.0.42'),
(151, 1, 'In', '2016-06-13 11:12:54', '192.168.0.42'),
(152, 2, 'In', '2016-06-13 11:13:54', '192.168.0.42'),
(153, 2, 'Out', '2016-06-13 11:19:37', '192.168.0.42'),
(154, 2, 'In', '2016-06-13 11:19:46', '192.168.0.42'),
(155, 2, 'Out', '2016-06-13 11:25:23', 'localhost/unknown'),
(156, 2, 'In', '2016-06-13 11:25:28', 'localhost/unknown'),
(157, 1, 'In', '2016-06-13 11:26:52', 'localhost/unknown'),
(158, 1, 'Out', '2016-06-13 11:28:00', 'localhost/unknown'),
(159, 2, 'In', '2016-06-13 11:28:05', 'localhost/unknown'),
(160, 2, 'Out', '2016-06-13 11:29:15', 'localhost/unknown'),
(161, 1, 'In', '2016-06-13 11:29:20', 'localhost/unknown'),
(162, 1, 'Out', '2016-06-13 11:29:53', 'localhost/unknown'),
(163, 2, 'In', '2016-06-13 11:29:57', 'localhost/unknown'),
(164, 2, 'Out', '2016-06-13 11:30:13', 'localhost/unknown'),
(165, 2, 'In', '2016-06-13 11:30:20', 'localhost/unknown'),
(166, 2, 'Out', '2016-06-13 11:30:51', '192.168.0.42'),
(167, 2, 'In', '2016-06-13 11:30:55', '192.168.0.42');

-- --------------------------------------------------------

--
-- Table structure for table `positions`
--

CREATE TABLE `positions` (
  `POS_ID` int(11) NOT NULL,
  `POS_NAME` varchar(50) NOT NULL,
  `POS_DESCR` text NOT NULL,
  `POS_NOTES` text NOT NULL
) ENGINE=InnoDB DEFAULT CHARSET=latin1;

--
-- Dumping data for table `positions`
--

INSERT INTO `positions` (`POS_ID`, `POS_NAME`, `POS_DESCR`, `POS_NOTES`) VALUES
(1, 'Director/Directress', '', ''),
(2, 'Manager', '', ''),
(3, 'Educator/Educatress', '', ''),
(4, 'Assistance Educator/Educatress', '', ''),
(5, 'General Assisstance', '', ''),
(6, 'Casual Worker', '', ''),
(7, 'System Admin', '', ''),
(8, 'Super User', '', '');

-- --------------------------------------------------------

--
-- Table structure for table `students`
--

CREATE TABLE `students` (
  `STU_ID` int(11) NOT NULL,
  `STU_FIRST_NAME` varchar(50) NOT NULL,
  `STU_LAST_NAME` varchar(25) NOT NULL,
  `STU_BIRTHDATE` date NOT NULL,
  `STU_SEX` varchar(1) NOT NULL,
  `STU_START_DATE` date NOT NULL,
  `STU_GRAD_DATE` date NOT NULL,
  `STU_DAILY_FEE` float NOT NULL,
  `STU_CREDENTIAL` varchar(10) NOT NULL,
  `STU_NOTES` text NOT NULL
) ENGINE=InnoDB DEFAULT CHARSET=latin1;

--
-- Dumping data for table `students`
--

INSERT INTO `students` (`STU_ID`, `STU_FIRST_NAME`, `STU_LAST_NAME`, `STU_BIRTHDATE`, `STU_SEX`, `STU_START_DATE`, `STU_GRAD_DATE`, `STU_DAILY_FEE`, `STU_CREDENTIAL`, `STU_NOTES`) VALUES
(1, 'Aiden', '	Tremblay', '2011-04-07', 'M', '0000-00-00', '0000-00-00', 0, '', ''),
(2, 'Emma', 'Smith', '2013-06-24', 'F', '0000-00-00', '0000-00-00', 0, '', ''),
(3, 'Jackson', 'Lam', '2013-09-20', 'M', '0000-00-00', '0000-00-00', 0, '', ''),
(4, 'Sophia', 'Martin', '2014-01-10', 'F', '0000-00-00', '0000-00-00', 0, '', ''),
(5, 'Ethan', 'Brown', '2011-11-19', 'M', '0000-00-00', '0000-00-00', 0, '', ''),
(6, 'Olivia', 'Roy', '2012-09-21', 'F', '0000-00-00', '0000-00-00', 0, '', ''),
(7, 'Liam', 'Gagnon', '2013-11-21', 'M', '0000-00-00', '0000-00-00', 0, '', ''),
(8, 'Isabella', 'Li', '2014-12-24', 'F', '0000-00-00', '0000-00-00', 0, '', ''),
(9, 'Mason', 'Wilson', '2014-03-14', 'M', '0000-00-00', '0000-00-00', 0, '', ''),
(10, 'Ava', 'Miller', '2011-07-13', 'F', '0000-00-00', '0000-00-00', 0, '', '');

-- --------------------------------------------------------

--
-- Table structure for table `student_activity_educator`
--

CREATE TABLE `student_activity_educator` (
  `STU_ACT_EDR_ID` int(11) NOT NULL,
  `STU_ID` int(11) NOT NULL,
  `ACT_ID` int(11) NOT NULL,
  `EDR_ID` int(11) NOT NULL,
  `DATE` date NOT NULL,
  `DURATION_MINS` smallint(6) NOT NULL,
  `COMPLETENESS_PCT` smallint(6) NOT NULL,
  `EVALUATION` smallint(6) NOT NULL
) ENGINE=InnoDB DEFAULT CHARSET=latin1;

--
-- Indexes for dumped tables
--

--
-- Indexes for table `activities`
--
ALTER TABLE `activities`
  ADD PRIMARY KEY (`ACT_ID`),
  ADD KEY `ACT_TYPE_ID` (`ACT_TYPE_ID`),
  ADD KEY `ACT_SUBTYPE_ID` (`ACT_SUBTYPE_ID`),
  ADD KEY `ACT_ID` (`ACT_ID`);

--
-- Indexes for table `activity_subtypes`
--
ALTER TABLE `activity_subtypes`
  ADD PRIMARY KEY (`ACT_SUBTYPE_ID`),
  ADD KEY `ACT_SUBTYPE_ID` (`ACT_SUBTYPE_ID`);

--
-- Indexes for table `activity_types`
--
ALTER TABLE `activity_types`
  ADD PRIMARY KEY (`ACT_TYPE_ID`),
  ADD KEY `ACT_TYPE_ID` (`ACT_TYPE_ID`);

--
-- Indexes for table `db_query_logs`
--
ALTER TABLE `db_query_logs`
  ADD PRIMARY KEY (`DB_QL_ID`);

--
-- Indexes for table `educations`
--
ALTER TABLE `educations`
  ADD PRIMARY KEY (`EDU_ID`),
  ADD KEY `EDU_ID` (`EDU_ID`);

--
-- Indexes for table `employees`
--
ALTER TABLE `employees`
  ADD PRIMARY KEY (`EMP_ID`),
  ADD KEY `EMP_EDU_ID` (`EMP_EDU_ID`),
  ADD KEY `EMP_POST_ID1` (`EMP_POST_ID1`),
  ADD KEY `EMP_POST_ID2` (`EMP_POST_ID2`),
  ADD KEY `EMP_ID` (`EMP_ID`),
  ADD KEY `EMP_ID_2` (`EMP_ID`),
  ADD KEY `EMP_BOSS_ID` (`EMP_BOSS_ID`),
  ADD KEY `EMP_ID_3` (`EMP_ID`),
  ADD KEY `EMP_ID_4` (`EMP_ID`),
  ADD KEY `EMP_ID_5` (`EMP_ID`),
  ADD KEY `EMP_ID_6` (`EMP_ID`);

--
-- Indexes for table `employee_attendances`
--
ALTER TABLE `employee_attendances`
  ADD PRIMARY KEY (`EMP_ATT_ID`);

--
-- Indexes for table `employee_log_failures`
--
ALTER TABLE `employee_log_failures`
  ADD PRIMARY KEY (`EM_LOG_F_ID`);

--
-- Indexes for table `employee_log_ios`
--
ALTER TABLE `employee_log_ios`
  ADD PRIMARY KEY (`EMP_LOGS_ID`),
  ADD KEY `EMP_ID` (`EMP_ID`);

--
-- Indexes for table `positions`
--
ALTER TABLE `positions`
  ADD PRIMARY KEY (`POS_ID`),
  ADD KEY `POS_ID` (`POS_ID`),
  ADD KEY `POS_ID_2` (`POS_ID`);

--
-- Indexes for table `students`
--
ALTER TABLE `students`
  ADD PRIMARY KEY (`STU_ID`),
  ADD KEY `STU_ID` (`STU_ID`),
  ADD KEY `STU_ID_2` (`STU_ID`);

--
-- Indexes for table `student_activity_educator`
--
ALTER TABLE `student_activity_educator`
  ADD PRIMARY KEY (`STU_ACT_EDR_ID`),
  ADD KEY `STU_ID` (`STU_ID`),
  ADD KEY `EDR_ID` (`EDR_ID`),
  ADD KEY `ACT_ID` (`ACT_ID`);

--
-- AUTO_INCREMENT for dumped tables
--

--
-- AUTO_INCREMENT for table `activities`
--
ALTER TABLE `activities`
  MODIFY `ACT_ID` int(11) NOT NULL AUTO_INCREMENT, AUTO_INCREMENT=13;
--
-- AUTO_INCREMENT for table `activity_types`
--
ALTER TABLE `activity_types`
  MODIFY `ACT_TYPE_ID` int(11) NOT NULL AUTO_INCREMENT, AUTO_INCREMENT=4;
--
-- AUTO_INCREMENT for table `db_query_logs`
--
ALTER TABLE `db_query_logs`
  MODIFY `DB_QL_ID` int(11) NOT NULL AUTO_INCREMENT, AUTO_INCREMENT=405;
--
-- AUTO_INCREMENT for table `educations`
--
ALTER TABLE `educations`
  MODIFY `EDU_ID` int(11) NOT NULL AUTO_INCREMENT, AUTO_INCREMENT=9;
--
-- AUTO_INCREMENT for table `employees`
--
ALTER TABLE `employees`
  MODIFY `EMP_ID` int(11) NOT NULL AUTO_INCREMENT, AUTO_INCREMENT=4;
--
-- AUTO_INCREMENT for table `employee_attendances`
--
ALTER TABLE `employee_attendances`
  MODIFY `EMP_ATT_ID` int(11) NOT NULL AUTO_INCREMENT, AUTO_INCREMENT=65;
--
-- AUTO_INCREMENT for table `employee_log_failures`
--
ALTER TABLE `employee_log_failures`
  MODIFY `EM_LOG_F_ID` int(11) NOT NULL AUTO_INCREMENT, AUTO_INCREMENT=94;
--
-- AUTO_INCREMENT for table `employee_log_ios`
--
ALTER TABLE `employee_log_ios`
  MODIFY `EMP_LOGS_ID` int(11) NOT NULL AUTO_INCREMENT, AUTO_INCREMENT=168;
--
-- AUTO_INCREMENT for table `positions`
--
ALTER TABLE `positions`
  MODIFY `POS_ID` int(11) NOT NULL AUTO_INCREMENT, AUTO_INCREMENT=9;
--
-- AUTO_INCREMENT for table `students`
--
ALTER TABLE `students`
  MODIFY `STU_ID` int(11) NOT NULL AUTO_INCREMENT, AUTO_INCREMENT=11;
--
-- AUTO_INCREMENT for table `student_activity_educator`
--
ALTER TABLE `student_activity_educator`
  MODIFY `STU_ACT_EDR_ID` int(11) NOT NULL AUTO_INCREMENT;
--
-- Constraints for dumped tables
--

--
-- Constraints for table `activities`
--
ALTER TABLE `activities`
  ADD CONSTRAINT `activities_ibfk_1` FOREIGN KEY (`ACT_TYPE_ID`) REFERENCES `activity_types` (`ACT_TYPE_ID`),
  ADD CONSTRAINT `activities_ibfk_2` FOREIGN KEY (`ACT_SUBTYPE_ID`) REFERENCES `activity_subtypes` (`ACT_SUBTYPE_ID`);

--
-- Constraints for table `employees`
--
ALTER TABLE `employees`
  ADD CONSTRAINT `employees_ibfk_1` FOREIGN KEY (`EMP_EDU_ID`) REFERENCES `educations` (`EDU_ID`),
  ADD CONSTRAINT `employees_ibfk_2` FOREIGN KEY (`EMP_POST_ID1`) REFERENCES `positions` (`POS_ID`),
  ADD CONSTRAINT `employees_ibfk_3` FOREIGN KEY (`EMP_POST_ID2`) REFERENCES `positions` (`POS_ID`),
  ADD CONSTRAINT `employees_ibfk_4` FOREIGN KEY (`EMP_BOSS_ID`) REFERENCES `employees` (`EMP_ID`);

--
-- Constraints for table `employee_log_ios`
--
ALTER TABLE `employee_log_ios`
  ADD CONSTRAINT `employee_log_ios_ibfk_1` FOREIGN KEY (`EMP_ID`) REFERENCES `employees` (`EMP_ID`);

--
-- Constraints for table `student_activity_educator`
--
ALTER TABLE `student_activity_educator`
  ADD CONSTRAINT `student_activity_educator_ibfk_1` FOREIGN KEY (`STU_ID`) REFERENCES `students` (`STU_ID`),
  ADD CONSTRAINT `student_activity_educator_ibfk_2` FOREIGN KEY (`EDR_ID`) REFERENCES `employees` (`EMP_ID`),
  ADD CONSTRAINT `student_activity_educator_ibfk_3` FOREIGN KEY (`ACT_ID`) REFERENCES `activities` (`ACT_ID`);

/*!40101 SET CHARACTER_SET_CLIENT=@OLD_CHARACTER_SET_CLIENT */;
/*!40101 SET CHARACTER_SET_RESULTS=@OLD_CHARACTER_SET_RESULTS */;
/*!40101 SET COLLATION_CONNECTION=@OLD_COLLATION_CONNECTION */;
