-- phpMyAdmin SQL Dump
-- version 4.5.1
-- http://www.phpmyadmin.net
--
-- Host: 127.0.0.1
-- Generation Time: Jun 23, 2016 at 01:35 PM
-- Server version: 10.1.13-MariaDB
-- PHP Version: 5.6.21

SET SQL_MODE = "NO_AUTO_VALUE_ON_ZERO";
SET time_zone = "+00:00";


/*!40101 SET @OLD_CHARACTER_SET_CLIENT=@@CHARACTER_SET_CLIENT */;
/*!40101 SET @OLD_CHARACTER_SET_RESULTS=@@CHARACTER_SET_RESULTS */;
/*!40101 SET @OLD_COLLATION_CONNECTION=@@COLLATION_CONNECTION */;
/*!40101 SET NAMES utf8mb4 */;

--
-- Database: `montessori`
--

-- --------------------------------------------------------

--
-- Table structure for table `activities`
--

CREATE TABLE `activities` (
  `ACT_ID` int(11) NOT NULL,
  `ACT_TYPE_ID` int(11) NOT NULL,
  `ACT_SUBTYPE_ID` int(11) NOT NULL,
  `ACT_NAME` varchar(250) NOT NULL,
  `ACT_MIN_AGE` int(11) DEFAULT NULL,
  `ACT_MAX_AGE` int(11) DEFAULT NULL,
  `ACT_DESCR` text,
  `ACT_NOTES` text
) ENGINE=InnoDB DEFAULT CHARSET=latin1;

--
-- Dumping data for table `activities`
--

INSERT INTO `activities` (`ACT_ID`, `ACT_TYPE_ID`, `ACT_SUBTYPE_ID`, `ACT_NAME`, `ACT_MIN_AGE`, `ACT_MAX_AGE`, `ACT_DESCR`, `ACT_NOTES`) VALUES
(1, 1, 101, 'To extinguish a candle with a snuffer', NULL, NULL, NULL, NULL),
(2, 1, 101, 'To carry a glass of coloured water', NULL, NULL, NULL, NULL),
(3, 1, 102, 'To sit at a table', NULL, NULL, NULL, NULL),
(4, 1, 102, 'To carry a chair', NULL, NULL, NULL, NULL),
(5, 2, 201, 'Sizes > the cylinder blocks (knobbed cylinders or solid insets)', NULL, NULL, NULL, NULL),
(6, 2, 201, 'Sizes > pink tower', NULL, NULL, NULL, NULL),
(7, 2, 202, 'Rough and Smooth > rough and smooth boards 1, 2, and 3', NULL, NULL, NULL, NULL),
(8, 2, 202, 'Rough and Smooth > rough and smooth tablets', NULL, NULL, NULL, NULL),
(9, 3, 301, 'Quantities > number rods (1 - 10)', NULL, NULL, NULL, NULL),
(10, 3, 301, 'Symbols > sandpaper numerals (1 - 9 and 0)', NULL, NULL, NULL, NULL),
(11, 3, 302, 'Quantities > the golden beads (1 - 9,999)', NULL, NULL, NULL, NULL),
(12, 3, 302, 'Quantities > introduction to the decimal system (quantities 1, 10, 100, 1000)', NULL, NULL, NULL, NULL);

-- --------------------------------------------------------

--
-- Table structure for table `activity_subtypes`
--

CREATE TABLE `activity_subtypes` (
  `ACT_SUBTYPE_ID` int(11) NOT NULL,
  `ACT_SUBTYPE_NAME` varchar(100) NOT NULL,
  `ACT_SUBTYPE_DESCR` text NOT NULL,
  `ACT_SYBTYPE_NOTES` text NOT NULL
) ENGINE=InnoDB DEFAULT CHARSET=latin1;

--
-- Dumping data for table `activity_subtypes`
--

INSERT INTO `activity_subtypes` (`ACT_SUBTYPE_ID`, `ACT_SUBTYPE_NAME`, `ACT_SUBTYPE_DESCR`, `ACT_SYBTYPE_NOTES`) VALUES
(101, 'The Very First Three Activities of the Very First Day', '', ''),
(102, 'Preliminary Activities', '', ''),
(103, 'Motor Skills', '', ''),
(104, 'Care of Self', '', ''),
(105, 'Care of the Environment', '', ''),
(201, 'Sight', '', ''),
(202, 'Touch', '', ''),
(203, 'Smell', '', ''),
(204, 'Taste', '', ''),
(205, 'Sound', '', ''),
(301, 'Level I: Quantities and Symbols: 1 to 9 and 0', '', ''),
(302, 'Level II: Introduction to the Decimal System', '', ''),
(303, 'Level III: Quantities and Symbols: 11-99', '', '');

-- --------------------------------------------------------

--
-- Table structure for table `activity_types`
--

CREATE TABLE `activity_types` (
  `ACT_TYPE_ID` int(11) NOT NULL,
  `ACT_TYPE_NAME` varchar(100) NOT NULL,
  `ACT_TYPE_DESCR` text NOT NULL,
  `ACT_TYPE_NOTES` text NOT NULL
) ENGINE=InnoDB DEFAULT CHARSET=latin1;

--
-- Dumping data for table `activity_types`
--

INSERT INTO `activity_types` (`ACT_TYPE_ID`, `ACT_TYPE_NAME`, `ACT_TYPE_DESCR`, `ACT_TYPE_NOTES`) VALUES
(1, 'Daily Life Activities', '', ''),
(2, 'Sensorial Activities Leading to Mental Development', '', ''),
(3, 'Activities Leading to Mathematical and Logical Mind', '', '');

-- --------------------------------------------------------

--
-- Table structure for table `db_query_logs`
--

CREATE TABLE `db_query_logs` (
  `DB_QL_ID` int(11) NOT NULL,
  `QUERY_STR` varchar(2000) NOT NULL,
  `USER_NAME` varchar(50) NOT NULL,
  `DATE_TIME` datetime NOT NULL,
  `IP_ADDR` varchar(50) NOT NULL
) ENGINE=InnoDB DEFAULT CHARSET=latin1;

--
-- Dumping data for table `db_query_logs`
--

INSERT INTO `db_query_logs` (`DB_QL_ID`, `QUERY_STR`, `USER_NAME`, `DATE_TIME`, `IP_ADDR`) VALUES
(1, 'SELECT HREF FROM WEB_PAGES WHERE (PAGE_ID IN \r\n									(SELECT PAGE_ID FROM EMPLOYEE_WEBPAGE \r\n										WHERE EMP_ID = 6)) AND (WEB_PAGES.STATUS = "active");', 'Super User', '2016-06-23 00:59:57', '192.168.1.69'),
(2, 'SELECT HREF, TITLE_SHORT FROM WEB_PAGES WHERE PAGE_ID IN(SELECT TAB_PAGE_ID FROM PAGE_TABS WHERE PAGE_ID IN(SELECT PAGE_ID FROM WEB_PAGES WHERE (INSTR("/montessori/report_dp_query_logs.php", HREF) > 0)));', 'Super User', '2016-06-23 00:59:57', '192.168.1.69'),
(3, 'SELECT  * FROM DB_QUERY_LOGS ORDER BY DATE_TIME DESC;', 'Super User', '2016-06-23 00:59:57', '192.168.1.69'),
(4, 'SELECT HREF, TITLE_SHORT FROM WEB_PAGES WHERE PAGE_ID IN(SELECT TAB_PAGE_ID FROM PAGE_TABS WHERE PAGE_ID IN(SELECT PAGE_ID FROM WEB_PAGES WHERE (INSTR("/montessori/index.php", HREF) > 0)));', 'Super User', '2016-06-23 01:00:04', '192.168.1.69'),
(5, 'SELECT WEB_PAGES.PAGE_ID, WEB_PAGES.TAG_CLASS, WEB_PAGES.TYPE, WEB_PAGES.HREF, WEB_PAGES.ICON_URL, WEB_PAGES.TITLE, WEB_PAGES.STATUS FROM WEB_PAGES WHERE (WEB_PAGES.PAGE_ID IN \r\n									(SELECT PAGE_ID FROM EMPLOYEE_WEBPAGE \r\n										WHERE EMP_ID = 6)) AND (WEB_PAGES.STATUS = "active");', 'Super User', '2016-06-23 01:00:04', '192.168.1.69'),
(6, 'SELECT HREF FROM WEB_PAGES WHERE (PAGE_ID IN \r\n									(SELECT PAGE_ID FROM EMPLOYEE_WEBPAGE \r\n										WHERE EMP_ID = 6)) AND (WEB_PAGES.STATUS = "active");', 'Super User', '2016-06-23 01:00:07', '192.168.1.69'),
(7, 'SELECT HREF, TITLE_SHORT FROM WEB_PAGES WHERE PAGE_ID IN(SELECT TAB_PAGE_ID FROM PAGE_TABS WHERE PAGE_ID IN(SELECT PAGE_ID FROM WEB_PAGES WHERE (INSTR("/montessori/report_employee_schedule.php", HREF) > 0)));', 'Super User', '2016-06-23 01:00:07', '192.168.1.69'),
(8, 'SELECT EMP_ID, CONCAT(EMPLOYEES.EMP_FIRST_NAME, " ", EMPLOYEES.EMP_LAST_NAME) AS EMP_NAME FROM EMPLOYEES WHERE EMP_ID IN (SELECT DISTINCT EMP_ID FROM EMPLOYEE_SCHEDULE WHERE (SCH_DATE = "2016-06-22") ORDER BY EMP_ID);', 'Super User', '2016-06-23 01:00:07', '192.168.1.69'),
(9, 'SELECT EMPLOYEE_SCHEDULE.TS_ID, EMPLOYEE_SCHEDULE.TS_STATUS_ID, TIME_SLOTS_STATUS.ICON_URL FROM EMPLOYEE_SCHEDULE, TIME_SLOTS_STATUS WHERE (EMPLOYEE_SCHEDULE.EMP_ID = 1) AND (EMPLOYEE_SCHEDULE.SCH_DATE = "2016-06-22") AND  (EMPLOYEE_SCHEDULE.TS_STATUS_ID = TIME_SLOTS_STATUS.TS_STATUS_ID) ORDER BY EMPLOYEE_SCHEDULE.TS_ID ASC;', 'Super User', '2016-06-23 01:00:07', '192.168.1.69'),
(10, 'SELECT EMPLOYEE_SCHEDULE.TS_ID, EMPLOYEE_SCHEDULE.TS_STATUS_ID, TIME_SLOTS_STATUS.ICON_URL FROM EMPLOYEE_SCHEDULE, TIME_SLOTS_STATUS WHERE (EMPLOYEE_SCHEDULE.EMP_ID = 2) AND (EMPLOYEE_SCHEDULE.SCH_DATE = "2016-06-22") AND  (EMPLOYEE_SCHEDULE.TS_STATUS_ID = TIME_SLOTS_STATUS.TS_STATUS_ID) ORDER BY EMPLOYEE_SCHEDULE.TS_ID ASC;', 'Super User', '2016-06-23 01:00:07', '192.168.1.69'),
(11, 'SELECT EMPLOYEE_SCHEDULE.TS_ID, EMPLOYEE_SCHEDULE.TS_STATUS_ID, TIME_SLOTS_STATUS.ICON_URL FROM EMPLOYEE_SCHEDULE, TIME_SLOTS_STATUS WHERE (EMPLOYEE_SCHEDULE.EMP_ID = 3) AND (EMPLOYEE_SCHEDULE.SCH_DATE = "2016-06-22") AND  (EMPLOYEE_SCHEDULE.TS_STATUS_ID = TIME_SLOTS_STATUS.TS_STATUS_ID) ORDER BY EMPLOYEE_SCHEDULE.TS_ID ASC;', 'Super User', '2016-06-23 01:00:07', '192.168.1.69'),
(12, 'SELECT EMPLOYEE_SCHEDULE.TS_ID, EMPLOYEE_SCHEDULE.TS_STATUS_ID, TIME_SLOTS_STATUS.ICON_URL FROM EMPLOYEE_SCHEDULE, TIME_SLOTS_STATUS WHERE (EMPLOYEE_SCHEDULE.EMP_ID = 4) AND (EMPLOYEE_SCHEDULE.SCH_DATE = "2016-06-22") AND  (EMPLOYEE_SCHEDULE.TS_STATUS_ID = TIME_SLOTS_STATUS.TS_STATUS_ID) ORDER BY EMPLOYEE_SCHEDULE.TS_ID ASC;', 'Super User', '2016-06-23 01:00:07', '192.168.1.69'),
(13, 'SELECT EMPLOYEE_SCHEDULE.TS_ID, EMPLOYEE_SCHEDULE.TS_STATUS_ID, TIME_SLOTS_STATUS.ICON_URL FROM EMPLOYEE_SCHEDULE, TIME_SLOTS_STATUS WHERE (EMPLOYEE_SCHEDULE.EMP_ID = 5) AND (EMPLOYEE_SCHEDULE.SCH_DATE = "2016-06-22") AND  (EMPLOYEE_SCHEDULE.TS_STATUS_ID = TIME_SLOTS_STATUS.TS_STATUS_ID) ORDER BY EMPLOYEE_SCHEDULE.TS_ID ASC;', 'Super User', '2016-06-23 01:00:07', '192.168.1.69'),
(14, 'SELECT EMP_ID, CONCAT(EMPLOYEES.EMP_FIRST_NAME, " ", EMPLOYEES.EMP_LAST_NAME) AS EMP_NAME FROM EMPLOYEES WHERE EMP_ID IN (SELECT DISTINCT EMP_ID FROM EMPLOYEE_SCHEDULE WHERE (SCH_DATE = "2016-06-22") ORDER BY EMP_ID);', 'Super User', '2016-06-23 01:00:07', '192.168.1.69'),
(15, 'SELECT EMPLOYEE_SCHEDULE.TS_ID, EMPLOYEE_SCHEDULE.TS_STATUS_ID, TIME_SLOTS_STATUS.ICON_URL FROM EMPLOYEE_SCHEDULE, TIME_SLOTS_STATUS WHERE (EMPLOYEE_SCHEDULE.EMP_ID = 1) AND (EMPLOYEE_SCHEDULE.SCH_DATE = "2016-06-22") AND  (EMPLOYEE_SCHEDULE.TS_STATUS_ID = TIME_SLOTS_STATUS.TS_STATUS_ID) ORDER BY EMPLOYEE_SCHEDULE.TS_ID ASC;', 'Super User', '2016-06-23 01:00:07', '192.168.1.69'),
(16, 'SELECT EMPLOYEE_SCHEDULE.TS_ID, EMPLOYEE_SCHEDULE.TS_STATUS_ID, TIME_SLOTS_STATUS.ICON_URL FROM EMPLOYEE_SCHEDULE, TIME_SLOTS_STATUS WHERE (EMPLOYEE_SCHEDULE.EMP_ID = 2) AND (EMPLOYEE_SCHEDULE.SCH_DATE = "2016-06-22") AND  (EMPLOYEE_SCHEDULE.TS_STATUS_ID = TIME_SLOTS_STATUS.TS_STATUS_ID) ORDER BY EMPLOYEE_SCHEDULE.TS_ID ASC;', 'Super User', '2016-06-23 01:00:07', '192.168.1.69'),
(17, 'SELECT EMPLOYEE_SCHEDULE.TS_ID, EMPLOYEE_SCHEDULE.TS_STATUS_ID, TIME_SLOTS_STATUS.ICON_URL FROM EMPLOYEE_SCHEDULE, TIME_SLOTS_STATUS WHERE (EMPLOYEE_SCHEDULE.EMP_ID = 3) AND (EMPLOYEE_SCHEDULE.SCH_DATE = "2016-06-22") AND  (EMPLOYEE_SCHEDULE.TS_STATUS_ID = TIME_SLOTS_STATUS.TS_STATUS_ID) ORDER BY EMPLOYEE_SCHEDULE.TS_ID ASC;', 'Super User', '2016-06-23 01:00:07', '192.168.1.69'),
(18, 'SELECT EMPLOYEE_SCHEDULE.TS_ID, EMPLOYEE_SCHEDULE.TS_STATUS_ID, TIME_SLOTS_STATUS.ICON_URL FROM EMPLOYEE_SCHEDULE, TIME_SLOTS_STATUS WHERE (EMPLOYEE_SCHEDULE.EMP_ID = 4) AND (EMPLOYEE_SCHEDULE.SCH_DATE = "2016-06-22") AND  (EMPLOYEE_SCHEDULE.TS_STATUS_ID = TIME_SLOTS_STATUS.TS_STATUS_ID) ORDER BY EMPLOYEE_SCHEDULE.TS_ID ASC;', 'Super User', '2016-06-23 01:00:07', '192.168.1.69'),
(19, 'SELECT EMPLOYEE_SCHEDULE.TS_ID, EMPLOYEE_SCHEDULE.TS_STATUS_ID, TIME_SLOTS_STATUS.ICON_URL FROM EMPLOYEE_SCHEDULE, TIME_SLOTS_STATUS WHERE (EMPLOYEE_SCHEDULE.EMP_ID = 5) AND (EMPLOYEE_SCHEDULE.SCH_DATE = "2016-06-22") AND  (EMPLOYEE_SCHEDULE.TS_STATUS_ID = TIME_SLOTS_STATUS.TS_STATUS_ID) ORDER BY EMPLOYEE_SCHEDULE.TS_ID ASC;', 'Super User', '2016-06-23 01:00:07', '192.168.1.69'),
(20, 'SELECT EMP_ID, CONCAT(EMPLOYEES.EMP_FIRST_NAME, " ", EMPLOYEES.EMP_LAST_NAME) AS EMP_NAME FROM EMPLOYEES WHERE EMP_ID IN (SELECT DISTINCT EMP_ID FROM EMPLOYEE_SCHEDULE WHERE (SCH_DATE = "2016-06-22") ORDER BY EMP_ID);', 'Super User', '2016-06-23 01:00:07', '192.168.1.69'),
(21, 'SELECT EMPLOYEE_SCHEDULE.TS_ID, EMPLOYEE_SCHEDULE.TS_STATUS_ID, TIME_SLOTS_STATUS.ICON_URL FROM EMPLOYEE_SCHEDULE, TIME_SLOTS_STATUS WHERE (EMPLOYEE_SCHEDULE.EMP_ID = 1) AND (EMPLOYEE_SCHEDULE.SCH_DATE = "2016-06-22") AND  (EMPLOYEE_SCHEDULE.TS_STATUS_ID = TIME_SLOTS_STATUS.TS_STATUS_ID) ORDER BY EMPLOYEE_SCHEDULE.TS_ID ASC;', 'Super User', '2016-06-23 01:00:07', '192.168.1.69'),
(22, 'SELECT EMPLOYEE_SCHEDULE.TS_ID, EMPLOYEE_SCHEDULE.TS_STATUS_ID, TIME_SLOTS_STATUS.ICON_URL FROM EMPLOYEE_SCHEDULE, TIME_SLOTS_STATUS WHERE (EMPLOYEE_SCHEDULE.EMP_ID = 2) AND (EMPLOYEE_SCHEDULE.SCH_DATE = "2016-06-22") AND  (EMPLOYEE_SCHEDULE.TS_STATUS_ID = TIME_SLOTS_STATUS.TS_STATUS_ID) ORDER BY EMPLOYEE_SCHEDULE.TS_ID ASC;', 'Super User', '2016-06-23 01:00:07', '192.168.1.69'),
(23, 'SELECT EMPLOYEE_SCHEDULE.TS_ID, EMPLOYEE_SCHEDULE.TS_STATUS_ID, TIME_SLOTS_STATUS.ICON_URL FROM EMPLOYEE_SCHEDULE, TIME_SLOTS_STATUS WHERE (EMPLOYEE_SCHEDULE.EMP_ID = 3) AND (EMPLOYEE_SCHEDULE.SCH_DATE = "2016-06-22") AND  (EMPLOYEE_SCHEDULE.TS_STATUS_ID = TIME_SLOTS_STATUS.TS_STATUS_ID) ORDER BY EMPLOYEE_SCHEDULE.TS_ID ASC;', 'Super User', '2016-06-23 01:00:07', '192.168.1.69'),
(24, 'SELECT EMPLOYEE_SCHEDULE.TS_ID, EMPLOYEE_SCHEDULE.TS_STATUS_ID, TIME_SLOTS_STATUS.ICON_URL FROM EMPLOYEE_SCHEDULE, TIME_SLOTS_STATUS WHERE (EMPLOYEE_SCHEDULE.EMP_ID = 4) AND (EMPLOYEE_SCHEDULE.SCH_DATE = "2016-06-22") AND  (EMPLOYEE_SCHEDULE.TS_STATUS_ID = TIME_SLOTS_STATUS.TS_STATUS_ID) ORDER BY EMPLOYEE_SCHEDULE.TS_ID ASC;', 'Super User', '2016-06-23 01:00:07', '192.168.1.69'),
(25, 'SELECT EMPLOYEE_SCHEDULE.TS_ID, EMPLOYEE_SCHEDULE.TS_STATUS_ID, TIME_SLOTS_STATUS.ICON_URL FROM EMPLOYEE_SCHEDULE, TIME_SLOTS_STATUS WHERE (EMPLOYEE_SCHEDULE.EMP_ID = 5) AND (EMPLOYEE_SCHEDULE.SCH_DATE = "2016-06-22") AND  (EMPLOYEE_SCHEDULE.TS_STATUS_ID = TIME_SLOTS_STATUS.TS_STATUS_ID) ORDER BY EMPLOYEE_SCHEDULE.TS_ID ASC;', 'Super User', '2016-06-23 01:00:07', '192.168.1.69'),
(26, 'SELECT EMP_ID, CONCAT(EMPLOYEES.EMP_FIRST_NAME, " ", EMPLOYEES.EMP_LAST_NAME) AS EMP_NAME FROM EMPLOYEES WHERE EMP_ID IN (SELECT DISTINCT EMP_ID FROM EMPLOYEE_SCHEDULE WHERE (SCH_DATE = "2016-06-22") ORDER BY EMP_ID);', 'Super User', '2016-06-23 01:00:07', '192.168.1.69'),
(27, 'SELECT EMPLOYEE_SCHEDULE.TS_ID, EMPLOYEE_SCHEDULE.TS_STATUS_ID, TIME_SLOTS_STATUS.ICON_URL FROM EMPLOYEE_SCHEDULE, TIME_SLOTS_STATUS WHERE (EMPLOYEE_SCHEDULE.EMP_ID = 1) AND (EMPLOYEE_SCHEDULE.SCH_DATE = "2016-06-22") AND  (EMPLOYEE_SCHEDULE.TS_STATUS_ID = TIME_SLOTS_STATUS.TS_STATUS_ID) ORDER BY EMPLOYEE_SCHEDULE.TS_ID ASC;', 'Super User', '2016-06-23 01:00:07', '192.168.1.69'),
(28, 'SELECT EMPLOYEE_SCHEDULE.TS_ID, EMPLOYEE_SCHEDULE.TS_STATUS_ID, TIME_SLOTS_STATUS.ICON_URL FROM EMPLOYEE_SCHEDULE, TIME_SLOTS_STATUS WHERE (EMPLOYEE_SCHEDULE.EMP_ID = 2) AND (EMPLOYEE_SCHEDULE.SCH_DATE = "2016-06-22") AND  (EMPLOYEE_SCHEDULE.TS_STATUS_ID = TIME_SLOTS_STATUS.TS_STATUS_ID) ORDER BY EMPLOYEE_SCHEDULE.TS_ID ASC;', 'Super User', '2016-06-23 01:00:07', '192.168.1.69'),
(29, 'SELECT EMPLOYEE_SCHEDULE.TS_ID, EMPLOYEE_SCHEDULE.TS_STATUS_ID, TIME_SLOTS_STATUS.ICON_URL FROM EMPLOYEE_SCHEDULE, TIME_SLOTS_STATUS WHERE (EMPLOYEE_SCHEDULE.EMP_ID = 3) AND (EMPLOYEE_SCHEDULE.SCH_DATE = "2016-06-22") AND  (EMPLOYEE_SCHEDULE.TS_STATUS_ID = TIME_SLOTS_STATUS.TS_STATUS_ID) ORDER BY EMPLOYEE_SCHEDULE.TS_ID ASC;', 'Super User', '2016-06-23 01:00:07', '192.168.1.69'),
(30, 'SELECT EMPLOYEE_SCHEDULE.TS_ID, EMPLOYEE_SCHEDULE.TS_STATUS_ID, TIME_SLOTS_STATUS.ICON_URL FROM EMPLOYEE_SCHEDULE, TIME_SLOTS_STATUS WHERE (EMPLOYEE_SCHEDULE.EMP_ID = 4) AND (EMPLOYEE_SCHEDULE.SCH_DATE = "2016-06-22") AND  (EMPLOYEE_SCHEDULE.TS_STATUS_ID = TIME_SLOTS_STATUS.TS_STATUS_ID) ORDER BY EMPLOYEE_SCHEDULE.TS_ID ASC;', 'Super User', '2016-06-23 01:00:07', '192.168.1.69'),
(31, 'SELECT EMPLOYEE_SCHEDULE.TS_ID, EMPLOYEE_SCHEDULE.TS_STATUS_ID, TIME_SLOTS_STATUS.ICON_URL FROM EMPLOYEE_SCHEDULE, TIME_SLOTS_STATUS WHERE (EMPLOYEE_SCHEDULE.EMP_ID = 5) AND (EMPLOYEE_SCHEDULE.SCH_DATE = "2016-06-22") AND  (EMPLOYEE_SCHEDULE.TS_STATUS_ID = TIME_SLOTS_STATUS.TS_STATUS_ID) ORDER BY EMPLOYEE_SCHEDULE.TS_ID ASC;', 'Super User', '2016-06-23 01:00:07', '192.168.1.69'),
(32, 'SELECT HREF, TITLE_SHORT FROM WEB_PAGES WHERE PAGE_ID IN(SELECT TAB_PAGE_ID FROM PAGE_TABS WHERE PAGE_ID IN(SELECT PAGE_ID FROM WEB_PAGES WHERE (INSTR("/montessori/index.php", HREF) > 0)));', 'Super User', '2016-06-23 01:00:11', '192.168.1.69'),
(33, 'SELECT WEB_PAGES.PAGE_ID, WEB_PAGES.TAG_CLASS, WEB_PAGES.TYPE, WEB_PAGES.HREF, WEB_PAGES.ICON_URL, WEB_PAGES.TITLE, WEB_PAGES.STATUS FROM WEB_PAGES WHERE (WEB_PAGES.PAGE_ID IN \r\n									(SELECT PAGE_ID FROM EMPLOYEE_WEBPAGE \r\n										WHERE EMP_ID = 6)) AND (WEB_PAGES.STATUS = "active");', 'Super User', '2016-06-23 01:00:11', '192.168.1.69'),
(34, 'SELECT HREF FROM WEB_PAGES WHERE (PAGE_ID IN \r\n									(SELECT PAGE_ID FROM EMPLOYEE_WEBPAGE \r\n										WHERE EMP_ID = 6)) AND (WEB_PAGES.STATUS = "active");', 'Super User', '2016-06-23 01:00:13', '192.168.1.69'),
(35, 'SELECT HREF, TITLE_SHORT FROM WEB_PAGES WHERE PAGE_ID IN(SELECT TAB_PAGE_ID FROM PAGE_TABS WHERE PAGE_ID IN(SELECT PAGE_ID FROM WEB_PAGES WHERE (INSTR("/montessori/report_dp_query_logs.php", HREF) > 0)));', 'Super User', '2016-06-23 01:00:13', '192.168.1.69'),
(36, 'SELECT  * FROM DB_QUERY_LOGS ORDER BY DATE_TIME DESC;', 'Super User', '2016-06-23 01:00:13', '192.168.1.69'),
(37, 'SELECT HREF FROM WEB_PAGES WHERE (PAGE_ID IN \r\n									(SELECT PAGE_ID FROM EMPLOYEE_WEBPAGE \r\n										WHERE EMP_ID = 6)) AND (WEB_PAGES.STATUS = "active");', 'Super User', '2016-06-23 01:02:11', '192.168.1.69'),
(38, 'SELECT HREF, TITLE_SHORT FROM WEB_PAGES WHERE PAGE_ID IN(SELECT TAB_PAGE_ID FROM PAGE_TABS WHERE PAGE_ID IN(SELECT PAGE_ID FROM WEB_PAGES WHERE (INSTR("/montessori/report_dp_query_logs.php", HREF) > 0)));', 'Super User', '2016-06-23 01:02:11', '192.168.1.69'),
(39, 'SELECT  * FROM DB_QUERY_LOGS ORDER BY DATE_TIME DESC, DB_QL_ID DESC;', 'Super User', '2016-06-23 01:02:11', '192.168.1.69'),
(40, 'INSERT INTO EMPLOYEE_LOG_IOS(EMP_ID, EVENT_TYPE, DATE_TIME, IP_ADDR) VALUES(6, "Out", NOW(), "192.168.1.69");', 'Super User', '2016-06-23 01:02:25', '192.168.1.69'),
(41, 'SELECT  EMP_ID, EMP_FIRST_NAME, EMP_LAST_NAME, EMP_BIRTHDATE, EMP_PHONE1 FROM EMPLOYEES  WHERE EMP_PASSCODE="872";', 'system', '2016-06-23 01:02:31', '192.168.1.69'),
(42, 'INSERT INTO EMPLOYEE_LOG_FAILURES(IP_ADDR, PASSCODE, DATE_TIME) VALUES("192.168.1.69", "872", NOW());', 'system', '2016-06-23 01:02:31', '192.168.1.69'),
(43, 'SELECT  EMP_ID, EMP_FIRST_NAME, EMP_LAST_NAME, EMP_BIRTHDATE, EMP_PHONE1 FROM EMPLOYEES  WHERE EMP_PASSCODE="8772";', 'system', '2016-06-23 01:02:37', '192.168.1.69'),
(44, 'INSERT INTO EMPLOYEE_LOG_IOS(EMP_ID, EVENT_TYPE, DATE_TIME, IP_ADDR) VALUES(2, "In", NOW(), "192.168.1.69");', 'Linda Tweed', '2016-06-23 01:02:37', '192.168.1.69'),
(45, 'SELECT HREF, TITLE_SHORT FROM WEB_PAGES WHERE PAGE_ID IN(SELECT TAB_PAGE_ID FROM PAGE_TABS WHERE PAGE_ID IN(SELECT PAGE_ID FROM WEB_PAGES WHERE (INSTR("/montessori/index.php", HREF) > 0)));', 'Linda Tweed', '2016-06-23 01:02:37', '192.168.1.69'),
(46, 'SELECT WEB_PAGES.PAGE_ID, WEB_PAGES.TAG_CLASS, WEB_PAGES.TYPE, WEB_PAGES.HREF, WEB_PAGES.ICON_URL, WEB_PAGES.TITLE, WEB_PAGES.STATUS FROM WEB_PAGES WHERE (WEB_PAGES.PAGE_ID IN \r\n									(SELECT PAGE_ID FROM EMPLOYEE_WEBPAGE \r\n										WHERE EMP_ID = 2)) AND (WEB_PAGES.STATUS = "active");', 'Linda Tweed', '2016-06-23 01:02:37', '192.168.1.69'),
(47, 'INSERT INTO EMPLOYEE_LOG_IOS(EMP_ID, EVENT_TYPE, DATE_TIME, IP_ADDR) VALUES(2, "Out", NOW(), "192.168.1.69");', 'Linda Tweed', '2016-06-23 01:02:41', '192.168.1.69'),
(48, 'SELECT  EMP_ID, EMP_FIRST_NAME, EMP_LAST_NAME, EMP_BIRTHDATE, EMP_PHONE1 FROM EMPLOYEES  WHERE EMP_PASSCODE="1357";', 'system', '2016-06-23 01:02:45', '192.168.1.69'),
(49, 'INSERT INTO EMPLOYEE_LOG_IOS(EMP_ID, EVENT_TYPE, DATE_TIME, IP_ADDR) VALUES(6, "In", NOW(), "192.168.1.69");', 'Super User', '2016-06-23 01:02:45', '192.168.1.69'),
(50, 'SELECT HREF, TITLE_SHORT FROM WEB_PAGES WHERE PAGE_ID IN(SELECT TAB_PAGE_ID FROM PAGE_TABS WHERE PAGE_ID IN(SELECT PAGE_ID FROM WEB_PAGES WHERE (INSTR("/montessori/index.php", HREF) > 0)));', 'Super User', '2016-06-23 01:02:45', '192.168.1.69'),
(51, 'SELECT WEB_PAGES.PAGE_ID, WEB_PAGES.TAG_CLASS, WEB_PAGES.TYPE, WEB_PAGES.HREF, WEB_PAGES.ICON_URL, WEB_PAGES.TITLE, WEB_PAGES.STATUS FROM WEB_PAGES WHERE (WEB_PAGES.PAGE_ID IN \r\n									(SELECT PAGE_ID FROM EMPLOYEE_WEBPAGE \r\n										WHERE EMP_ID = 6)) AND (WEB_PAGES.STATUS = "active");', 'Super User', '2016-06-23 01:02:45', '192.168.1.69'),
(52, 'SELECT HREF FROM WEB_PAGES WHERE (PAGE_ID IN \r\n									(SELECT PAGE_ID FROM EMPLOYEE_WEBPAGE \r\n										WHERE EMP_ID = 6)) AND (WEB_PAGES.STATUS = "active");', 'Super User', '2016-06-23 01:02:48', '192.168.1.69'),
(53, 'SELECT HREF, TITLE_SHORT FROM WEB_PAGES WHERE PAGE_ID IN(SELECT TAB_PAGE_ID FROM PAGE_TABS WHERE PAGE_ID IN(SELECT PAGE_ID FROM WEB_PAGES WHERE (INSTR("/montessori/report_dp_query_logs.php", HREF) > 0)));', 'Super User', '2016-06-23 01:02:48', '192.168.1.69'),
(54, 'SELECT  * FROM DB_QUERY_LOGS ORDER BY DATE_TIME DESC, DB_QL_ID DESC;', 'Super User', '2016-06-23 01:02:48', '192.168.1.69'),
(55, 'SELECT HREF, TITLE_SHORT FROM WEB_PAGES WHERE PAGE_ID IN(SELECT TAB_PAGE_ID FROM PAGE_TABS WHERE PAGE_ID IN(SELECT PAGE_ID FROM WEB_PAGES WHERE (INSTR("/montessori/index.php", HREF) > 0)));', 'Super User', '2016-06-23 01:03:22', '192.168.1.69'),
(56, 'SELECT WEB_PAGES.PAGE_ID, WEB_PAGES.TAG_CLASS, WEB_PAGES.TYPE, WEB_PAGES.HREF, WEB_PAGES.ICON_URL, WEB_PAGES.TITLE, WEB_PAGES.STATUS FROM WEB_PAGES WHERE (WEB_PAGES.PAGE_ID IN \r\n									(SELECT PAGE_ID FROM EMPLOYEE_WEBPAGE \r\n										WHERE EMP_ID = 6)) AND (WEB_PAGES.STATUS = "active");', 'Super User', '2016-06-23 01:03:22', '192.168.1.69'),
(57, 'SELECT HREF FROM WEB_PAGES WHERE (PAGE_ID IN \r\n									(SELECT PAGE_ID FROM EMPLOYEE_WEBPAGE \r\n										WHERE EMP_ID = 6)) AND (WEB_PAGES.STATUS = "active");', 'Super User', '2016-06-23 01:03:24', '192.168.1.69'),
(58, 'SELECT HREF, TITLE_SHORT FROM WEB_PAGES WHERE PAGE_ID IN(SELECT TAB_PAGE_ID FROM PAGE_TABS WHERE PAGE_ID IN(SELECT PAGE_ID FROM WEB_PAGES WHERE (INSTR("/montessori/report_employee_schedule.php", HREF) > 0)));', 'Super User', '2016-06-23 01:03:24', '192.168.1.69'),
(59, 'SELECT EMP_ID, CONCAT(EMPLOYEES.EMP_FIRST_NAME, " ", EMPLOYEES.EMP_LAST_NAME) AS EMP_NAME FROM EMPLOYEES WHERE EMP_ID IN (SELECT DISTINCT EMP_ID FROM EMPLOYEE_SCHEDULE WHERE (SCH_DATE = "2016-06-22") ORDER BY EMP_ID);', 'Super User', '2016-06-23 01:03:24', '192.168.1.69'),
(60, 'SELECT EMPLOYEE_SCHEDULE.TS_ID, EMPLOYEE_SCHEDULE.TS_STATUS_ID, TIME_SLOTS_STATUS.ICON_URL FROM EMPLOYEE_SCHEDULE, TIME_SLOTS_STATUS WHERE (EMPLOYEE_SCHEDULE.EMP_ID = 1) AND (EMPLOYEE_SCHEDULE.SCH_DATE = "2016-06-22") AND  (EMPLOYEE_SCHEDULE.TS_STATUS_ID = TIME_SLOTS_STATUS.TS_STATUS_ID) ORDER BY EMPLOYEE_SCHEDULE.TS_ID ASC;', 'Super User', '2016-06-23 01:03:24', '192.168.1.69'),
(61, 'SELECT EMPLOYEE_SCHEDULE.TS_ID, EMPLOYEE_SCHEDULE.TS_STATUS_ID, TIME_SLOTS_STATUS.ICON_URL FROM EMPLOYEE_SCHEDULE, TIME_SLOTS_STATUS WHERE (EMPLOYEE_SCHEDULE.EMP_ID = 2) AND (EMPLOYEE_SCHEDULE.SCH_DATE = "2016-06-22") AND  (EMPLOYEE_SCHEDULE.TS_STATUS_ID = TIME_SLOTS_STATUS.TS_STATUS_ID) ORDER BY EMPLOYEE_SCHEDULE.TS_ID ASC;', 'Super User', '2016-06-23 01:03:24', '192.168.1.69'),
(62, 'SELECT EMPLOYEE_SCHEDULE.TS_ID, EMPLOYEE_SCHEDULE.TS_STATUS_ID, TIME_SLOTS_STATUS.ICON_URL FROM EMPLOYEE_SCHEDULE, TIME_SLOTS_STATUS WHERE (EMPLOYEE_SCHEDULE.EMP_ID = 3) AND (EMPLOYEE_SCHEDULE.SCH_DATE = "2016-06-22") AND  (EMPLOYEE_SCHEDULE.TS_STATUS_ID = TIME_SLOTS_STATUS.TS_STATUS_ID) ORDER BY EMPLOYEE_SCHEDULE.TS_ID ASC;', 'Super User', '2016-06-23 01:03:24', '192.168.1.69'),
(63, 'SELECT EMPLOYEE_SCHEDULE.TS_ID, EMPLOYEE_SCHEDULE.TS_STATUS_ID, TIME_SLOTS_STATUS.ICON_URL FROM EMPLOYEE_SCHEDULE, TIME_SLOTS_STATUS WHERE (EMPLOYEE_SCHEDULE.EMP_ID = 4) AND (EMPLOYEE_SCHEDULE.SCH_DATE = "2016-06-22") AND  (EMPLOYEE_SCHEDULE.TS_STATUS_ID = TIME_SLOTS_STATUS.TS_STATUS_ID) ORDER BY EMPLOYEE_SCHEDULE.TS_ID ASC;', 'Super User', '2016-06-23 01:03:24', '192.168.1.69'),
(64, 'SELECT EMPLOYEE_SCHEDULE.TS_ID, EMPLOYEE_SCHEDULE.TS_STATUS_ID, TIME_SLOTS_STATUS.ICON_URL FROM EMPLOYEE_SCHEDULE, TIME_SLOTS_STATUS WHERE (EMPLOYEE_SCHEDULE.EMP_ID = 5) AND (EMPLOYEE_SCHEDULE.SCH_DATE = "2016-06-22") AND  (EMPLOYEE_SCHEDULE.TS_STATUS_ID = TIME_SLOTS_STATUS.TS_STATUS_ID) ORDER BY EMPLOYEE_SCHEDULE.TS_ID ASC;', 'Super User', '2016-06-23 01:03:24', '192.168.1.69'),
(65, 'SELECT EMP_ID, CONCAT(EMPLOYEES.EMP_FIRST_NAME, " ", EMPLOYEES.EMP_LAST_NAME) AS EMP_NAME FROM EMPLOYEES WHERE EMP_ID IN (SELECT DISTINCT EMP_ID FROM EMPLOYEE_SCHEDULE WHERE (SCH_DATE = "2016-06-22") ORDER BY EMP_ID);', 'Super User', '2016-06-23 01:03:24', '192.168.1.69'),
(66, 'SELECT EMPLOYEE_SCHEDULE.TS_ID, EMPLOYEE_SCHEDULE.TS_STATUS_ID, TIME_SLOTS_STATUS.ICON_URL FROM EMPLOYEE_SCHEDULE, TIME_SLOTS_STATUS WHERE (EMPLOYEE_SCHEDULE.EMP_ID = 1) AND (EMPLOYEE_SCHEDULE.SCH_DATE = "2016-06-22") AND  (EMPLOYEE_SCHEDULE.TS_STATUS_ID = TIME_SLOTS_STATUS.TS_STATUS_ID) ORDER BY EMPLOYEE_SCHEDULE.TS_ID ASC;', 'Super User', '2016-06-23 01:03:24', '192.168.1.69'),
(67, 'SELECT EMPLOYEE_SCHEDULE.TS_ID, EMPLOYEE_SCHEDULE.TS_STATUS_ID, TIME_SLOTS_STATUS.ICON_URL FROM EMPLOYEE_SCHEDULE, TIME_SLOTS_STATUS WHERE (EMPLOYEE_SCHEDULE.EMP_ID = 2) AND (EMPLOYEE_SCHEDULE.SCH_DATE = "2016-06-22") AND  (EMPLOYEE_SCHEDULE.TS_STATUS_ID = TIME_SLOTS_STATUS.TS_STATUS_ID) ORDER BY EMPLOYEE_SCHEDULE.TS_ID ASC;', 'Super User', '2016-06-23 01:03:24', '192.168.1.69'),
(68, 'SELECT EMPLOYEE_SCHEDULE.TS_ID, EMPLOYEE_SCHEDULE.TS_STATUS_ID, TIME_SLOTS_STATUS.ICON_URL FROM EMPLOYEE_SCHEDULE, TIME_SLOTS_STATUS WHERE (EMPLOYEE_SCHEDULE.EMP_ID = 3) AND (EMPLOYEE_SCHEDULE.SCH_DATE = "2016-06-22") AND  (EMPLOYEE_SCHEDULE.TS_STATUS_ID = TIME_SLOTS_STATUS.TS_STATUS_ID) ORDER BY EMPLOYEE_SCHEDULE.TS_ID ASC;', 'Super User', '2016-06-23 01:03:24', '192.168.1.69'),
(69, 'SELECT EMPLOYEE_SCHEDULE.TS_ID, EMPLOYEE_SCHEDULE.TS_STATUS_ID, TIME_SLOTS_STATUS.ICON_URL FROM EMPLOYEE_SCHEDULE, TIME_SLOTS_STATUS WHERE (EMPLOYEE_SCHEDULE.EMP_ID = 4) AND (EMPLOYEE_SCHEDULE.SCH_DATE = "2016-06-22") AND  (EMPLOYEE_SCHEDULE.TS_STATUS_ID = TIME_SLOTS_STATUS.TS_STATUS_ID) ORDER BY EMPLOYEE_SCHEDULE.TS_ID ASC;', 'Super User', '2016-06-23 01:03:24', '192.168.1.69'),
(70, 'SELECT EMPLOYEE_SCHEDULE.TS_ID, EMPLOYEE_SCHEDULE.TS_STATUS_ID, TIME_SLOTS_STATUS.ICON_URL FROM EMPLOYEE_SCHEDULE, TIME_SLOTS_STATUS WHERE (EMPLOYEE_SCHEDULE.EMP_ID = 5) AND (EMPLOYEE_SCHEDULE.SCH_DATE = "2016-06-22") AND  (EMPLOYEE_SCHEDULE.TS_STATUS_ID = TIME_SLOTS_STATUS.TS_STATUS_ID) ORDER BY EMPLOYEE_SCHEDULE.TS_ID ASC;', 'Super User', '2016-06-23 01:03:24', '192.168.1.69'),
(71, 'SELECT EMP_ID, CONCAT(EMPLOYEES.EMP_FIRST_NAME, " ", EMPLOYEES.EMP_LAST_NAME) AS EMP_NAME FROM EMPLOYEES WHERE EMP_ID IN (SELECT DISTINCT EMP_ID FROM EMPLOYEE_SCHEDULE WHERE (SCH_DATE = "2016-06-22") ORDER BY EMP_ID);', 'Super User', '2016-06-23 01:03:24', '192.168.1.69'),
(72, 'SELECT EMPLOYEE_SCHEDULE.TS_ID, EMPLOYEE_SCHEDULE.TS_STATUS_ID, TIME_SLOTS_STATUS.ICON_URL FROM EMPLOYEE_SCHEDULE, TIME_SLOTS_STATUS WHERE (EMPLOYEE_SCHEDULE.EMP_ID = 1) AND (EMPLOYEE_SCHEDULE.SCH_DATE = "2016-06-22") AND  (EMPLOYEE_SCHEDULE.TS_STATUS_ID = TIME_SLOTS_STATUS.TS_STATUS_ID) ORDER BY EMPLOYEE_SCHEDULE.TS_ID ASC;', 'Super User', '2016-06-23 01:03:24', '192.168.1.69'),
(73, 'SELECT EMPLOYEE_SCHEDULE.TS_ID, EMPLOYEE_SCHEDULE.TS_STATUS_ID, TIME_SLOTS_STATUS.ICON_URL FROM EMPLOYEE_SCHEDULE, TIME_SLOTS_STATUS WHERE (EMPLOYEE_SCHEDULE.EMP_ID = 2) AND (EMPLOYEE_SCHEDULE.SCH_DATE = "2016-06-22") AND  (EMPLOYEE_SCHEDULE.TS_STATUS_ID = TIME_SLOTS_STATUS.TS_STATUS_ID) ORDER BY EMPLOYEE_SCHEDULE.TS_ID ASC;', 'Super User', '2016-06-23 01:03:24', '192.168.1.69'),
(74, 'SELECT EMPLOYEE_SCHEDULE.TS_ID, EMPLOYEE_SCHEDULE.TS_STATUS_ID, TIME_SLOTS_STATUS.ICON_URL FROM EMPLOYEE_SCHEDULE, TIME_SLOTS_STATUS WHERE (EMPLOYEE_SCHEDULE.EMP_ID = 3) AND (EMPLOYEE_SCHEDULE.SCH_DATE = "2016-06-22") AND  (EMPLOYEE_SCHEDULE.TS_STATUS_ID = TIME_SLOTS_STATUS.TS_STATUS_ID) ORDER BY EMPLOYEE_SCHEDULE.TS_ID ASC;', 'Super User', '2016-06-23 01:03:24', '192.168.1.69'),
(75, 'SELECT EMPLOYEE_SCHEDULE.TS_ID, EMPLOYEE_SCHEDULE.TS_STATUS_ID, TIME_SLOTS_STATUS.ICON_URL FROM EMPLOYEE_SCHEDULE, TIME_SLOTS_STATUS WHERE (EMPLOYEE_SCHEDULE.EMP_ID = 4) AND (EMPLOYEE_SCHEDULE.SCH_DATE = "2016-06-22") AND  (EMPLOYEE_SCHEDULE.TS_STATUS_ID = TIME_SLOTS_STATUS.TS_STATUS_ID) ORDER BY EMPLOYEE_SCHEDULE.TS_ID ASC;', 'Super User', '2016-06-23 01:03:24', '192.168.1.69'),
(76, 'SELECT EMPLOYEE_SCHEDULE.TS_ID, EMPLOYEE_SCHEDULE.TS_STATUS_ID, TIME_SLOTS_STATUS.ICON_URL FROM EMPLOYEE_SCHEDULE, TIME_SLOTS_STATUS WHERE (EMPLOYEE_SCHEDULE.EMP_ID = 5) AND (EMPLOYEE_SCHEDULE.SCH_DATE = "2016-06-22") AND  (EMPLOYEE_SCHEDULE.TS_STATUS_ID = TIME_SLOTS_STATUS.TS_STATUS_ID) ORDER BY EMPLOYEE_SCHEDULE.TS_ID ASC;', 'Super User', '2016-06-23 01:03:24', '192.168.1.69'),
(77, 'SELECT EMP_ID, CONCAT(EMPLOYEES.EMP_FIRST_NAME, " ", EMPLOYEES.EMP_LAST_NAME) AS EMP_NAME FROM EMPLOYEES WHERE EMP_ID IN (SELECT DISTINCT EMP_ID FROM EMPLOYEE_SCHEDULE WHERE (SCH_DATE = "2016-06-22") ORDER BY EMP_ID);', 'Super User', '2016-06-23 01:03:25', '192.168.1.69'),
(78, 'SELECT EMPLOYEE_SCHEDULE.TS_ID, EMPLOYEE_SCHEDULE.TS_STATUS_ID, TIME_SLOTS_STATUS.ICON_URL FROM EMPLOYEE_SCHEDULE, TIME_SLOTS_STATUS WHERE (EMPLOYEE_SCHEDULE.EMP_ID = 1) AND (EMPLOYEE_SCHEDULE.SCH_DATE = "2016-06-22") AND  (EMPLOYEE_SCHEDULE.TS_STATUS_ID = TIME_SLOTS_STATUS.TS_STATUS_ID) ORDER BY EMPLOYEE_SCHEDULE.TS_ID ASC;', 'Super User', '2016-06-23 01:03:25', '192.168.1.69'),
(79, 'SELECT EMPLOYEE_SCHEDULE.TS_ID, EMPLOYEE_SCHEDULE.TS_STATUS_ID, TIME_SLOTS_STATUS.ICON_URL FROM EMPLOYEE_SCHEDULE, TIME_SLOTS_STATUS WHERE (EMPLOYEE_SCHEDULE.EMP_ID = 2) AND (EMPLOYEE_SCHEDULE.SCH_DATE = "2016-06-22") AND  (EMPLOYEE_SCHEDULE.TS_STATUS_ID = TIME_SLOTS_STATUS.TS_STATUS_ID) ORDER BY EMPLOYEE_SCHEDULE.TS_ID ASC;', 'Super User', '2016-06-23 01:03:25', '192.168.1.69'),
(80, 'SELECT EMPLOYEE_SCHEDULE.TS_ID, EMPLOYEE_SCHEDULE.TS_STATUS_ID, TIME_SLOTS_STATUS.ICON_URL FROM EMPLOYEE_SCHEDULE, TIME_SLOTS_STATUS WHERE (EMPLOYEE_SCHEDULE.EMP_ID = 3) AND (EMPLOYEE_SCHEDULE.SCH_DATE = "2016-06-22") AND  (EMPLOYEE_SCHEDULE.TS_STATUS_ID = TIME_SLOTS_STATUS.TS_STATUS_ID) ORDER BY EMPLOYEE_SCHEDULE.TS_ID ASC;', 'Super User', '2016-06-23 01:03:25', '192.168.1.69'),
(81, 'SELECT EMPLOYEE_SCHEDULE.TS_ID, EMPLOYEE_SCHEDULE.TS_STATUS_ID, TIME_SLOTS_STATUS.ICON_URL FROM EMPLOYEE_SCHEDULE, TIME_SLOTS_STATUS WHERE (EMPLOYEE_SCHEDULE.EMP_ID = 4) AND (EMPLOYEE_SCHEDULE.SCH_DATE = "2016-06-22") AND  (EMPLOYEE_SCHEDULE.TS_STATUS_ID = TIME_SLOTS_STATUS.TS_STATUS_ID) ORDER BY EMPLOYEE_SCHEDULE.TS_ID ASC;', 'Super User', '2016-06-23 01:03:25', '192.168.1.69'),
(82, 'SELECT EMPLOYEE_SCHEDULE.TS_ID, EMPLOYEE_SCHEDULE.TS_STATUS_ID, TIME_SLOTS_STATUS.ICON_URL FROM EMPLOYEE_SCHEDULE, TIME_SLOTS_STATUS WHERE (EMPLOYEE_SCHEDULE.EMP_ID = 5) AND (EMPLOYEE_SCHEDULE.SCH_DATE = "2016-06-22") AND  (EMPLOYEE_SCHEDULE.TS_STATUS_ID = TIME_SLOTS_STATUS.TS_STATUS_ID) ORDER BY EMPLOYEE_SCHEDULE.TS_ID ASC;', 'Super User', '2016-06-23 01:03:25', '192.168.1.69');

-- --------------------------------------------------------

--
-- Table structure for table `educations`
--

CREATE TABLE `educations` (
  `EDU_ID` int(11) NOT NULL,
  `EDU_DEGREE` varchar(50) NOT NULL
) ENGINE=InnoDB DEFAULT CHARSET=latin1;

--
-- Dumping data for table `educations`
--

INSERT INTO `educations` (`EDU_ID`, `EDU_DEGREE`) VALUES
(1, 'No Degree'),
(2, '3-month Attestation of Collegial Studies'),
(3, '6-month Attestation of Collegial Studies'),
(4, '1-year Attestation of Collegial Studies'),
(5, '3-year College'),
(6, '4-year University'),
(7, 'Master of Arts'),
(8, 'Doctor of Philosophy');

-- --------------------------------------------------------

--
-- Table structure for table `educator_student`
--

CREATE TABLE `educator_student` (
  `EDU_STU_ID` int(11) NOT NULL,
  `EMP_ID` int(11) NOT NULL,
  `STU_ID` int(11) NOT NULL,
  `RESPONSITIVTY` varchar(10) NOT NULL,
  `START_DATE` date NOT NULL,
  `END_DATE` date NOT NULL,
  `NOTES` text NOT NULL
) ENGINE=InnoDB DEFAULT CHARSET=latin1;

--
-- Dumping data for table `educator_student`
--

INSERT INTO `educator_student` (`EDU_STU_ID`, `EMP_ID`, `STU_ID`, `RESPONSITIVTY`, `START_DATE`, `END_DATE`, `NOTES`) VALUES
(1, 1, 1, 'Teach', '2016-06-13', '0000-00-00', ''),
(2, 1, 3, 'Teach', '2016-06-11', '0000-00-00', ''),
(3, 1, 5, 'Teach', '2016-05-02', '0000-00-00', ''),
(4, 1, 7, 'Teach', '2016-04-01', '0000-00-00', ''),
(5, 1, 9, 'Teach', '2016-04-09', '0000-00-00', ''),
(6, 1, 10, 'Teach', '2016-02-05', '0000-00-00', ''),
(7, 1, 12, 'Teach', '2016-05-20', '0000-00-00', ''),
(8, 1, 14, 'Teach', '2016-07-06', '0000-00-00', ''),
(9, 1, 16, 'Teach', '2016-04-03', '0000-00-00', ''),
(10, 1, 18, 'Teach', '2016-07-30', '0000-00-00', ''),
(11, 1, 20, 'Teach', '2015-04-19', '0000-00-00', ''),
(12, 2, 2, 'Teach', '2014-05-19', '0000-00-00', ''),
(13, 2, 4, 'Teach', '2014-05-31', '0000-00-00', ''),
(14, 2, 6, 'Teach', '2015-05-06', '0000-00-00', ''),
(15, 2, 8, 'Teach', '2015-05-30', '0000-00-00', ''),
(16, 2, 11, 'Teach', '2015-07-24', '0000-00-00', ''),
(17, 2, 13, 'Teach', '2016-09-25', '0000-00-00', ''),
(18, 2, 15, 'Teach', '2013-09-04', '0000-00-00', ''),
(19, 2, 17, 'Teach', '2015-12-31', '0000-00-00', ''),
(20, 2, 19, 'Teach', '2014-07-06', '0000-00-00', '');

-- --------------------------------------------------------

--
-- Table structure for table `employees`
--

CREATE TABLE `employees` (
  `EMP_ID` int(11) NOT NULL,
  `EMP_FIRST_NAME` varchar(50) NOT NULL,
  `EMP_LAST_NAME` varchar(25) NOT NULL,
  `EMP_BIRTHDATE` date NOT NULL,
  `EMP_SEX` varchar(1) NOT NULL,
  `EMP_PHOTO` varchar(50) NOT NULL,
  `EMP_ADDRESS` varchar(50) NOT NULL,
  `EMP_CITY` varchar(20) NOT NULL,
  `EMP_PROVINCE` varchar(20) NOT NULL,
  `EMP_POSTAL_CODE` varchar(10) NOT NULL,
  `EMP_COUNTRY` varchar(20) NOT NULL,
  `EMP_PHONE1` varchar(15) NOT NULL,
  `EMP_PHONE2` varchar(15) DEFAULT NULL,
  `EMP_EMAIL` varchar(50) NOT NULL,
  `EMP_HIRE_DATE` date NOT NULL,
  `EMP_END_DATE` date NOT NULL,
  `EMP_EDU_ID` int(11) NOT NULL,
  `EDU_DAYCARE_EXPERIENCE` tinyint(11) NOT NULL,
  `EDU_MONTESSORI_EXPERIENCE` tinyint(11) NOT NULL,
  `EMP_POST_ID1` int(11) NOT NULL,
  `EMP_POST_ID2` int(11) DEFAULT NULL,
  `EMP_BOSS_ID` int(11) DEFAULT NULL,
  `EMP_HOURLY_RATE` float NOT NULL,
  `EMP_PASSCODE` varchar(10) NOT NULL,
  `EMP_NOTES` text
) ENGINE=InnoDB DEFAULT CHARSET=latin1;

--
-- Dumping data for table `employees`
--

INSERT INTO `employees` (`EMP_ID`, `EMP_FIRST_NAME`, `EMP_LAST_NAME`, `EMP_BIRTHDATE`, `EMP_SEX`, `EMP_PHOTO`, `EMP_ADDRESS`, `EMP_CITY`, `EMP_PROVINCE`, `EMP_POSTAL_CODE`, `EMP_COUNTRY`, `EMP_PHONE1`, `EMP_PHONE2`, `EMP_EMAIL`, `EMP_HIRE_DATE`, `EMP_END_DATE`, `EMP_EDU_ID`, `EDU_DAYCARE_EXPERIENCE`, `EDU_MONTESSORI_EXPERIENCE`, `EMP_POST_ID1`, `EMP_POST_ID2`, `EMP_BOSS_ID`, `EMP_HOURLY_RATE`, `EMP_PASSCODE`, `EMP_NOTES`) VALUES
(1, 'Raphaelle', 'Philippe', '1973-06-08', 'F', 'images/employee_photos/1.png', '1887 Ch. du Tremblay #100', 'Longueuil', 'QC', 'J4N 1A4', 'Canada', ' 450-332-7255', NULL, 'raphaelle.philippe@gmail.com', '2009-06-19', '0000-00-00', 6, 7, 7, 3, 1, NULL, 35.75, '1887', 'The owner of the school'),
(2, 'Linda', 'Tweed', '1982-10-10', 'F', 'images/employee_photos/2.png', '3412 Rue Simon', 'Montreal', 'QC', 'H1K 2S6 ', 'Canada', '514-649-6731', NULL, 'linda.tweed@yahoo.com', '2013-07-04', '0000-00-00', 4, 5, 5, 4, NULL, 1, 15.5, '8772', NULL),
(3, 'Cathy', 'Kim', '1988-12-11', 'F', 'images/employee_photos/3.png', '4528 University Street', 'Montreal', 'QC', 'H3A 0E9', 'Canada', '514-464-2673', NULL, 'cathy.kim@gmail.com', '2015-09-12', '0000-00-00', 3, 2, 1, 4, NULL, 1, 14.5, '4072', NULL),
(4, 'Mary', 'Garcia', '1988-12-11', 'F', 'images/employee_photos/4.png', '2856 Ave. George', 'Montreal', 'QC', 'H1K 2S8', 'Canada', '514-644-7721', NULL, 'mary.garcia@hotmail.com', '2014-11-09', '0000-00-00', 4, 5, 2, 3, NULL, 1, 17.5, '2016', NULL),
(5, 'Jenifer', 'Taylor', '1989-12-24', 'F', 'images/employee_photos/5.png', '39 Rue Saint Paul Est', 'Montreal', 'QC', 'S1A 1B9', 'Canada', '438-414-7281', NULL, 'Jenifer.Taylor@hotmail.com', '2012-09-16', '0000-00-00', 5, 6, 3, 4, NULL, 1, 20.75, '7381', NULL),
(6, 'Super', 'User', '1990-01-17', 'M', 'images/employee_photos/6.png', '3927 Rue Saint-Denis', 'Montreal', 'QC', 'H4H 2A5', 'Canada', '460-135-5567', NULL, 'super.user@hotmail.com', '2010-09-16', '0000-00-00', 3, 0, 0, 8, NULL, 1, 25, '1357', NULL);

-- --------------------------------------------------------

--
-- Table structure for table `employee_attendances`
--

CREATE TABLE `employee_attendances` (
  `EMP_ATT_ID` int(11) NOT NULL,
  `EMP_ID` int(11) NOT NULL,
  `EVENT_TYPE` varchar(5) NOT NULL,
  `DATE_TIME` datetime NOT NULL,
  `IP_ADDR` varchar(50) NOT NULL,
  `NOTES` text NOT NULL
) ENGINE=InnoDB DEFAULT CHARSET=latin1;

--
-- Dumping data for table `employee_attendances`
--

INSERT INTO `employee_attendances` (`EMP_ATT_ID`, `EMP_ID`, `EVENT_TYPE`, `DATE_TIME`, `IP_ADDR`, `NOTES`) VALUES
(171, 2, 'In', '2016-06-22 12:13:32', '192.168.0.42', ''),
(172, 4, 'In', '2016-06-22 12:18:00', '192.168.0.42', '');

-- --------------------------------------------------------

--
-- Table structure for table `employee_log_failures`
--

CREATE TABLE `employee_log_failures` (
  `EM_LOG_F_ID` int(11) NOT NULL,
  `IP_ADDR` varchar(50) NOT NULL,
  `PASSCODE` varchar(50) NOT NULL,
  `DATE_TIME` datetime NOT NULL
) ENGINE=InnoDB DEFAULT CHARSET=latin1;

--
-- Dumping data for table `employee_log_failures`
--

INSERT INTO `employee_log_failures` (`EM_LOG_F_ID`, `IP_ADDR`, `PASSCODE`, `DATE_TIME`) VALUES
(41, '::1', '11', '2016-06-10 12:37:36'),
(42, '::1', '12', '2016-06-10 12:37:46'),
(43, '::1', '13', '2016-06-10 12:37:54'),
(44, '::1', '14', '2016-06-10 12:38:05'),
(45, '::1', '15', '2016-06-10 12:38:13'),
(46, '::1', '16', '2016-06-10 12:39:08'),
(47, '::1', '17', '2016-06-10 12:39:11'),
(48, '::1', '18', '2016-06-10 12:39:13'),
(49, '::1', '19', '2016-06-10 12:39:15'),
(50, '::1', '20', '2016-06-10 12:39:17'),
(51, '::1', '21', '2016-06-10 12:39:20'),
(52, '::1', '22', '2016-06-10 12:39:22'),
(53, '::1', '23', '2016-06-10 12:39:25'),
(54, '::1', '78', '2016-06-10 12:40:42'),
(55, '::1', '12', '2016-06-10 12:43:26'),
(56, '::1', '25', '2016-06-10 12:44:54'),
(57, '::1', '12', '2016-06-10 12:45:09'),
(58, '::1', '', '2016-06-10 12:45:12'),
(59, '::1', '62', '2016-06-10 12:45:16'),
(60, '::1', '32', '2016-06-10 12:45:18'),
(61, '::1', '21', '2016-06-10 12:45:34'),
(62, '::1', '65', '2016-06-10 12:45:37'),
(63, '::1', '98', '2016-06-10 12:45:38'),
(64, '::1', '80', '2016-06-10 12:45:41'),
(65, '::1', '45', '2016-06-10 12:45:43'),
(66, '::1', '39', '2016-06-10 12:45:47'),
(67, '::1', '78', '2016-06-10 12:45:50'),
(68, '::1', '08', '2016-06-10 12:45:52'),
(69, '::1', '5880', '2016-06-10 12:45:54'),
(70, '::1', '21', '2016-06-10 12:46:14'),
(71, '::1', '25', '2016-06-10 12:47:42'),
(72, '::1', '12', '2016-06-10 12:49:26'),
(73, '::1', '12', '2016-06-10 12:50:04'),
(74, '::1', '45', '2016-06-10 13:18:29'),
(75, '::1', '632', '2016-06-10 13:19:12'),
(76, '::1', '65', '2016-06-10 13:24:54'),
(77, '::1', '21', '2016-06-10 13:35:05'),
(78, '::1', '985', '2016-06-10 13:35:08'),
(79, '::1', '123456', '2016-06-10 14:11:06'),
(80, '::1', '5623', '2016-06-10 17:51:17'),
(81, '::1', '3254', '2016-06-10 17:51:26'),
(82, '192.168.1.68', '569', '2016-06-10 22:22:25'),
(83, '192.168.1.68', '6598', '2016-06-10 22:40:29'),
(84, '192.168.1.68', '25896554', '2016-06-10 22:45:03'),
(85, '192.168.1.68', '562566', '2016-06-10 22:45:07'),
(86, '192.168.1.68', '5365125', '2016-06-10 22:48:30'),
(87, '192.168.1.68', '1872', '2016-06-10 22:49:27'),
(88, '::1', '78', '2016-06-13 10:55:31'),
(89, '::1', '', '2016-06-13 10:55:31'),
(90, '192.168.0.42', '6', '2016-06-13 11:19:40'),
(91, '192.168.0.42', '65', '2016-06-13 11:19:43'),
(92, 'localhost/unknown', '655', '2016-06-13 11:30:15'),
(93, 'localhost/unknown', '96589', '2016-06-13 11:30:17'),
(94, '10.1.31.59', '566546', '2016-06-13 13:08:55'),
(95, '10.1.31.59', '652365', '2016-06-13 13:08:57'),
(96, '10.1.31.59', '8569', '2016-06-13 13:54:15'),
(97, '10.1.31.59', '4587', '2016-06-13 13:54:18'),
(98, '10.1.31.59', '998566', '2016-06-13 13:58:32'),
(99, '10.1.31.59', '5236', '2016-06-13 14:07:00'),
(100, '10.1.31.59', '854', '2016-06-13 14:07:01'),
(101, '192.168.1.68', '872', '2016-06-14 00:08:02'),
(102, '10.1.31.59', '2365', '2016-06-14 18:35:21'),
(103, '10.1.31.59', '6632', '2016-06-14 18:35:23'),
(104, '10.1.31.59', '6589', '2016-06-14 18:35:25'),
(105, '10.1.31.59', '877', '2016-06-14 18:51:27'),
(106, '192.168.1.68', '365', '2016-06-15 00:41:46'),
(107, '192.168.1.68', '652', '2016-06-15 00:43:45'),
(108, '192.168.1.68', '563', '2016-06-15 00:43:49'),
(109, '192.168.1.68', '5698', '2016-06-15 00:43:52'),
(110, '192.168.1.68', '5699', '2016-06-15 00:43:55'),
(111, '192.168.0.42', '2816', '2016-06-15 12:36:51'),
(112, '192.168.0.42', '2816', '2016-06-15 12:36:55'),
(113, '192.168.0.42', '2816', '2016-06-15 13:59:09'),
(114, '192.168.0.42', '4872', '2016-06-15 14:24:27'),
(115, '192.168.0.42', '381', '2016-06-15 17:27:02'),
(116, '192.168.1.69', '872', '2016-06-23 01:02:31');

-- --------------------------------------------------------

--
-- Table structure for table `employee_log_ios`
--

CREATE TABLE `employee_log_ios` (
  `EMP_LOGS_ID` int(11) NOT NULL,
  `EMP_ID` int(11) NOT NULL,
  `EVENT_TYPE` varchar(3) NOT NULL,
  `DATE_TIME` datetime NOT NULL,
  `IP_ADDR` varchar(50) NOT NULL
) ENGINE=InnoDB DEFAULT CHARSET=latin1;

--
-- Dumping data for table `employee_log_ios`
--

INSERT INTO `employee_log_ios` (`EMP_LOGS_ID`, `EMP_ID`, `EVENT_TYPE`, `DATE_TIME`, `IP_ADDR`) VALUES
(1, 6, 'Out', '2016-06-23 01:02:25', '192.168.1.69'),
(2, 2, 'In', '2016-06-23 01:02:37', '192.168.1.69'),
(3, 2, 'Out', '2016-06-23 01:02:41', '192.168.1.69'),
(4, 6, 'In', '2016-06-23 01:02:45', '192.168.1.69');

-- --------------------------------------------------------

--
-- Table structure for table `employee_schedule`
--

CREATE TABLE `employee_schedule` (
  `EMP_SCH_ID` int(11) NOT NULL,
  `EMP_ID` int(11) NOT NULL,
  `TS_ID` char(1) CHARACTER SET latin1 COLLATE latin1_bin NOT NULL,
  `TS_STATUS_ID` int(11) NOT NULL,
  `SCH_DATE` date NOT NULL,
  `UPDATED_BY_EMP_ID` int(11) NOT NULL,
  `UPDATED_ON_DATE_TIME` datetime NOT NULL,
  `UPDATED_AT_IP_ADDR` varchar(50) NOT NULL,
  `NOTES` varchar(2000) NOT NULL
) ENGINE=InnoDB DEFAULT CHARSET=latin1;

--
-- Dumping data for table `employee_schedule`
--

INSERT INTO `employee_schedule` (`EMP_SCH_ID`, `EMP_ID`, `TS_ID`, `TS_STATUS_ID`, `SCH_DATE`, `UPDATED_BY_EMP_ID`, `UPDATED_ON_DATE_TIME`, `UPDATED_AT_IP_ADDR`, `NOTES`) VALUES
(1, 2, 'A', 1, '2016-06-22', 1, '2016-06-22 15:16:29', '192.168.0.42', ''),
(2, 2, 'B', 1, '2016-06-22', 1, '2016-06-22 15:16:29', '192.168.0.42', ''),
(3, 2, 'C', 2, '2016-06-22', 1, '2016-06-22 15:16:29', '192.168.0.42', ''),
(4, 2, 'D', 2, '2016-06-22', 1, '2016-06-22 15:16:29', '192.168.0.42', ''),
(5, 2, 'E', 2, '2016-06-22', 1, '2016-06-22 15:16:29', '192.168.0.42', ''),
(6, 2, 'F', 2, '2016-06-22', 1, '2016-06-22 15:16:29', '192.168.0.42', ''),
(7, 2, 'G', 2, '2016-06-22', 1, '2016-06-22 15:16:29', '192.168.0.42', ''),
(8, 2, 'H', 2, '2016-06-22', 1, '2016-06-22 15:16:29', '192.168.0.42', ''),
(9, 2, 'I', 2, '2016-06-22', 1, '2016-06-22 15:16:29', '192.168.0.42', ''),
(10, 2, 'J', 1, '2016-06-22', 1, '2016-06-22 15:16:29', '192.168.0.42', ''),
(11, 2, 'K', 1, '2016-06-22', 1, '2016-06-22 15:16:29', '192.168.0.42', ''),
(12, 2, 'L', 1, '2016-06-22', 1, '2016-06-22 15:16:29', '192.168.0.42', ''),
(13, 2, 'M', 1, '2016-06-22', 1, '2016-06-22 15:16:29', '192.168.0.42', ''),
(14, 2, 'N', 1, '2016-06-22', 1, '2016-06-22 15:16:29', '192.168.0.42', ''),
(15, 2, 'O', 1, '2016-06-22', 1, '2016-06-22 15:16:29', '192.168.0.42', ''),
(16, 2, 'P', 1, '2016-06-22', 1, '2016-06-22 15:16:30', '192.168.0.42', ''),
(17, 2, 'Q', 2, '2016-06-22', 1, '2016-06-22 15:16:30', '192.168.0.42', ''),
(18, 2, 'R', 2, '2016-06-22', 1, '2016-06-22 15:16:30', '192.168.0.42', ''),
(19, 2, 'S', 2, '2016-06-22', 1, '2016-06-22 15:16:30', '192.168.0.42', ''),
(20, 2, 'T', 2, '2016-06-22', 1, '2016-06-22 15:16:30', '192.168.0.42', ''),
(21, 2, 'U', 2, '2016-06-22', 1, '2016-06-22 15:16:30', '192.168.0.42', ''),
(22, 2, 'V', 2, '2016-06-22', 1, '2016-06-22 15:16:30', '192.168.0.42', ''),
(23, 2, 'W', 2, '2016-06-22', 1, '2016-06-22 15:16:30', '192.168.0.42', ''),
(24, 2, 'X', 3, '2016-06-22', 1, '2016-06-22 15:16:30', '192.168.0.42', ''),
(25, 2, 'Y', 3, '2016-06-22', 1, '2016-06-22 15:16:30', '192.168.0.42', ''),
(26, 2, 'Z', 1, '2016-06-22', 1, '2016-06-22 15:16:30', '192.168.0.42', ''),
(27, 3, 'A', 1, '2016-06-22', 1, '2016-06-22 15:20:18', '192.168.0.42', ''),
(28, 3, 'B', 1, '2016-06-22', 1, '2016-06-22 15:20:18', '192.168.0.42', ''),
(29, 3, 'C', 1, '2016-06-22', 1, '2016-06-22 15:20:18', '192.168.0.42', ''),
(30, 3, 'D', 1, '2016-06-22', 1, '2016-06-22 15:20:18', '192.168.0.42', ''),
(31, 3, 'E', 1, '2016-06-22', 1, '2016-06-22 15:20:18', '192.168.0.42', ''),
(32, 3, 'F', 2, '2016-06-22', 1, '2016-06-22 15:20:18', '192.168.0.42', ''),
(33, 3, 'G', 2, '2016-06-22', 1, '2016-06-22 15:20:18', '192.168.0.42', ''),
(34, 3, 'H', 2, '2016-06-22', 1, '2016-06-22 15:20:18', '192.168.0.42', ''),
(35, 3, 'I', 2, '2016-06-22', 1, '2016-06-22 15:20:19', '192.168.0.42', ''),
(36, 3, 'J', 2, '2016-06-22', 1, '2016-06-22 15:20:19', '192.168.0.42', ''),
(37, 3, 'K', 2, '2016-06-22', 1, '2016-06-22 15:20:19', '192.168.0.42', ''),
(38, 3, 'L', 2, '2016-06-22', 1, '2016-06-22 15:20:19', '192.168.0.42', ''),
(39, 3, 'M', 2, '2016-06-22', 1, '2016-06-22 15:20:19', '192.168.0.42', ''),
(40, 3, 'N', 2, '2016-06-22', 1, '2016-06-22 15:20:19', '192.168.0.42', ''),
(41, 3, 'O', 2, '2016-06-22', 1, '2016-06-22 15:20:19', '192.168.0.42', ''),
(42, 3, 'P', 2, '2016-06-22', 1, '2016-06-22 15:20:19', '192.168.0.42', ''),
(43, 3, 'Q', 2, '2016-06-22', 1, '2016-06-22 15:20:19', '192.168.0.42', ''),
(44, 3, 'R', 2, '2016-06-22', 1, '2016-06-22 15:20:19', '192.168.0.42', ''),
(45, 3, 'S', 2, '2016-06-22', 1, '2016-06-22 15:20:19', '192.168.0.42', ''),
(46, 3, 'T', 2, '2016-06-22', 1, '2016-06-22 15:20:19', '192.168.0.42', ''),
(47, 3, 'U', 1, '2016-06-22', 1, '2016-06-22 15:20:19', '192.168.0.42', ''),
(48, 3, 'V', 1, '2016-06-22', 1, '2016-06-22 15:20:19', '192.168.0.42', ''),
(49, 3, 'W', 1, '2016-06-22', 1, '2016-06-22 15:20:19', '192.168.0.42', ''),
(50, 3, 'X', 1, '2016-06-22', 1, '2016-06-22 15:20:19', '192.168.0.42', ''),
(51, 3, 'Y', 1, '2016-06-22', 1, '2016-06-22 15:20:19', '192.168.0.42', ''),
(52, 3, 'Z', 1, '2016-06-22', 1, '2016-06-22 15:20:19', '192.168.0.42', ''),
(53, 4, 'A', 1, '2016-06-22', 1, '2016-06-22 15:22:40', '192.168.0.42', ''),
(54, 4, 'B', 1, '2016-06-22', 1, '2016-06-22 15:22:40', '192.168.0.42', ''),
(55, 4, 'C', 2, '2016-06-22', 1, '2016-06-22 15:22:40', '192.168.0.42', ''),
(56, 4, 'D', 2, '2016-06-22', 1, '2016-06-22 15:22:40', '192.168.0.42', ''),
(57, 4, 'E', 2, '2016-06-22', 1, '2016-06-22 15:22:40', '192.168.0.42', ''),
(58, 4, 'F', 2, '2016-06-22', 1, '2016-06-22 15:22:40', '192.168.0.42', ''),
(59, 4, 'G', 2, '2016-06-22', 1, '2016-06-22 15:22:40', '192.168.0.42', ''),
(60, 4, 'H', 2, '2016-06-22', 1, '2016-06-22 15:22:40', '192.168.0.42', ''),
(61, 4, 'I', 2, '2016-06-22', 1, '2016-06-22 15:22:40', '192.168.0.42', ''),
(62, 4, 'J', 2, '2016-06-22', 1, '2016-06-22 15:22:40', '192.168.0.42', ''),
(63, 4, 'K', 2, '2016-06-22', 1, '2016-06-22 15:22:40', '192.168.0.42', ''),
(64, 4, 'L', 2, '2016-06-22', 1, '2016-06-22 15:22:40', '192.168.0.42', ''),
(65, 4, 'M', 2, '2016-06-22', 1, '2016-06-22 15:22:40', '192.168.0.42', ''),
(66, 4, 'N', 2, '2016-06-22', 1, '2016-06-22 15:22:40', '192.168.0.42', ''),
(67, 4, 'O', 2, '2016-06-22', 1, '2016-06-22 15:22:40', '192.168.0.42', ''),
(68, 4, 'P', 2, '2016-06-22', 1, '2016-06-22 15:22:41', '192.168.0.42', ''),
(69, 4, 'Q', 4, '2016-06-22', 1, '2016-06-22 15:22:41', '192.168.0.42', ''),
(70, 4, 'R', 4, '2016-06-22', 1, '2016-06-22 15:22:41', '192.168.0.42', ''),
(71, 4, 'S', 4, '2016-06-22', 1, '2016-06-22 15:22:41', '192.168.0.42', ''),
(72, 4, 'T', 4, '2016-06-22', 1, '2016-06-22 15:22:41', '192.168.0.42', ''),
(73, 4, 'U', 4, '2016-06-22', 1, '2016-06-22 15:22:41', '192.168.0.42', ''),
(74, 4, 'V', 4, '2016-06-22', 1, '2016-06-22 15:22:41', '192.168.0.42', ''),
(75, 4, 'W', 4, '2016-06-22', 1, '2016-06-22 15:22:41', '192.168.0.42', ''),
(76, 4, 'X', 4, '2016-06-22', 1, '2016-06-22 15:22:41', '192.168.0.42', ''),
(77, 4, 'Y', 4, '2016-06-22', 1, '2016-06-22 15:22:41', '192.168.0.42', ''),
(78, 4, 'Z', 4, '2016-06-22', 1, '2016-06-22 15:22:41', '192.168.0.42', ''),
(79, 5, 'A', 1, '2016-06-22', 1, '2016-06-22 15:24:20', '192.168.0.42', ''),
(80, 5, 'B', 1, '2016-06-22', 1, '2016-06-22 15:24:20', '192.168.0.42', ''),
(81, 5, 'C', 1, '2016-06-22', 1, '2016-06-22 15:24:20', '192.168.0.42', ''),
(82, 5, 'D', 1, '2016-06-22', 1, '2016-06-22 15:24:20', '192.168.0.42', ''),
(83, 5, 'E', 3, '2016-06-22', 1, '2016-06-22 15:24:20', '192.168.0.42', ''),
(84, 5, 'F', 3, '2016-06-22', 1, '2016-06-22 15:24:21', '192.168.0.42', ''),
(85, 5, 'G', 3, '2016-06-22', 1, '2016-06-22 15:24:21', '192.168.0.42', ''),
(86, 5, 'H', 3, '2016-06-22', 1, '2016-06-22 15:24:21', '192.168.0.42', ''),
(87, 5, 'I', 2, '2016-06-22', 1, '2016-06-22 15:24:21', '192.168.0.42', ''),
(88, 5, 'J', 2, '2016-06-22', 1, '2016-06-22 15:24:21', '192.168.0.42', ''),
(89, 5, 'K', 2, '2016-06-22', 1, '2016-06-22 15:24:21', '192.168.0.42', ''),
(90, 5, 'L', 2, '2016-06-22', 1, '2016-06-22 15:24:21', '192.168.0.42', ''),
(91, 5, 'M', 2, '2016-06-22', 1, '2016-06-22 15:24:21', '192.168.0.42', ''),
(92, 5, 'N', 2, '2016-06-22', 1, '2016-06-22 15:24:21', '192.168.0.42', ''),
(93, 5, 'O', 2, '2016-06-22', 1, '2016-06-22 15:24:21', '192.168.0.42', ''),
(94, 5, 'P', 2, '2016-06-22', 1, '2016-06-22 15:24:21', '192.168.0.42', ''),
(95, 5, 'Q', 2, '2016-06-22', 1, '2016-06-22 15:24:21', '192.168.0.42', ''),
(96, 5, 'R', 2, '2016-06-22', 1, '2016-06-22 15:24:21', '192.168.0.42', ''),
(97, 5, 'S', 2, '2016-06-22', 1, '2016-06-22 15:24:21', '192.168.0.42', ''),
(98, 5, 'T', 2, '2016-06-22', 1, '2016-06-22 15:24:21', '192.168.0.42', ''),
(99, 5, 'U', 2, '2016-06-22', 1, '2016-06-22 15:24:21', '192.168.0.42', ''),
(100, 5, 'V', 2, '2016-06-22', 1, '2016-06-22 15:24:21', '192.168.0.42', ''),
(101, 5, 'W', 2, '2016-06-22', 1, '2016-06-22 15:24:21', '192.168.0.42', ''),
(102, 5, 'X', 2, '2016-06-22', 1, '2016-06-22 15:24:21', '192.168.0.42', ''),
(103, 5, 'Y', 1, '2016-06-22', 1, '2016-06-22 15:24:22', '192.168.0.42', ''),
(104, 5, 'Z', 1, '2016-06-22', 1, '2016-06-22 15:24:22', '192.168.0.42', ''),
(105, 1, 'A', 3, '2016-06-22', 1, '2016-06-22 15:27:25', '192.168.0.42', ''),
(106, 1, 'B', 3, '2016-06-22', 1, '2016-06-22 15:27:25', '192.168.0.42', ''),
(107, 1, 'C', 3, '2016-06-22', 1, '2016-06-22 15:27:25', '192.168.0.42', ''),
(108, 1, 'D', 3, '2016-06-22', 1, '2016-06-22 15:27:25', '192.168.0.42', ''),
(109, 1, 'E', 2, '2016-06-22', 1, '2016-06-22 15:27:25', '192.168.0.42', ''),
(110, 1, 'F', 2, '2016-06-22', 1, '2016-06-22 15:27:25', '192.168.0.42', ''),
(111, 1, 'G', 2, '2016-06-22', 1, '2016-06-22 15:27:25', '192.168.0.42', ''),
(112, 1, 'H', 2, '2016-06-22', 1, '2016-06-22 15:27:25', '192.168.0.42', ''),
(113, 1, 'I', 2, '2016-06-22', 1, '2016-06-22 15:27:25', '192.168.0.42', ''),
(114, 1, 'J', 2, '2016-06-22', 1, '2016-06-22 15:27:25', '192.168.0.42', ''),
(115, 1, 'K', 2, '2016-06-22', 1, '2016-06-22 15:27:25', '192.168.0.42', ''),
(116, 1, 'L', 2, '2016-06-22', 1, '2016-06-22 15:27:25', '192.168.0.42', ''),
(117, 1, 'M', 2, '2016-06-22', 1, '2016-06-22 15:27:25', '192.168.0.42', ''),
(118, 1, 'N', 2, '2016-06-22', 1, '2016-06-22 15:27:25', '192.168.0.42', ''),
(119, 1, 'O', 4, '2016-06-22', 1, '2016-06-22 15:27:26', '192.168.0.42', ''),
(120, 1, 'P', 4, '2016-06-22', 1, '2016-06-22 15:27:26', '192.168.0.42', ''),
(121, 1, 'Q', 4, '2016-06-22', 1, '2016-06-22 15:27:26', '192.168.0.42', ''),
(122, 1, 'R', 4, '2016-06-22', 1, '2016-06-22 15:27:26', '192.168.0.42', ''),
(123, 1, 'S', 4, '2016-06-22', 1, '2016-06-22 15:27:26', '192.168.0.42', ''),
(124, 1, 'T', 2, '2016-06-22', 1, '2016-06-22 15:27:26', '192.168.0.42', ''),
(125, 1, 'U', 2, '2016-06-22', 1, '2016-06-22 15:27:26', '192.168.0.42', ''),
(126, 1, 'V', 2, '2016-06-22', 1, '2016-06-22 15:27:26', '192.168.0.42', ''),
(127, 1, 'W', 2, '2016-06-22', 1, '2016-06-22 15:27:26', '192.168.0.42', ''),
(128, 1, 'X', 2, '2016-06-22', 1, '2016-06-22 15:27:26', '192.168.0.42', ''),
(129, 1, 'Y', 1, '2016-06-22', 1, '2016-06-22 15:27:26', '192.168.0.42', ''),
(130, 1, 'Z', 1, '2016-06-22', 1, '2016-06-22 15:27:26', '192.168.0.42', '');

-- --------------------------------------------------------

--
-- Table structure for table `employee_webpage`
--

CREATE TABLE `employee_webpage` (
  `EMP_WEB_ID` int(11) NOT NULL,
  `EMP_ID` int(11) NOT NULL,
  `PAGE_ID` int(11) NOT NULL,
  `GRANTED_DATE` datetime NOT NULL,
  `NOTES` text NOT NULL
) ENGINE=InnoDB DEFAULT CHARSET=latin1;

--
-- Dumping data for table `employee_webpage`
--

INSERT INTO `employee_webpage` (`EMP_WEB_ID`, `EMP_ID`, `PAGE_ID`, `GRANTED_DATE`, `NOTES`) VALUES
(1, 6, 1, '2015-06-10 12:30:00', ''),
(2, 6, 2, '2015-06-10 12:30:00', ''),
(3, 6, 101, '2015-06-10 12:30:00', ''),
(4, 6, 102, '2015-06-10 12:30:00', ''),
(5, 6, 103, '2015-06-10 12:30:00', ''),
(6, 6, 104, '2015-06-10 12:30:00', ''),
(7, 6, 1001, '2015-06-10 12:30:00', ''),
(8, 6, 1002, '2015-06-10 12:30:00', ''),
(9, 6, 1101, '2015-06-10 12:30:00', ''),
(10, 6, 1201, '2015-06-10 12:30:00', ''),
(11, 6, 1202, '2015-06-10 12:30:00', ''),
(12, 6, 1203, '2015-06-10 12:30:00', ''),
(13, 6, 1301, '2015-06-10 12:30:00', ''),
(14, 6, 2001, '2015-06-10 12:30:00', ''),
(15, 6, 2002, '2015-06-10 12:30:00', ''),
(16, 6, 3001, '2015-06-10 12:30:00', ''),
(17, 6, 4001, '2015-06-10 12:30:00', ''),
(18, 6, 4002, '2015-06-10 12:30:00', ''),
(19, 6, 4003, '2015-06-10 12:30:00', ''),
(20, 6, 4004, '2015-06-10 12:30:00', ''),
(21, 1, 1, '2015-06-10 12:30:00', ''),
(22, 1, 2, '2015-06-10 12:30:00', ''),
(23, 1, 101, '2015-06-10 12:30:00', ''),
(24, 1, 102, '2015-06-10 12:30:00', ''),
(25, 1, 103, '2015-06-10 12:30:00', ''),
(26, 1, 104, '2015-06-10 12:30:00', ''),
(27, 1, 1001, '2015-06-10 12:30:00', ''),
(28, 1, 1002, '2015-06-10 12:30:00', ''),
(29, 1, 1101, '2015-06-10 12:30:00', ''),
(30, 1, 1201, '2015-06-10 12:30:00', ''),
(31, 1, 1202, '2015-06-10 12:30:00', ''),
(32, 1, 1203, '2015-06-10 12:30:00', ''),
(33, 1, 1301, '2015-06-10 12:30:00', ''),
(34, 1, 4001, '2015-06-10 12:30:00', ''),
(35, 1, 4002, '2015-06-10 12:30:00', ''),
(36, 1, 4003, '2015-06-10 12:30:00', ''),
(37, 1, 4004, '2015-06-10 12:30:00', ''),
(38, 2, 1, '2015-06-10 12:30:00', ''),
(39, 2, 2, '2015-06-10 12:30:00', ''),
(40, 2, 101, '2015-06-10 12:30:00', ''),
(41, 2, 102, '2015-06-10 12:30:00', ''),
(42, 2, 103, '2015-06-10 12:30:00', ''),
(43, 2, 104, '2015-06-10 12:30:00', ''),
(44, 2, 1001, '2015-06-10 12:30:00', ''),
(45, 2, 1002, '2015-06-10 12:30:00', ''),
(46, 2, 1101, '2015-06-10 12:30:00', ''),
(47, 2, 1301, '2015-06-10 12:30:00', ''),
(48, 3, 1, '2015-06-10 12:30:00', ''),
(49, 3, 2, '2015-06-10 12:30:00', ''),
(50, 3, 101, '2015-06-10 12:30:00', ''),
(51, 3, 102, '2015-06-10 12:30:00', ''),
(52, 3, 103, '2015-06-10 12:30:00', ''),
(53, 3, 104, '2015-06-10 12:30:00', ''),
(54, 3, 1001, '2015-06-10 12:30:00', ''),
(55, 3, 1002, '2015-06-10 12:30:00', ''),
(56, 3, 1101, '2015-06-10 12:30:00', ''),
(57, 3, 1301, '2015-06-10 12:30:00', ''),
(58, 4, 1, '2015-06-10 12:30:00', ''),
(59, 4, 2, '2015-06-10 12:30:00', ''),
(60, 4, 101, '2015-06-10 12:30:00', ''),
(61, 4, 102, '2015-06-10 12:30:00', ''),
(62, 4, 103, '2015-06-10 12:30:00', ''),
(63, 4, 104, '2015-06-10 12:30:00', ''),
(64, 4, 1001, '2015-06-10 12:30:00', ''),
(65, 4, 1002, '2015-06-10 12:30:00', ''),
(66, 4, 1101, '2015-06-10 12:30:00', ''),
(67, 4, 1301, '2015-06-10 12:30:00', ''),
(68, 5, 1, '2015-06-10 12:30:00', ''),
(69, 5, 2, '2015-06-10 12:30:00', ''),
(70, 5, 101, '2015-06-10 12:30:00', ''),
(71, 5, 102, '2015-06-10 12:30:00', ''),
(72, 5, 103, '2015-06-10 12:30:00', ''),
(73, 5, 104, '2015-06-10 12:30:00', ''),
(74, 5, 1001, '2015-06-10 12:30:00', ''),
(75, 5, 1002, '2015-06-10 12:30:00', ''),
(76, 5, 1101, '2015-06-10 12:30:00', ''),
(77, 5, 1301, '2015-06-10 12:30:00', ''),
(78, 6, 1051, '2015-06-10 12:30:00', ''),
(79, 1, 1051, '2015-06-10 12:30:00', '');

-- --------------------------------------------------------

--
-- Table structure for table `page_tabs`
--

CREATE TABLE `page_tabs` (
  `P_TAB_ID` int(11) NOT NULL,
  `PAGE_ID` int(11) NOT NULL,
  `TAB_PAGE_ID` int(11) NOT NULL
) ENGINE=InnoDB DEFAULT CHARSET=latin1;

--
-- Dumping data for table `page_tabs`
--

INSERT INTO `page_tabs` (`P_TAB_ID`, `PAGE_ID`, `TAB_PAGE_ID`) VALUES
(1, 101, 3),
(2, 102, 3),
(3, 103, 3),
(4, 104, 3),
(5, 1001, 3),
(6, 1002, 3),
(7, 1101, 3),
(8, 1201, 3),
(9, 1202, 3),
(10, 1203, 3),
(11, 1301, 3),
(12, 2001, 3),
(13, 2002, 3),
(14, 3001, 3),
(15, 4001, 3),
(16, 4002, 3),
(17, 4003, 3),
(18, 4004, 3),
(19, 103, 104),
(20, 103, 1101),
(21, 103, 102),
(22, 104, 103),
(23, 104, 1101),
(24, 104, 102),
(25, 1001, 101),
(26, 1001, 102),
(27, 1001, 1101),
(28, 1002, 103),
(29, 1002, 104),
(30, 1002, 1101),
(31, 1101, 103),
(32, 1101, 104),
(33, 1101, 102),
(34, 1201, 1202),
(35, 1201, 1203),
(36, 1202, 1201),
(37, 1202, 1203),
(38, 1203, 1201),
(39, 1203, 1202),
(40, 2001, 2002),
(41, 2001, 3001),
(42, 2002, 2001),
(43, 2002, 3001),
(44, 3001, 2001),
(45, 3001, 2002);

-- --------------------------------------------------------

--
-- Table structure for table `positions`
--

CREATE TABLE `positions` (
  `POS_ID` int(11) NOT NULL,
  `POS_NAME` varchar(50) NOT NULL,
  `POS_DESCR` text NOT NULL,
  `POS_NOTES` text NOT NULL
) ENGINE=InnoDB DEFAULT CHARSET=latin1;

--
-- Dumping data for table `positions`
--

INSERT INTO `positions` (`POS_ID`, `POS_NAME`, `POS_DESCR`, `POS_NOTES`) VALUES
(1, 'Director/Directress', '', ''),
(2, 'Manager', '', ''),
(3, 'Educator/Educatress', '', ''),
(4, 'Assistance Educator/Educatress', '', ''),
(5, 'General Assisstance', '', ''),
(6, 'Casual Worker', '', ''),
(7, 'System Admin', '', ''),
(8, 'Super User', '', '');

-- --------------------------------------------------------

--
-- Table structure for table `students`
--

CREATE TABLE `students` (
  `STU_ID` int(11) NOT NULL,
  `STU_FIRST_NAME` varchar(50) NOT NULL,
  `STU_LAST_NAME` varchar(25) NOT NULL,
  `STU_BIRTHDATE` date NOT NULL,
  `STU_SEX` varchar(1) NOT NULL,
  `STU_PHOTO` varchar(50) NOT NULL,
  `STU_START_DATE` date NOT NULL,
  `STU_GRAD_DATE` date NOT NULL,
  `STU_DAILY_FEE` float NOT NULL,
  `STU_CREDENTIAL` varchar(10) NOT NULL,
  `STU_NOTES` text NOT NULL
) ENGINE=InnoDB DEFAULT CHARSET=latin1;

--
-- Dumping data for table `students`
--

INSERT INTO `students` (`STU_ID`, `STU_FIRST_NAME`, `STU_LAST_NAME`, `STU_BIRTHDATE`, `STU_SEX`, `STU_PHOTO`, `STU_START_DATE`, `STU_GRAD_DATE`, `STU_DAILY_FEE`, `STU_CREDENTIAL`, `STU_NOTES`) VALUES
(1, 'Aiden', '	Tremblay', '2011-04-07', 'M', 'images/student_photos/1.png', '0000-00-00', '0000-00-00', 0, '', ''),
(2, 'Emma', 'Smith', '2013-06-24', 'F', 'images/student_photos/2.png', '0000-00-00', '0000-00-00', 0, '', ''),
(3, 'Jackson', 'Lam', '2013-09-20', 'M', 'images/student_photos/3.png', '0000-00-00', '0000-00-00', 0, '', ''),
(4, 'Sophia', 'Martin', '2014-01-10', 'F', 'images/student_photos/4.png', '0000-00-00', '0000-00-00', 0, '', ''),
(5, 'Ethan', 'Brown', '2011-11-19', 'M', 'images/student_photos/5.png', '0000-00-00', '0000-00-00', 0, '', ''),
(6, 'Olivia', 'Roy', '2012-09-21', 'F', 'images/student_photos/6.png', '0000-00-00', '0000-00-00', 0, '', ''),
(7, 'Liam', 'Gagnon', '2013-11-21', 'M', 'images/student_photos/7.png', '0000-00-00', '0000-00-00', 0, '', ''),
(8, 'Isabella', 'Li', '2014-12-24', 'F', 'images/student_photos/8.png', '0000-00-00', '0000-00-00', 0, '', ''),
(9, 'Mason', 'Wilson', '2014-03-14', 'M', 'images/student_photos/9.png', '0000-00-00', '0000-00-00', 0, '', ''),
(10, 'Ava', 'Miller', '2011-07-13', 'F', 'images/student_photos/10.png', '0000-00-00', '0000-00-00', 0, '', ''),
(11, 'Daniel', 'Burk', '2013-06-15', 'M', 'images/student_photos/11.png', '0000-00-00', '0000-00-00', 0, '', ''),
(12, 'Rossy', 'Tweed', '2011-07-17', 'F', 'images/student_photos/12.png', '0000-00-00', '0000-00-00', 0, '', ''),
(13, 'Jacky', 'Lee', '2012-07-03', 'M', 'images/student_photos/13.png', '0000-00-00', '0000-00-00', 0, '', ''),
(14, 'Yun', 'Kang', '2015-04-10', 'F', 'images/student_photos/14.png', '0000-00-00', '0000-00-00', 0, '', ''),
(15, 'Vicky', 'Mohamed', '2012-01-09', 'M', 'images/student_photos/15.png', '0000-00-00', '0000-00-00', 0, '', ''),
(16, 'Alfred', 'Kenny', '2015-03-28', 'F', 'images/student_photos/16.png', '0000-00-00', '0000-00-00', 0, '', ''),
(17, 'Vincent', 'Nguyen', '2015-03-01', 'M', 'images/student_photos/17.png', '0000-00-00', '0000-00-00', 0, '', ''),
(18, 'Angela', 'Li', '2014-05-30', 'F', 'images/student_photos/18.png', '0000-00-00', '0000-00-00', 0, '', ''),
(19, 'Jacob', 'Walker', '2013-05-04', 'M', 'images/student_photos/19.png', '0000-00-00', '0000-00-00', 0, '', ''),
(20, 'Cathy', 'Allen', '2011-11-23', 'F', 'images/student_photos/20.png', '0000-00-00', '0000-00-00', 0, '', '');

-- --------------------------------------------------------

--
-- Table structure for table `student_activity_educator`
--

CREATE TABLE `student_activity_educator` (
  `STU_ACT_EDR_ID` int(11) NOT NULL,
  `STU_ID` int(11) NOT NULL,
  `ACT_ID` int(11) NOT NULL,
  `EDR_ID` int(11) NOT NULL,
  `DATE` date NOT NULL,
  `DURATION_MINS` smallint(6) NOT NULL,
  `COMPLETENESS_PCT` smallint(6) NOT NULL,
  `EVALUATION` smallint(6) NOT NULL
) ENGINE=InnoDB DEFAULT CHARSET=latin1;

-- --------------------------------------------------------

--
-- Table structure for table `student_attendances`
--

CREATE TABLE `student_attendances` (
  `STU_ATT_ID` int(11) NOT NULL,
  `STU_ID` int(11) NOT NULL,
  `EVENT_TYPE` varchar(5) NOT NULL,
  `DATE_TIME` datetime NOT NULL,
  `EMP_ID` int(11) NOT NULL,
  `IP_ADDR` varchar(50) NOT NULL,
  `NOTES` text NOT NULL
) ENGINE=InnoDB DEFAULT CHARSET=latin1;

--
-- Dumping data for table `student_attendances`
--

INSERT INTO `student_attendances` (`STU_ATT_ID`, `STU_ID`, `EVENT_TYPE`, `DATE_TIME`, `EMP_ID`, `IP_ADDR`, `NOTES`) VALUES
(533, 5, 'In', '2016-06-22 12:17:10', 2, '192.168.0.42', ''),
(534, 6, 'In', '2016-06-22 12:17:10', 2, '192.168.0.42', ''),
(535, 7, 'In', '2016-06-22 12:17:10', 2, '192.168.0.42', ''),
(536, 8, 'In', '2016-06-22 12:17:10', 2, '192.168.0.42', ''),
(537, 9, 'In', '2016-06-22 12:17:10', 2, '192.168.0.42', ''),
(538, 10, 'In', '2016-06-22 12:17:32', 2, '192.168.0.42', '');

-- --------------------------------------------------------

--
-- Table structure for table `time_slots`
--

CREATE TABLE `time_slots` (
  `TS_ID` char(1) CHARACTER SET latin1 COLLATE latin1_bin NOT NULL,
  `START_TIME` time NOT NULL
) ENGINE=InnoDB DEFAULT CHARSET=latin1;

--
-- Dumping data for table `time_slots`
--

INSERT INTO `time_slots` (`TS_ID`, `START_TIME`) VALUES
('A', '06:00:00'),
('B', '06:30:00'),
('C', '07:00:00'),
('D', '07:30:00'),
('E', '08:00:00'),
('F', '08:30:00'),
('G', '09:00:00'),
('H', '09:30:00'),
('I', '10:00:00'),
('J', '10:30:00'),
('K', '11:00:00'),
('L', '11:30:00'),
('M', '12:00:00'),
('N', '12:30:00'),
('O', '13:00:00'),
('P', '13:30:00'),
('Q', '14:00:00'),
('R', '14:30:00'),
('S', '15:00:00'),
('T', '15:30:00'),
('U', '16:00:00'),
('V', '16:30:00'),
('W', '17:00:00'),
('X', '17:30:00'),
('Y', '18:00:00'),
('Z', '18:30:00');

-- --------------------------------------------------------

--
-- Table structure for table `time_slots_status`
--

CREATE TABLE `time_slots_status` (
  `TS_STATUS_ID` int(11) NOT NULL,
  `TS_STATUS` varchar(20) NOT NULL,
  `ICON_URL` varchar(50) NOT NULL
) ENGINE=InnoDB DEFAULT CHARSET=latin1;

--
-- Dumping data for table `time_slots_status`
--

INSERT INTO `time_slots_status` (`TS_STATUS_ID`, `TS_STATUS`, `ICON_URL`) VALUES
(1, 'Out', 'images/icons/time_slot_out.png'),
(2, 'In', 'images/icons/time_slot_in.png'),
(3, 'Maybe In', 'images/icons/time_slot_maybe_in.png'),
(4, 'Maybe Out', 'images/icons/time_slot_maybe_out.png');

-- --------------------------------------------------------

--
-- Table structure for table `web_pages`
--

CREATE TABLE `web_pages` (
  `PAGE_ID` int(11) NOT NULL,
  `TAG_CLASS` varchar(50) NOT NULL,
  `TYPE` varchar(20) NOT NULL,
  `HREF` varchar(500) NOT NULL,
  `ICON_URL` varchar(500) NOT NULL,
  `TITLE` varchar(200) NOT NULL,
  `TITLE_SHORT` varchar(200) NOT NULL,
  `STATUS` varchar(20) NOT NULL
) ENGINE=InnoDB DEFAULT CHARSET=latin1;

--
-- Dumping data for table `web_pages`
--

INSERT INTO `web_pages` (`PAGE_ID`, `TAG_CLASS`, `TYPE`, `HREF`, `ICON_URL`, `TITLE`, `TITLE_SHORT`, `STATUS`) VALUES
(1, 'active', '', 'login.php', 'images/icons/keypad_small.jpg', 'User Login', 'Login', 'active'),
(2, '', '', 'logout.php', 'images/icons/logout.jpg', 'User Logout', 'Logout', 'active'),
(3, '', '', 'index.php', 'images/icons/home_button.jpg', 'Home', 'Home', 'active'),
(101, '', '', 'record_employee_attendance_in.php', 'images/icons/attendance_in.jpg', 'Check In Employee Attendance', 'Employee In', 'active'),
(102, '', '', 'record_employee_attendance_out.php', 'images/icons/attendance_out.png', 'Check Out Employee Attendance', 'Employee Out', 'active'),
(103, '', '', 'record_student_attendance_in.php', 'images/icons/student_attendance_in.png', 'Check In Student Attendance', 'Student In', 'active'),
(104, '', '', 'record_student_attendance_out.php', 'images/icons/student_attendance_out.png', 'Check Out Student Attendance', 'Student Out', 'active'),
(1001, '', '', 'report_employee_attendances.php', 'images/icons/report.jpg', 'Employee Attendance-Ins/Outs', 'Employee I/O', 'active'),
(1002, '', '', 'report_student_attendances.php', 'images/icons/report.jpg', 'Student Attendance-Ins/Outs', 'Student I/O', 'active'),
(1051, '', '', 'report_employee_schedule.php', 'images/icons/report_schedule.png', 'Employee Schedules', 'Employee Schedules', 'active'),
(1101, '', '', 'action_check_student_educator_ratio.php', 'images/icons/action.png', 'Check Student-Educator Ratio', 'Check S/E', 'active'),
(1201, '', '', 'report_employees.php', 'images/icons/report.jpg', 'Employees', 'Employees', 'active'),
(1202, '', '', 'report_students.php', 'images/icons/report.jpg', 'Students', 'Students', 'active'),
(1203, '', '', 'report_activities.php', 'images/icons/report.jpg', 'Activities', 'Activities', 'active'),
(1301, '', '', 'report_educator_student.php', 'images/icons/report.jpg', 'Educator-Student', 'Edu-Stu', 'active'),
(2001, '', '', 'report_employee_log_ios.php', 'images/icons/security.png', 'Employee Log-Ins/Outs', 'Log I/O', 'active'),
(2002, '', '', 'report_employee_log_failures.php', 'images/icons/security.png', 'Employee Log Failures', 'Log Failures', 'active'),
(3001, '', '', 'report_dp_query_logs.php', 'images/icons/security.png', 'Executed Database Queries', 'Queries', 'active'),
(4001, '', '', 'report_activity_types.php', 'images/icons/base_table.png', 'Activity Types', 'Act. Types', 'active'),
(4002, '', '', 'report_activity_subtypes.php', 'images/icons/base_table.png', 'Activity Sub-Types', 'Act. Sub-Types', 'active'),
(4003, '', '', 'report_educations.php', 'images/icons/base_table.png', 'Educations', 'Educations', 'active'),
(4004, '', '', 'report_positions.php', 'images/icons/base_table.png', 'Positions', 'Positions', 'active');

--
-- Indexes for dumped tables
--

--
-- Indexes for table `activities`
--
ALTER TABLE `activities`
  ADD PRIMARY KEY (`ACT_ID`),
  ADD KEY `ACT_TYPE_ID` (`ACT_TYPE_ID`),
  ADD KEY `ACT_SUBTYPE_ID` (`ACT_SUBTYPE_ID`),
  ADD KEY `ACT_ID` (`ACT_ID`);

--
-- Indexes for table `activity_subtypes`
--
ALTER TABLE `activity_subtypes`
  ADD PRIMARY KEY (`ACT_SUBTYPE_ID`),
  ADD KEY `ACT_SUBTYPE_ID` (`ACT_SUBTYPE_ID`);

--
-- Indexes for table `activity_types`
--
ALTER TABLE `activity_types`
  ADD PRIMARY KEY (`ACT_TYPE_ID`),
  ADD KEY `ACT_TYPE_ID` (`ACT_TYPE_ID`);

--
-- Indexes for table `db_query_logs`
--
ALTER TABLE `db_query_logs`
  ADD PRIMARY KEY (`DB_QL_ID`);

--
-- Indexes for table `educations`
--
ALTER TABLE `educations`
  ADD PRIMARY KEY (`EDU_ID`),
  ADD KEY `EDU_ID` (`EDU_ID`);

--
-- Indexes for table `educator_student`
--
ALTER TABLE `educator_student`
  ADD PRIMARY KEY (`EDU_STU_ID`),
  ADD KEY `EMP_ID` (`EMP_ID`),
  ADD KEY `STU_ID` (`STU_ID`);

--
-- Indexes for table `employees`
--
ALTER TABLE `employees`
  ADD PRIMARY KEY (`EMP_ID`),
  ADD KEY `EMP_EDU_ID` (`EMP_EDU_ID`),
  ADD KEY `EMP_POST_ID1` (`EMP_POST_ID1`),
  ADD KEY `EMP_POST_ID2` (`EMP_POST_ID2`),
  ADD KEY `EMP_ID` (`EMP_ID`),
  ADD KEY `EMP_ID_2` (`EMP_ID`),
  ADD KEY `EMP_BOSS_ID` (`EMP_BOSS_ID`),
  ADD KEY `EMP_ID_3` (`EMP_ID`),
  ADD KEY `EMP_ID_4` (`EMP_ID`),
  ADD KEY `EMP_ID_5` (`EMP_ID`),
  ADD KEY `EMP_ID_6` (`EMP_ID`),
  ADD KEY `EMP_ID_7` (`EMP_ID`),
  ADD KEY `EMP_ID_8` (`EMP_ID`),
  ADD KEY `EMP_ID_9` (`EMP_ID`),
  ADD KEY `EMP_ID_10` (`EMP_ID`),
  ADD KEY `EMP_ID_11` (`EMP_ID`);

--
-- Indexes for table `employee_attendances`
--
ALTER TABLE `employee_attendances`
  ADD PRIMARY KEY (`EMP_ATT_ID`),
  ADD KEY `EMP_ID` (`EMP_ID`);

--
-- Indexes for table `employee_log_failures`
--
ALTER TABLE `employee_log_failures`
  ADD PRIMARY KEY (`EM_LOG_F_ID`);

--
-- Indexes for table `employee_log_ios`
--
ALTER TABLE `employee_log_ios`
  ADD PRIMARY KEY (`EMP_LOGS_ID`),
  ADD KEY `EMP_ID` (`EMP_ID`);

--
-- Indexes for table `employee_schedule`
--
ALTER TABLE `employee_schedule`
  ADD PRIMARY KEY (`EMP_SCH_ID`),
  ADD KEY `EMP_ID` (`EMP_ID`,`TS_ID`,`TS_STATUS_ID`,`UPDATED_BY_EMP_ID`),
  ADD KEY `TS_ID` (`TS_ID`),
  ADD KEY `TS_STATUS_ID` (`TS_STATUS_ID`),
  ADD KEY `UPDATED_BY_EMP_ID` (`UPDATED_BY_EMP_ID`);

--
-- Indexes for table `employee_webpage`
--
ALTER TABLE `employee_webpage`
  ADD PRIMARY KEY (`EMP_WEB_ID`),
  ADD KEY `EMPLOYEE_WEBPAGE` (`EMP_ID`),
  ADD KEY `PAGE_ID` (`PAGE_ID`);

--
-- Indexes for table `page_tabs`
--
ALTER TABLE `page_tabs`
  ADD PRIMARY KEY (`P_TAB_ID`),
  ADD KEY `TAB_PAGE_ID` (`TAB_PAGE_ID`),
  ADD KEY `PAGE_ID` (`PAGE_ID`);

--
-- Indexes for table `positions`
--
ALTER TABLE `positions`
  ADD PRIMARY KEY (`POS_ID`),
  ADD KEY `POS_ID` (`POS_ID`),
  ADD KEY `POS_ID_2` (`POS_ID`);

--
-- Indexes for table `students`
--
ALTER TABLE `students`
  ADD PRIMARY KEY (`STU_ID`),
  ADD KEY `STU_ID` (`STU_ID`),
  ADD KEY `STU_ID_2` (`STU_ID`),
  ADD KEY `STU_ID_3` (`STU_ID`),
  ADD KEY `STU_ID_4` (`STU_ID`),
  ADD KEY `STU_ID_5` (`STU_ID`);

--
-- Indexes for table `student_activity_educator`
--
ALTER TABLE `student_activity_educator`
  ADD PRIMARY KEY (`STU_ACT_EDR_ID`),
  ADD KEY `STU_ID` (`STU_ID`),
  ADD KEY `EDR_ID` (`EDR_ID`),
  ADD KEY `ACT_ID` (`ACT_ID`);

--
-- Indexes for table `student_attendances`
--
ALTER TABLE `student_attendances`
  ADD PRIMARY KEY (`STU_ATT_ID`),
  ADD KEY `STU_ID` (`STU_ID`);

--
-- Indexes for table `time_slots`
--
ALTER TABLE `time_slots`
  ADD PRIMARY KEY (`TS_ID`);

--
-- Indexes for table `time_slots_status`
--
ALTER TABLE `time_slots_status`
  ADD PRIMARY KEY (`TS_STATUS_ID`);

--
-- Indexes for table `web_pages`
--
ALTER TABLE `web_pages`
  ADD PRIMARY KEY (`PAGE_ID`),
  ADD KEY `PAGE_ID` (`PAGE_ID`),
  ADD KEY `PAGE_ID_2` (`PAGE_ID`),
  ADD KEY `PAGE_ID_3` (`PAGE_ID`);

--
-- AUTO_INCREMENT for dumped tables
--

--
-- AUTO_INCREMENT for table `activities`
--
ALTER TABLE `activities`
  MODIFY `ACT_ID` int(11) NOT NULL AUTO_INCREMENT, AUTO_INCREMENT=13;
--
-- AUTO_INCREMENT for table `activity_types`
--
ALTER TABLE `activity_types`
  MODIFY `ACT_TYPE_ID` int(11) NOT NULL AUTO_INCREMENT, AUTO_INCREMENT=4;
--
-- AUTO_INCREMENT for table `db_query_logs`
--
ALTER TABLE `db_query_logs`
  MODIFY `DB_QL_ID` int(11) NOT NULL AUTO_INCREMENT, AUTO_INCREMENT=83;
--
-- AUTO_INCREMENT for table `educations`
--
ALTER TABLE `educations`
  MODIFY `EDU_ID` int(11) NOT NULL AUTO_INCREMENT, AUTO_INCREMENT=9;
--
-- AUTO_INCREMENT for table `educator_student`
--
ALTER TABLE `educator_student`
  MODIFY `EDU_STU_ID` int(11) NOT NULL AUTO_INCREMENT, AUTO_INCREMENT=21;
--
-- AUTO_INCREMENT for table `employees`
--
ALTER TABLE `employees`
  MODIFY `EMP_ID` int(11) NOT NULL AUTO_INCREMENT, AUTO_INCREMENT=7;
--
-- AUTO_INCREMENT for table `employee_attendances`
--
ALTER TABLE `employee_attendances`
  MODIFY `EMP_ATT_ID` int(11) NOT NULL AUTO_INCREMENT, AUTO_INCREMENT=173;
--
-- AUTO_INCREMENT for table `employee_log_failures`
--
ALTER TABLE `employee_log_failures`
  MODIFY `EM_LOG_F_ID` int(11) NOT NULL AUTO_INCREMENT, AUTO_INCREMENT=117;
--
-- AUTO_INCREMENT for table `employee_log_ios`
--
ALTER TABLE `employee_log_ios`
  MODIFY `EMP_LOGS_ID` int(11) NOT NULL AUTO_INCREMENT, AUTO_INCREMENT=5;
--
-- AUTO_INCREMENT for table `employee_schedule`
--
ALTER TABLE `employee_schedule`
  MODIFY `EMP_SCH_ID` int(11) NOT NULL AUTO_INCREMENT, AUTO_INCREMENT=131;
--
-- AUTO_INCREMENT for table `employee_webpage`
--
ALTER TABLE `employee_webpage`
  MODIFY `EMP_WEB_ID` int(11) NOT NULL AUTO_INCREMENT, AUTO_INCREMENT=80;
--
-- AUTO_INCREMENT for table `page_tabs`
--
ALTER TABLE `page_tabs`
  MODIFY `P_TAB_ID` int(11) NOT NULL AUTO_INCREMENT, AUTO_INCREMENT=46;
--
-- AUTO_INCREMENT for table `positions`
--
ALTER TABLE `positions`
  MODIFY `POS_ID` int(11) NOT NULL AUTO_INCREMENT, AUTO_INCREMENT=9;
--
-- AUTO_INCREMENT for table `students`
--
ALTER TABLE `students`
  MODIFY `STU_ID` int(11) NOT NULL AUTO_INCREMENT, AUTO_INCREMENT=21;
--
-- AUTO_INCREMENT for table `student_activity_educator`
--
ALTER TABLE `student_activity_educator`
  MODIFY `STU_ACT_EDR_ID` int(11) NOT NULL AUTO_INCREMENT;
--
-- AUTO_INCREMENT for table `student_attendances`
--
ALTER TABLE `student_attendances`
  MODIFY `STU_ATT_ID` int(11) NOT NULL AUTO_INCREMENT, AUTO_INCREMENT=539;
--
-- AUTO_INCREMENT for table `time_slots_status`
--
ALTER TABLE `time_slots_status`
  MODIFY `TS_STATUS_ID` int(11) NOT NULL AUTO_INCREMENT, AUTO_INCREMENT=5;
--
-- Constraints for dumped tables
--

--
-- Constraints for table `activities`
--
ALTER TABLE `activities`
  ADD CONSTRAINT `activities_ibfk_1` FOREIGN KEY (`ACT_TYPE_ID`) REFERENCES `activity_types` (`ACT_TYPE_ID`),
  ADD CONSTRAINT `activities_ibfk_2` FOREIGN KEY (`ACT_SUBTYPE_ID`) REFERENCES `activity_subtypes` (`ACT_SUBTYPE_ID`);

--
-- Constraints for table `educator_student`
--
ALTER TABLE `educator_student`
  ADD CONSTRAINT `educator_student_ibfk_1` FOREIGN KEY (`EMP_ID`) REFERENCES `employees` (`EMP_ID`),
  ADD CONSTRAINT `educator_student_ibfk_2` FOREIGN KEY (`STU_ID`) REFERENCES `students` (`STU_ID`);

--
-- Constraints for table `employees`
--
ALTER TABLE `employees`
  ADD CONSTRAINT `employees_ibfk_1` FOREIGN KEY (`EMP_EDU_ID`) REFERENCES `educations` (`EDU_ID`),
  ADD CONSTRAINT `employees_ibfk_2` FOREIGN KEY (`EMP_POST_ID1`) REFERENCES `positions` (`POS_ID`),
  ADD CONSTRAINT `employees_ibfk_3` FOREIGN KEY (`EMP_POST_ID2`) REFERENCES `positions` (`POS_ID`),
  ADD CONSTRAINT `employees_ibfk_4` FOREIGN KEY (`EMP_BOSS_ID`) REFERENCES `employees` (`EMP_ID`);

--
-- Constraints for table `employee_attendances`
--
ALTER TABLE `employee_attendances`
  ADD CONSTRAINT `employee_attendances_ibfk_1` FOREIGN KEY (`EMP_ID`) REFERENCES `employees` (`EMP_ID`);

--
-- Constraints for table `employee_log_ios`
--
ALTER TABLE `employee_log_ios`
  ADD CONSTRAINT `employee_log_ios_ibfk_1` FOREIGN KEY (`EMP_ID`) REFERENCES `employees` (`EMP_ID`),
  ADD CONSTRAINT `employee_log_ios_ibfk_2` FOREIGN KEY (`EMP_ID`) REFERENCES `employees` (`EMP_ID`);

--
-- Constraints for table `employee_schedule`
--
ALTER TABLE `employee_schedule`
  ADD CONSTRAINT `employee_schedule_ibfk_1` FOREIGN KEY (`EMP_ID`) REFERENCES `employees` (`EMP_ID`),
  ADD CONSTRAINT `employee_schedule_ibfk_2` FOREIGN KEY (`TS_ID`) REFERENCES `time_slots` (`TS_ID`),
  ADD CONSTRAINT `employee_schedule_ibfk_3` FOREIGN KEY (`TS_STATUS_ID`) REFERENCES `time_slots_status` (`TS_STATUS_ID`),
  ADD CONSTRAINT `employee_schedule_ibfk_4` FOREIGN KEY (`UPDATED_BY_EMP_ID`) REFERENCES `employees` (`EMP_ID`);

--
-- Constraints for table `employee_webpage`
--
ALTER TABLE `employee_webpage`
  ADD CONSTRAINT `EMPLOYEE_WEBPAGE` FOREIGN KEY (`EMP_ID`) REFERENCES `employees` (`EMP_ID`),
  ADD CONSTRAINT `employee_webpage_ibfk_1` FOREIGN KEY (`PAGE_ID`) REFERENCES `web_pages` (`PAGE_ID`);

--
-- Constraints for table `page_tabs`
--
ALTER TABLE `page_tabs`
  ADD CONSTRAINT `page_tabs_ibfk_1` FOREIGN KEY (`PAGE_ID`) REFERENCES `web_pages` (`PAGE_ID`) ON DELETE NO ACTION ON UPDATE CASCADE,
  ADD CONSTRAINT `page_tabs_ibfk_2` FOREIGN KEY (`TAB_PAGE_ID`) REFERENCES `web_pages` (`PAGE_ID`) ON DELETE NO ACTION ON UPDATE CASCADE;

--
-- Constraints for table `student_activity_educator`
--
ALTER TABLE `student_activity_educator`
  ADD CONSTRAINT `student_activity_educator_ibfk_1` FOREIGN KEY (`STU_ID`) REFERENCES `students` (`STU_ID`),
  ADD CONSTRAINT `student_activity_educator_ibfk_2` FOREIGN KEY (`EDR_ID`) REFERENCES `employees` (`EMP_ID`),
  ADD CONSTRAINT `student_activity_educator_ibfk_3` FOREIGN KEY (`ACT_ID`) REFERENCES `activities` (`ACT_ID`);

--
-- Constraints for table `student_attendances`
--
ALTER TABLE `student_attendances`
  ADD CONSTRAINT `student_attendances_ibfk_1` FOREIGN KEY (`STU_ID`) REFERENCES `students` (`STU_ID`);

/*!40101 SET CHARACTER_SET_CLIENT=@OLD_CHARACTER_SET_CLIENT */;
/*!40101 SET CHARACTER_SET_RESULTS=@OLD_CHARACTER_SET_RESULTS */;
/*!40101 SET COLLATION_CONNECTION=@OLD_COLLATION_CONNECTION */;
