-- phpMyAdmin SQL Dump
-- version 4.3.11
-- http://www.phpmyadmin.net
--
-- Host: 127.0.0.1
-- Generation Time: Jun 15, 2016 at 01:02 AM
-- Server version: 5.6.24
-- PHP Version: 5.5.24

SET SQL_MODE = "NO_AUTO_VALUE_ON_ZERO";
SET time_zone = "+00:00";


/*!40101 SET @OLD_CHARACTER_SET_CLIENT=@@CHARACTER_SET_CLIENT */;
/*!40101 SET @OLD_CHARACTER_SET_RESULTS=@@CHARACTER_SET_RESULTS */;
/*!40101 SET @OLD_COLLATION_CONNECTION=@@COLLATION_CONNECTION */;
/*!40101 SET NAMES utf8 */;

--
-- Database: `montessori`
--

-- --------------------------------------------------------

--
-- Table structure for table `activities`
--

CREATE TABLE IF NOT EXISTS `activities` (
  `ACT_ID` int(11) NOT NULL,
  `ACT_TYPE_ID` int(11) NOT NULL,
  `ACT_SUBTYPE_ID` int(11) NOT NULL,
  `ACT_NAME` varchar(250) NOT NULL,
  `ACT_MIN_AGE` int(11) DEFAULT NULL,
  `ACT_MAX_AGE` int(11) DEFAULT NULL,
  `ACT_DESCR` text,
  `ACT_NOTES` text
) ENGINE=InnoDB AUTO_INCREMENT=13 DEFAULT CHARSET=latin1;

--
-- Dumping data for table `activities`
--

INSERT INTO `activities` (`ACT_ID`, `ACT_TYPE_ID`, `ACT_SUBTYPE_ID`, `ACT_NAME`, `ACT_MIN_AGE`, `ACT_MAX_AGE`, `ACT_DESCR`, `ACT_NOTES`) VALUES
(1, 1, 101, 'To extinguish a candle with a snuffer', NULL, NULL, NULL, NULL),
(2, 1, 101, 'To carry a glass of coloured water', NULL, NULL, NULL, NULL),
(3, 1, 102, 'To sit at a table', NULL, NULL, NULL, NULL),
(4, 1, 102, 'To carry a chair', NULL, NULL, NULL, NULL),
(5, 2, 201, 'Sizes > the cylinder blocks (knobbed cylinders or solid insets)', NULL, NULL, NULL, NULL),
(6, 2, 201, 'Sizes > pink tower', NULL, NULL, NULL, NULL),
(7, 2, 202, 'Rough and Smooth > rough and smooth boards 1, 2, and 3', NULL, NULL, NULL, NULL),
(8, 2, 202, 'Rough and Smooth > rough and smooth tablets', NULL, NULL, NULL, NULL),
(9, 3, 301, 'Quantities > number rods (1 - 10)', NULL, NULL, NULL, NULL),
(10, 3, 301, 'Symbols > sandpaper numerals (1 - 9 and 0)', NULL, NULL, NULL, NULL),
(11, 3, 302, 'Quantities > the golden beads (1 - 9,999)', NULL, NULL, NULL, NULL),
(12, 3, 302, 'Quantities > introduction to the decimal system (quantities 1, 10, 100, 1000)', NULL, NULL, NULL, NULL);

-- --------------------------------------------------------

--
-- Table structure for table `activity_subtypes`
--

CREATE TABLE IF NOT EXISTS `activity_subtypes` (
  `ACT_SUBTYPE_ID` int(11) NOT NULL,
  `ACT_SUBTYPE_NAME` varchar(100) NOT NULL,
  `ACT_SUBTYPE_DESCR` text NOT NULL,
  `ACT_SYBTYPE_NOTES` text NOT NULL
) ENGINE=InnoDB DEFAULT CHARSET=latin1;

--
-- Dumping data for table `activity_subtypes`
--

INSERT INTO `activity_subtypes` (`ACT_SUBTYPE_ID`, `ACT_SUBTYPE_NAME`, `ACT_SUBTYPE_DESCR`, `ACT_SYBTYPE_NOTES`) VALUES
(101, 'The Very First Three Activities of the Very First Day', '', ''),
(102, 'Preliminary Activities', '', ''),
(103, 'Motor Skills', '', ''),
(104, 'Care of Self', '', ''),
(105, 'Care of the Environment', '', ''),
(201, 'Sight', '', ''),
(202, 'Touch', '', ''),
(203, 'Smell', '', ''),
(204, 'Taste', '', ''),
(205, 'Sound', '', ''),
(301, 'Level I: Quantities and Symbols: 1 to 9 and 0', '', ''),
(302, 'Level II: Introduction to the Decimal System', '', ''),
(303, 'Level III: Quantities and Symbols: 11-99', '', '');

-- --------------------------------------------------------

--
-- Table structure for table `activity_types`
--

CREATE TABLE IF NOT EXISTS `activity_types` (
  `ACT_TYPE_ID` int(11) NOT NULL,
  `ACT_TYPE_NAME` varchar(100) NOT NULL,
  `ACT_TYPE_DESCR` text NOT NULL,
  `ACT_TYPE_NOTES` text NOT NULL
) ENGINE=InnoDB AUTO_INCREMENT=4 DEFAULT CHARSET=latin1;

--
-- Dumping data for table `activity_types`
--

INSERT INTO `activity_types` (`ACT_TYPE_ID`, `ACT_TYPE_NAME`, `ACT_TYPE_DESCR`, `ACT_TYPE_NOTES`) VALUES
(1, 'Daily Life Activities', '', ''),
(2, 'Sensorial Activities Leading to Mental Development', '', ''),
(3, 'Activities Leading to Mathematical and Logical Mind', '', '');

-- --------------------------------------------------------

--
-- Table structure for table `db_query_logs`
--

CREATE TABLE IF NOT EXISTS `db_query_logs` (
  `DB_QL_ID` int(11) NOT NULL,
  `QUERY_STR` varchar(2000) NOT NULL,
  `USER_NAME` varchar(50) NOT NULL,
  `DATE_TIME` datetime NOT NULL,
  `IP_ADDR` varchar(50) NOT NULL
) ENGINE=InnoDB AUTO_INCREMENT=437 DEFAULT CHARSET=latin1;

--
-- Dumping data for table `db_query_logs`
--

INSERT INTO `db_query_logs` (`DB_QL_ID`, `QUERY_STR`, `USER_NAME`, `DATE_TIME`, `IP_ADDR`) VALUES
(1, 'SELECT  * FROM DB_QUERY_LOGS ORDER BY DATE_TIME DESC;', 'Jolie Vu', '2016-06-14 15:24:39', '10.1.31.59'),
(2, 'SELECT  EMPLOYEE_ATTENDANCES.EMP_ATT_ID, EMPLOYEES.EMP_FIRST_NAME, EMPLOYEES.EMP_LAST_NAME, EMPLOYEE_ATTENDANCES.EVENT_TYPE, EMPLOYEE_ATTENDANCES.DATE_TIME, EMPLOYEE_ATTENDANCES.IP_ADDR FROM EMPLOYEE_ATTENDANCES, EMPLOYEES WHERE EMPLOYEE_ATTENDANCES.EMP_ID=2 AND EMPLOYEE_ATTENDANCES.EMP_ID=EMPLOYEES.EMP_ID ORDER BY EMPLOYEE_ATTENDANCES.DATE_TIME DESC;', 'Jolie Vu', '2016-06-14 15:32:50', '10.1.31.59'),
(3, 'SELECT  STUDENTS.STU_ID, CONCAT(STUDENTS.STU_FIRST_NAME, " ", STUDENTS.STU_LAST_NAME) AS STU_NAME, STUDENTS.STU_BIRTHDATE, FLOOR(DATEDIFF(NOW(), STUDENTS.STU_BIRTHDATE)/365.25) AS STU_AGE, STUDENTS.STU_PHOTO FROM STUDENTS WHERE  STUDENTS.STU_ID NOT IN (SELECT STUDENT_ATTENDANCES.STU_ID FROM STUDENT_ATTENDANCES WHERE \r\n										STUDENT_ATTENDANCES.DATE_TIME >= CURDATE() AND \r\n										STUDENT_ATTENDANCES.DATE_TIME < (CURDATE() + INTERVAL 1 DAY) AND\r\n										STUDENT_ATTENDANCES.EVENT_TYPE = "In");', 'Jolie Vu', '2016-06-14 15:33:09', '10.1.31.59'),
(4, 'SELECT  STUDENTS.STU_ID, CONCAT(STUDENTS.STU_FIRST_NAME, " ", STUDENTS.STU_LAST_NAME) AS STU_NAME, STUDENTS.STU_BIRTHDATE, FLOOR(DATEDIFF(NOW(), STUDENTS.STU_BIRTHDATE)/365.25) AS STU_AGE, STUDENTS.STU_PHOTO FROM STUDENTS WHERE  STUDENTS.STU_ID NOT IN (SELECT STUDENT_ATTENDANCES.STU_ID FROM STUDENT_ATTENDANCES WHERE \r\n										STUDENT_ATTENDANCES.DATE_TIME >= CURDATE() AND \r\n										STUDENT_ATTENDANCES.DATE_TIME < (CURDATE() + INTERVAL 1 DAY) AND\r\n										STUDENT_ATTENDANCES.EVENT_TYPE = "In");', 'Jolie Vu', '2016-06-14 15:33:13', '10.1.31.59'),
(5, 'SELECT STUDENTS.STU_ID, CONCAT(STUDENTS.STU_FIRST_NAME, " ", STUDENTS.STU_LAST_NAME) AS STU_NAME, STUDENTS.STU_BIRTHDATE, FLOOR(DATEDIFF(NOW(), STUDENTS.STU_BIRTHDATE)/365.25) AS STU_AGE, STUDENTS.STU_PHOTO FROM STUDENTS WHERE (STUDENTS.STU_ID IN (SELECT STUDENT_ATTENDANCES.STU_ID FROM STUDENT_ATTENDANCES WHERE STUDENT_ATTENDANCES.DATE_TIME >= CURDATE() AND STUDENT_ATTENDANCES.DATE_TIME < (CURDATE() + INTERVAL 1 DAY) AND STUDENT_ATTENDANCES.EVENT_TYPE = "In")) AND (STUDENTS.STU_ID NOT IN (SELECT STUDENT_ATTENDANCES.STU_ID FROM STUDENT_ATTENDANCES WHERE STUDENT_ATTENDANCES.DATE_TIME >= CURDATE() AND STUDENT_ATTENDANCES.DATE_TIME < (CURDATE() + INTERVAL 1 DAY) AND STUDENT_ATTENDANCES.EVENT_TYPE = "Out"));', 'Jolie Vu', '2016-06-14 15:33:16', '10.1.31.59'),
(6, 'SELECT STUDENTS.STU_ID, CONCAT(STUDENTS.STU_FIRST_NAME, " ", STUDENTS.STU_LAST_NAME) AS STU_NAME, STUDENTS.STU_BIRTHDATE, FLOOR(DATEDIFF(NOW(), STUDENTS.STU_BIRTHDATE)/365.25) AS STU_AGE, STUDENTS.STU_PHOTO FROM STUDENTS WHERE (STUDENTS.STU_ID IN (SELECT STUDENT_ATTENDANCES.STU_ID FROM STUDENT_ATTENDANCES WHERE STUDENT_ATTENDANCES.DATE_TIME >= CURDATE() AND STUDENT_ATTENDANCES.DATE_TIME < (CURDATE() + INTERVAL 1 DAY) AND STUDENT_ATTENDANCES.EVENT_TYPE = "In")) AND (STUDENTS.STU_ID NOT IN (SELECT STUDENT_ATTENDANCES.STU_ID FROM STUDENT_ATTENDANCES WHERE STUDENT_ATTENDANCES.DATE_TIME >= CURDATE() AND STUDENT_ATTENDANCES.DATE_TIME < (CURDATE() + INTERVAL 1 DAY) AND STUDENT_ATTENDANCES.EVENT_TYPE = "Out"));', 'Jolie Vu', '2016-06-14 15:33:22', '10.1.31.59'),
(7, 'SELECT  STUDENTS.STU_ID, CONCAT(STUDENTS.STU_FIRST_NAME, " ", STUDENTS.STU_LAST_NAME) AS STU_NAME, STUDENTS.STU_BIRTHDATE, FLOOR(DATEDIFF(NOW(), STUDENTS.STU_BIRTHDATE)/365.25) AS STU_AGE, STUDENTS.STU_PHOTO FROM STUDENTS WHERE  STUDENTS.STU_ID NOT IN (SELECT STUDENT_ATTENDANCES.STU_ID FROM STUDENT_ATTENDANCES WHERE \r\n										STUDENT_ATTENDANCES.DATE_TIME >= CURDATE() AND \r\n										STUDENT_ATTENDANCES.DATE_TIME < (CURDATE() + INTERVAL 1 DAY) AND\r\n										STUDENT_ATTENDANCES.EVENT_TYPE = "In");', 'Jolie Vu', '2016-06-14 15:33:25', '10.1.31.59'),
(8, 'SELECT  STUDENTS.STU_ID, CONCAT(STUDENTS.STU_FIRST_NAME, " ", STUDENTS.STU_LAST_NAME) AS STU_NAME, STUDENTS.STU_BIRTHDATE, FLOOR(DATEDIFF(NOW(), STUDENTS.STU_BIRTHDATE)/365.25) AS STU_AGE, STUDENTS.STU_PHOTO FROM STUDENTS WHERE  STUDENTS.STU_ID NOT IN (SELECT STUDENT_ATTENDANCES.STU_ID FROM STUDENT_ATTENDANCES WHERE \r\n										STUDENT_ATTENDANCES.DATE_TIME >= CURDATE() AND \r\n										STUDENT_ATTENDANCES.DATE_TIME < (CURDATE() + INTERVAL 1 DAY) AND\r\n										STUDENT_ATTENDANCES.EVENT_TYPE = "In");', 'Jolie Vu', '2016-06-14 15:39:14', '10.1.31.59'),
(9, 'SELECT  STUDENTS.STU_ID, CONCAT(STUDENTS.STU_FIRST_NAME, " ", STUDENTS.STU_LAST_NAME) AS STU_NAME, STUDENTS.STU_BIRTHDATE, FLOOR(DATEDIFF(NOW(), STUDENTS.STU_BIRTHDATE)/365.25) AS STU_AGE, STUDENTS.STU_PHOTO FROM STUDENTS WHERE  STUDENTS.STU_ID NOT IN (SELECT STUDENT_ATTENDANCES.STU_ID FROM STUDENT_ATTENDANCES WHERE \r\n										STUDENT_ATTENDANCES.DATE_TIME >= CURDATE() AND \r\n										STUDENT_ATTENDANCES.DATE_TIME < (CURDATE() + INTERVAL 1 DAY) AND\r\n										STUDENT_ATTENDANCES.EVENT_TYPE = "In");', 'Jolie Vu', '2016-06-14 15:39:17', '10.1.31.59'),
(10, 'INSERT INTO STUDENT_ATTENDANCES(STU_ID, EVENT_TYPE, DATE_TIME, EMP_ID, IP_ADDR, NOTES) VALUES(1, "In", NOW(), 2, "10.1.31.59", "");', 'Jolie Vu', '2016-06-14 15:39:34', '10.1.31.59'),
(11, 'INSERT INTO STUDENT_ATTENDANCES(STU_ID, EVENT_TYPE, DATE_TIME, EMP_ID, IP_ADDR, NOTES) VALUES(2, "In", NOW(), 2, "10.1.31.59", "");', 'Jolie Vu', '2016-06-14 15:39:34', '10.1.31.59'),
(12, 'INSERT INTO STUDENT_ATTENDANCES(STU_ID, EVENT_TYPE, DATE_TIME, EMP_ID, IP_ADDR, NOTES) VALUES(3, "In", NOW(), 2, "10.1.31.59", "");', 'Jolie Vu', '2016-06-14 15:39:34', '10.1.31.59'),
(13, 'INSERT INTO STUDENT_ATTENDANCES(STU_ID, EVENT_TYPE, DATE_TIME, EMP_ID, IP_ADDR, NOTES) VALUES(6, "In", NOW(), 2, "10.1.31.59", "");', 'Jolie Vu', '2016-06-14 15:39:34', '10.1.31.59'),
(14, 'INSERT INTO STUDENT_ATTENDANCES(STU_ID, EVENT_TYPE, DATE_TIME, EMP_ID, IP_ADDR, NOTES) VALUES(7, "In", NOW(), 2, "10.1.31.59", "");', 'Jolie Vu', '2016-06-14 15:39:34', '10.1.31.59'),
(15, 'INSERT INTO STUDENT_ATTENDANCES(STU_ID, EVENT_TYPE, DATE_TIME, EMP_ID, IP_ADDR, NOTES) VALUES(8, "In", NOW(), 2, "10.1.31.59", "");', 'Jolie Vu', '2016-06-14 15:39:34', '10.1.31.59'),
(16, 'INSERT INTO STUDENT_ATTENDANCES(STU_ID, EVENT_TYPE, DATE_TIME, EMP_ID, IP_ADDR, NOTES) VALUES(9, "In", NOW(), 2, "10.1.31.59", "");', 'Jolie Vu', '2016-06-14 15:39:34', '10.1.31.59'),
(17, 'INSERT INTO STUDENT_ATTENDANCES(STU_ID, EVENT_TYPE, DATE_TIME, EMP_ID, IP_ADDR, NOTES) VALUES(10, "In", NOW(), 2, "10.1.31.59", "");', 'Jolie Vu', '2016-06-14 15:39:34', '10.1.31.59'),
(18, 'INSERT INTO STUDENT_ATTENDANCES(STU_ID, EVENT_TYPE, DATE_TIME, EMP_ID, IP_ADDR, NOTES) VALUES(11, "In", NOW(), 2, "10.1.31.59", "");', 'Jolie Vu', '2016-06-14 15:39:34', '10.1.31.59'),
(19, 'INSERT INTO STUDENT_ATTENDANCES(STU_ID, EVENT_TYPE, DATE_TIME, EMP_ID, IP_ADDR, NOTES) VALUES(12, "In", NOW(), 2, "10.1.31.59", "");', 'Jolie Vu', '2016-06-14 15:39:34', '10.1.31.59'),
(20, 'INSERT INTO STUDENT_ATTENDANCES(STU_ID, EVENT_TYPE, DATE_TIME, EMP_ID, IP_ADDR, NOTES) VALUES(13, "In", NOW(), 2, "10.1.31.59", "");', 'Jolie Vu', '2016-06-14 15:39:34', '10.1.31.59'),
(21, 'INSERT INTO STUDENT_ATTENDANCES(STU_ID, EVENT_TYPE, DATE_TIME, EMP_ID, IP_ADDR, NOTES) VALUES(14, "In", NOW(), 2, "10.1.31.59", "");', 'Jolie Vu', '2016-06-14 15:39:34', '10.1.31.59'),
(22, 'INSERT INTO STUDENT_ATTENDANCES(STU_ID, EVENT_TYPE, DATE_TIME, EMP_ID, IP_ADDR, NOTES) VALUES(15, "In", NOW(), 2, "10.1.31.59", "");', 'Jolie Vu', '2016-06-14 15:39:34', '10.1.31.59'),
(23, 'INSERT INTO STUDENT_ATTENDANCES(STU_ID, EVENT_TYPE, DATE_TIME, EMP_ID, IP_ADDR, NOTES) VALUES(16, "In", NOW(), 2, "10.1.31.59", "");', 'Jolie Vu', '2016-06-14 15:39:34', '10.1.31.59'),
(24, 'INSERT INTO STUDENT_ATTENDANCES(STU_ID, EVENT_TYPE, DATE_TIME, EMP_ID, IP_ADDR, NOTES) VALUES(17, "In", NOW(), 2, "10.1.31.59", "");', 'Jolie Vu', '2016-06-14 15:39:34', '10.1.31.59'),
(25, 'INSERT INTO STUDENT_ATTENDANCES(STU_ID, EVENT_TYPE, DATE_TIME, EMP_ID, IP_ADDR, NOTES) VALUES(18, "In", NOW(), 2, "10.1.31.59", "");', 'Jolie Vu', '2016-06-14 15:39:34', '10.1.31.59'),
(26, 'INSERT INTO STUDENT_ATTENDANCES(STU_ID, EVENT_TYPE, DATE_TIME, EMP_ID, IP_ADDR, NOTES) VALUES(19, "In", NOW(), 2, "10.1.31.59", "");', 'Jolie Vu', '2016-06-14 15:39:34', '10.1.31.59'),
(27, 'INSERT INTO STUDENT_ATTENDANCES(STU_ID, EVENT_TYPE, DATE_TIME, EMP_ID, IP_ADDR, NOTES) VALUES(20, "In", NOW(), 2, "10.1.31.59", "");', 'Jolie Vu', '2016-06-14 15:39:34', '10.1.31.59'),
(28, 'SELECT  STUDENTS.STU_ID, CONCAT(STUDENTS.STU_FIRST_NAME, " ", STUDENTS.STU_LAST_NAME) AS STU_NAME, STUDENTS.STU_BIRTHDATE, FLOOR(DATEDIFF(NOW(), STUDENTS.STU_BIRTHDATE)/365.25) AS STU_AGE, STUDENTS.STU_PHOTO FROM STUDENTS WHERE  STUDENTS.STU_ID NOT IN (SELECT STUDENT_ATTENDANCES.STU_ID FROM STUDENT_ATTENDANCES WHERE \r\n										STUDENT_ATTENDANCES.DATE_TIME >= CURDATE() AND \r\n										STUDENT_ATTENDANCES.DATE_TIME < (CURDATE() + INTERVAL 1 DAY) AND\r\n										STUDENT_ATTENDANCES.EVENT_TYPE = "In");', 'Jolie Vu', '2016-06-14 15:39:36', '10.1.31.59'),
(29, 'SELECT STUDENTS.STU_ID, CONCAT(STUDENTS.STU_FIRST_NAME, " ", STUDENTS.STU_LAST_NAME) AS STU_NAME, STUDENTS.STU_BIRTHDATE, FLOOR(DATEDIFF(NOW(), STUDENTS.STU_BIRTHDATE)/365.25) AS STU_AGE, STUDENTS.STU_PHOTO FROM STUDENTS WHERE (STUDENTS.STU_ID IN (SELECT STUDENT_ATTENDANCES.STU_ID FROM STUDENT_ATTENDANCES WHERE STUDENT_ATTENDANCES.DATE_TIME >= CURDATE() AND STUDENT_ATTENDANCES.DATE_TIME < (CURDATE() + INTERVAL 1 DAY) AND STUDENT_ATTENDANCES.EVENT_TYPE = "In")) AND (STUDENTS.STU_ID NOT IN (SELECT STUDENT_ATTENDANCES.STU_ID FROM STUDENT_ATTENDANCES WHERE STUDENT_ATTENDANCES.DATE_TIME >= CURDATE() AND STUDENT_ATTENDANCES.DATE_TIME < (CURDATE() + INTERVAL 1 DAY) AND STUDENT_ATTENDANCES.EVENT_TYPE = "Out"));', 'Jolie Vu', '2016-06-14 15:39:39', '10.1.31.59'),
(30, 'INSERT INTO STUDENT_ATTENDANCES(STU_ID, EVENT_TYPE, DATE_TIME, EMP_ID, IP_ADDR, NOTES) VALUES(12, "Out", NOW(), 2, "10.1.31.59", "");', 'Jolie Vu', '2016-06-14 15:39:50', '10.1.31.59'),
(31, 'INSERT INTO STUDENT_ATTENDANCES(STU_ID, EVENT_TYPE, DATE_TIME, EMP_ID, IP_ADDR, NOTES) VALUES(13, "Out", NOW(), 2, "10.1.31.59", "");', 'Jolie Vu', '2016-06-14 15:39:50', '10.1.31.59'),
(32, 'INSERT INTO STUDENT_ATTENDANCES(STU_ID, EVENT_TYPE, DATE_TIME, EMP_ID, IP_ADDR, NOTES) VALUES(19, "Out", NOW(), 2, "10.1.31.59", "");', 'Jolie Vu', '2016-06-14 15:39:50', '10.1.31.59'),
(33, 'INSERT INTO STUDENT_ATTENDANCES(STU_ID, EVENT_TYPE, DATE_TIME, EMP_ID, IP_ADDR, NOTES) VALUES(20, "Out", NOW(), 2, "10.1.31.59", "");', 'Jolie Vu', '2016-06-14 15:39:50', '10.1.31.59'),
(34, 'SELECT STUDENTS.STU_ID, CONCAT(STUDENTS.STU_FIRST_NAME, " ", STUDENTS.STU_LAST_NAME) AS STU_NAME, STUDENTS.STU_BIRTHDATE, FLOOR(DATEDIFF(NOW(), STUDENTS.STU_BIRTHDATE)/365.25) AS STU_AGE, STUDENTS.STU_PHOTO FROM STUDENTS WHERE (STUDENTS.STU_ID IN (SELECT STUDENT_ATTENDANCES.STU_ID FROM STUDENT_ATTENDANCES WHERE STUDENT_ATTENDANCES.DATE_TIME >= CURDATE() AND STUDENT_ATTENDANCES.DATE_TIME < (CURDATE() + INTERVAL 1 DAY) AND STUDENT_ATTENDANCES.EVENT_TYPE = "In")) AND (STUDENTS.STU_ID NOT IN (SELECT STUDENT_ATTENDANCES.STU_ID FROM STUDENT_ATTENDANCES WHERE STUDENT_ATTENDANCES.DATE_TIME >= CURDATE() AND STUDENT_ATTENDANCES.DATE_TIME < (CURDATE() + INTERVAL 1 DAY) AND STUDENT_ATTENDANCES.EVENT_TYPE = "Out"));', 'Jolie Vu', '2016-06-14 15:39:52', '10.1.31.59'),
(35, 'INSERT INTO STUDENT_ATTENDANCES(STU_ID, EVENT_TYPE, DATE_TIME, EMP_ID, IP_ADDR, NOTES) VALUES(4, "Out", NOW(), 2, "10.1.31.59", "");', 'Jolie Vu', '2016-06-14 15:39:54', '10.1.31.59'),
(36, 'INSERT INTO STUDENT_ATTENDANCES(STU_ID, EVENT_TYPE, DATE_TIME, EMP_ID, IP_ADDR, NOTES) VALUES(6, "Out", NOW(), 2, "10.1.31.59", "");', 'Jolie Vu', '2016-06-14 15:39:54', '10.1.31.59'),
(37, 'SELECT STUDENTS.STU_ID, CONCAT(STUDENTS.STU_FIRST_NAME, " ", STUDENTS.STU_LAST_NAME) AS STU_NAME, STUDENTS.STU_BIRTHDATE, FLOOR(DATEDIFF(NOW(), STUDENTS.STU_BIRTHDATE)/365.25) AS STU_AGE, STUDENTS.STU_PHOTO FROM STUDENTS WHERE (STUDENTS.STU_ID IN (SELECT STUDENT_ATTENDANCES.STU_ID FROM STUDENT_ATTENDANCES WHERE STUDENT_ATTENDANCES.DATE_TIME >= CURDATE() AND STUDENT_ATTENDANCES.DATE_TIME < (CURDATE() + INTERVAL 1 DAY) AND STUDENT_ATTENDANCES.EVENT_TYPE = "In")) AND (STUDENTS.STU_ID NOT IN (SELECT STUDENT_ATTENDANCES.STU_ID FROM STUDENT_ATTENDANCES WHERE STUDENT_ATTENDANCES.DATE_TIME >= CURDATE() AND STUDENT_ATTENDANCES.DATE_TIME < (CURDATE() + INTERVAL 1 DAY) AND STUDENT_ATTENDANCES.EVENT_TYPE = "Out"));', 'Jolie Vu', '2016-06-14 15:39:58', '10.1.31.59'),
(38, 'INSERT INTO STUDENT_ATTENDANCES(STU_ID, EVENT_TYPE, DATE_TIME, EMP_ID, IP_ADDR, NOTES) VALUES(8, "Out", NOW(), 2, "10.1.31.59", "");', 'Jolie Vu', '2016-06-14 15:40:02', '10.1.31.59'),
(39, 'INSERT INTO STUDENT_ATTENDANCES(STU_ID, EVENT_TYPE, DATE_TIME, EMP_ID, IP_ADDR, NOTES) VALUES(11, "Out", NOW(), 2, "10.1.31.59", "");', 'Jolie Vu', '2016-06-14 15:40:02', '10.1.31.59'),
(40, 'INSERT INTO STUDENT_ATTENDANCES(STU_ID, EVENT_TYPE, DATE_TIME, EMP_ID, IP_ADDR, NOTES) VALUES(15, "Out", NOW(), 2, "10.1.31.59", "");', 'Jolie Vu', '2016-06-14 15:40:02', '10.1.31.59'),
(41, 'INSERT INTO STUDENT_ATTENDANCES(STU_ID, EVENT_TYPE, DATE_TIME, EMP_ID, IP_ADDR, NOTES) VALUES(18, "Out", NOW(), 2, "10.1.31.59", "");', 'Jolie Vu', '2016-06-14 15:40:02', '10.1.31.59'),
(42, 'SELECT STUDENTS.STU_ID, CONCAT(STUDENTS.STU_FIRST_NAME, " ", STUDENTS.STU_LAST_NAME) AS STU_NAME, STUDENTS.STU_BIRTHDATE, FLOOR(DATEDIFF(NOW(), STUDENTS.STU_BIRTHDATE)/365.25) AS STU_AGE, STUDENTS.STU_PHOTO FROM STUDENTS WHERE (STUDENTS.STU_ID IN (SELECT STUDENT_ATTENDANCES.STU_ID FROM STUDENT_ATTENDANCES WHERE STUDENT_ATTENDANCES.DATE_TIME >= CURDATE() AND STUDENT_ATTENDANCES.DATE_TIME < (CURDATE() + INTERVAL 1 DAY) AND STUDENT_ATTENDANCES.EVENT_TYPE = "In")) AND (STUDENTS.STU_ID NOT IN (SELECT STUDENT_ATTENDANCES.STU_ID FROM STUDENT_ATTENDANCES WHERE STUDENT_ATTENDANCES.DATE_TIME >= CURDATE() AND STUDENT_ATTENDANCES.DATE_TIME < (CURDATE() + INTERVAL 1 DAY) AND STUDENT_ATTENDANCES.EVENT_TYPE = "Out"));', 'Jolie Vu', '2016-06-14 15:40:03', '10.1.31.59'),
(43, 'INSERT INTO STUDENT_ATTENDANCES(STU_ID, EVENT_TYPE, DATE_TIME, EMP_ID, IP_ADDR, NOTES) VALUES(2, "Out", NOW(), 2, "10.1.31.59", "");', 'Jolie Vu', '2016-06-14 15:40:11', '10.1.31.59'),
(44, 'INSERT INTO STUDENT_ATTENDANCES(STU_ID, EVENT_TYPE, DATE_TIME, EMP_ID, IP_ADDR, NOTES) VALUES(3, "Out", NOW(), 2, "10.1.31.59", "");', 'Jolie Vu', '2016-06-14 15:40:11', '10.1.31.59'),
(45, 'INSERT INTO STUDENT_ATTENDANCES(STU_ID, EVENT_TYPE, DATE_TIME, EMP_ID, IP_ADDR, NOTES) VALUES(7, "Out", NOW(), 2, "10.1.31.59", "");', 'Jolie Vu', '2016-06-14 15:40:11', '10.1.31.59'),
(46, 'INSERT INTO STUDENT_ATTENDANCES(STU_ID, EVENT_TYPE, DATE_TIME, EMP_ID, IP_ADDR, NOTES) VALUES(9, "Out", NOW(), 2, "10.1.31.59", "");', 'Jolie Vu', '2016-06-14 15:40:11', '10.1.31.59'),
(47, 'INSERT INTO STUDENT_ATTENDANCES(STU_ID, EVENT_TYPE, DATE_TIME, EMP_ID, IP_ADDR, NOTES) VALUES(10, "Out", NOW(), 2, "10.1.31.59", "");', 'Jolie Vu', '2016-06-14 15:40:11', '10.1.31.59'),
(48, 'INSERT INTO STUDENT_ATTENDANCES(STU_ID, EVENT_TYPE, DATE_TIME, EMP_ID, IP_ADDR, NOTES) VALUES(14, "Out", NOW(), 2, "10.1.31.59", "");', 'Jolie Vu', '2016-06-14 15:40:11', '10.1.31.59'),
(49, 'INSERT INTO STUDENT_ATTENDANCES(STU_ID, EVENT_TYPE, DATE_TIME, EMP_ID, IP_ADDR, NOTES) VALUES(17, "Out", NOW(), 2, "10.1.31.59", "");', 'Jolie Vu', '2016-06-14 15:40:11', '10.1.31.59'),
(50, 'SELECT STUDENTS.STU_ID, CONCAT(STUDENTS.STU_FIRST_NAME, " ", STUDENTS.STU_LAST_NAME) AS STU_NAME, STUDENTS.STU_BIRTHDATE, FLOOR(DATEDIFF(NOW(), STUDENTS.STU_BIRTHDATE)/365.25) AS STU_AGE, STUDENTS.STU_PHOTO FROM STUDENTS WHERE (STUDENTS.STU_ID IN (SELECT STUDENT_ATTENDANCES.STU_ID FROM STUDENT_ATTENDANCES WHERE STUDENT_ATTENDANCES.DATE_TIME >= CURDATE() AND STUDENT_ATTENDANCES.DATE_TIME < (CURDATE() + INTERVAL 1 DAY) AND STUDENT_ATTENDANCES.EVENT_TYPE = "In")) AND (STUDENTS.STU_ID NOT IN (SELECT STUDENT_ATTENDANCES.STU_ID FROM STUDENT_ATTENDANCES WHERE STUDENT_ATTENDANCES.DATE_TIME >= CURDATE() AND STUDENT_ATTENDANCES.DATE_TIME < (CURDATE() + INTERVAL 1 DAY) AND STUDENT_ATTENDANCES.EVENT_TYPE = "Out"));', 'Jolie Vu', '2016-06-14 15:40:12', '10.1.31.59'),
(51, 'INSERT INTO STUDENT_ATTENDANCES(STU_ID, EVENT_TYPE, DATE_TIME, EMP_ID, IP_ADDR, NOTES) VALUES(1, "Out", NOW(), 2, "10.1.31.59", "");', 'Jolie Vu', '2016-06-14 15:40:15', '10.1.31.59'),
(52, 'INSERT INTO STUDENT_ATTENDANCES(STU_ID, EVENT_TYPE, DATE_TIME, EMP_ID, IP_ADDR, NOTES) VALUES(16, "Out", NOW(), 2, "10.1.31.59", "");', 'Jolie Vu', '2016-06-14 15:40:15', '10.1.31.59'),
(53, 'SELECT STUDENTS.STU_ID, CONCAT(STUDENTS.STU_FIRST_NAME, " ", STUDENTS.STU_LAST_NAME) AS STU_NAME, STUDENTS.STU_BIRTHDATE, FLOOR(DATEDIFF(NOW(), STUDENTS.STU_BIRTHDATE)/365.25) AS STU_AGE, STUDENTS.STU_PHOTO FROM STUDENTS WHERE (STUDENTS.STU_ID IN (SELECT STUDENT_ATTENDANCES.STU_ID FROM STUDENT_ATTENDANCES WHERE STUDENT_ATTENDANCES.DATE_TIME >= CURDATE() AND STUDENT_ATTENDANCES.DATE_TIME < (CURDATE() + INTERVAL 1 DAY) AND STUDENT_ATTENDANCES.EVENT_TYPE = "In")) AND (STUDENTS.STU_ID NOT IN (SELECT STUDENT_ATTENDANCES.STU_ID FROM STUDENT_ATTENDANCES WHERE STUDENT_ATTENDANCES.DATE_TIME >= CURDATE() AND STUDENT_ATTENDANCES.DATE_TIME < (CURDATE() + INTERVAL 1 DAY) AND STUDENT_ATTENDANCES.EVENT_TYPE = "Out"));', 'Jolie Vu', '2016-06-14 15:40:16', '10.1.31.59'),
(54, 'SELECT  * FROM STUDENTS ORDER BY STU_FIRST_NAME ASC;', 'Jolie Vu', '2016-06-14 15:40:43', '10.1.31.59'),
(55, 'SELECT  EMPLOYEE_ATTENDANCES.EMP_ATT_ID, EMPLOYEES.EMP_FIRST_NAME, EMPLOYEES.EMP_LAST_NAME, EMPLOYEE_ATTENDANCES.EVENT_TYPE, EMPLOYEE_ATTENDANCES.DATE_TIME, EMPLOYEE_ATTENDANCES.IP_ADDR FROM EMPLOYEE_ATTENDANCES, EMPLOYEES WHERE EMPLOYEE_ATTENDANCES.EMP_ID=2 AND EMPLOYEE_ATTENDANCES.EMP_ID=EMPLOYEES.EMP_ID ORDER BY EMPLOYEE_ATTENDANCES.DATE_TIME DESC;', 'Jolie Vu', '2016-06-14 15:42:48', '10.1.31.59'),
(56, 'SELECT  STUDENTS.STU_ID, CONCAT(STUDENTS.STU_FIRST_NAME, " ", STUDENTS.STU_LAST_NAME) AS STU_NAME, STUDENTS.STU_BIRTHDATE, FLOOR(DATEDIFF(NOW(), STUDENTS.STU_BIRTHDATE)/365.25) AS STU_AGE, STUDENTS.STU_PHOTO FROM STUDENTS WHERE  STUDENTS.STU_ID NOT IN (SELECT STUDENT_ATTENDANCES.STU_ID FROM STUDENT_ATTENDANCES WHERE \r\n										STUDENT_ATTENDANCES.DATE_TIME >= CURDATE() AND \r\n										STUDENT_ATTENDANCES.DATE_TIME < (CURDATE() + INTERVAL 1 DAY) AND\r\n										STUDENT_ATTENDANCES.EVENT_TYPE = "In");', 'Jolie Vu', '2016-06-14 15:48:19', '10.1.31.59'),
(57, 'INSERT INTO STUDENT_ATTENDANCES(STU_ID, EVENT_TYPE, DATE_TIME, EMP_ID, IP_ADDR, NOTES) VALUES(11, "In", NOW(), 2, "10.1.31.59", "");', 'Jolie Vu', '2016-06-14 15:48:26', '10.1.31.59'),
(58, 'INSERT INTO STUDENT_ATTENDANCES(STU_ID, EVENT_TYPE, DATE_TIME, EMP_ID, IP_ADDR, NOTES) VALUES(12, "In", NOW(), 2, "10.1.31.59", "");', 'Jolie Vu', '2016-06-14 15:48:26', '10.1.31.59'),
(59, 'INSERT INTO STUDENT_ATTENDANCES(STU_ID, EVENT_TYPE, DATE_TIME, EMP_ID, IP_ADDR, NOTES) VALUES(13, "In", NOW(), 2, "10.1.31.59", "");', 'Jolie Vu', '2016-06-14 15:48:27', '10.1.31.59'),
(60, 'SELECT  STUDENTS.STU_ID, CONCAT(STUDENTS.STU_FIRST_NAME, " ", STUDENTS.STU_LAST_NAME) AS STU_NAME, STUDENTS.STU_BIRTHDATE, FLOOR(DATEDIFF(NOW(), STUDENTS.STU_BIRTHDATE)/365.25) AS STU_AGE, STUDENTS.STU_PHOTO FROM STUDENTS WHERE  STUDENTS.STU_ID NOT IN (SELECT STUDENT_ATTENDANCES.STU_ID FROM STUDENT_ATTENDANCES WHERE \r\n										STUDENT_ATTENDANCES.DATE_TIME >= CURDATE() AND \r\n										STUDENT_ATTENDANCES.DATE_TIME < (CURDATE() + INTERVAL 1 DAY) AND\r\n										STUDENT_ATTENDANCES.EVENT_TYPE = "In");', 'Jolie Vu', '2016-06-14 15:48:28', '10.1.31.59'),
(61, 'SELECT STUDENTS.STU_ID, CONCAT(STUDENTS.STU_FIRST_NAME, " ", STUDENTS.STU_LAST_NAME) AS STU_NAME, STUDENTS.STU_BIRTHDATE, FLOOR(DATEDIFF(NOW(), STUDENTS.STU_BIRTHDATE)/365.25) AS STU_AGE, STUDENTS.STU_PHOTO FROM STUDENTS WHERE (STUDENTS.STU_ID IN (SELECT STUDENT_ATTENDANCES.STU_ID FROM STUDENT_ATTENDANCES WHERE STUDENT_ATTENDANCES.DATE_TIME >= CURDATE() AND STUDENT_ATTENDANCES.DATE_TIME < (CURDATE() + INTERVAL 1 DAY) AND STUDENT_ATTENDANCES.EVENT_TYPE = "In")) AND (STUDENTS.STU_ID NOT IN (SELECT STUDENT_ATTENDANCES.STU_ID FROM STUDENT_ATTENDANCES WHERE STUDENT_ATTENDANCES.DATE_TIME >= CURDATE() AND STUDENT_ATTENDANCES.DATE_TIME < (CURDATE() + INTERVAL 1 DAY) AND STUDENT_ATTENDANCES.EVENT_TYPE = "Out"));', 'Jolie Vu', '2016-06-14 15:48:32', '10.1.31.59'),
(62, 'SELECT  STUDENTS.STU_ID, CONCAT(STUDENTS.STU_FIRST_NAME, " ", STUDENTS.STU_LAST_NAME) AS STU_NAME, STUDENTS.STU_BIRTHDATE, FLOOR(DATEDIFF(NOW(), STUDENTS.STU_BIRTHDATE)/365.25) AS STU_AGE, STUDENTS.STU_PHOTO FROM STUDENTS WHERE  STUDENTS.STU_ID NOT IN (SELECT STUDENT_ATTENDANCES.STU_ID FROM STUDENT_ATTENDANCES WHERE \r\n										STUDENT_ATTENDANCES.DATE_TIME >= CURDATE() AND \r\n										STUDENT_ATTENDANCES.DATE_TIME < (CURDATE() + INTERVAL 1 DAY) AND\r\n										STUDENT_ATTENDANCES.EVENT_TYPE = "In");', 'Jolie Vu', '2016-06-14 15:48:41', '10.1.31.59'),
(63, 'SELECT  STUDENTS.STU_ID, CONCAT(STUDENTS.STU_FIRST_NAME, " ", STUDENTS.STU_LAST_NAME) AS STU_NAME, STUDENTS.STU_BIRTHDATE, FLOOR(DATEDIFF(NOW(), STUDENTS.STU_BIRTHDATE)/365.25) AS STU_AGE, STUDENTS.STU_PHOTO FROM STUDENTS WHERE  STUDENTS.STU_ID NOT IN (SELECT STUDENT_ATTENDANCES.STU_ID FROM STUDENT_ATTENDANCES WHERE \r\n										STUDENT_ATTENDANCES.DATE_TIME >= CURDATE() AND \r\n										STUDENT_ATTENDANCES.DATE_TIME < (CURDATE() + INTERVAL 1 DAY) AND\r\n										STUDENT_ATTENDANCES.EVENT_TYPE = "In");', 'Jolie Vu', '2016-06-14 15:49:12', '10.1.31.59'),
(64, 'INSERT INTO STUDENT_ATTENDANCES(STU_ID, EVENT_TYPE, DATE_TIME, EMP_ID, IP_ADDR, NOTES) VALUES(11, "In", NOW(), 2, "10.1.31.59", "");', 'Jolie Vu', '2016-06-14 15:49:25', '10.1.31.59'),
(65, 'INSERT INTO STUDENT_ATTENDANCES(STU_ID, EVENT_TYPE, DATE_TIME, EMP_ID, IP_ADDR, NOTES) VALUES(12, "In", NOW(), 2, "10.1.31.59", "");', 'Jolie Vu', '2016-06-14 15:49:25', '10.1.31.59'),
(66, 'INSERT INTO STUDENT_ATTENDANCES(STU_ID, EVENT_TYPE, DATE_TIME, EMP_ID, IP_ADDR, NOTES) VALUES(13, "In", NOW(), 2, "10.1.31.59", "");', 'Jolie Vu', '2016-06-14 15:49:25', '10.1.31.59'),
(67, 'SELECT  STUDENTS.STU_ID, CONCAT(STUDENTS.STU_FIRST_NAME, " ", STUDENTS.STU_LAST_NAME) AS STU_NAME, STUDENTS.STU_BIRTHDATE, FLOOR(DATEDIFF(NOW(), STUDENTS.STU_BIRTHDATE)/365.25) AS STU_AGE, STUDENTS.STU_PHOTO FROM STUDENTS WHERE  STUDENTS.STU_ID NOT IN (SELECT STUDENT_ATTENDANCES.STU_ID FROM STUDENT_ATTENDANCES WHERE \r\n										STUDENT_ATTENDANCES.DATE_TIME >= CURDATE() AND \r\n										STUDENT_ATTENDANCES.DATE_TIME < (CURDATE() + INTERVAL 1 DAY) AND\r\n										STUDENT_ATTENDANCES.EVENT_TYPE = "In");', 'Jolie Vu', '2016-06-14 15:49:26', '10.1.31.59'),
(68, 'SELECT STUDENTS.STU_ID, CONCAT(STUDENTS.STU_FIRST_NAME, " ", STUDENTS.STU_LAST_NAME) AS STU_NAME, STUDENTS.STU_BIRTHDATE, FLOOR(DATEDIFF(NOW(), STUDENTS.STU_BIRTHDATE)/365.25) AS STU_AGE, STUDENTS.STU_PHOTO FROM STUDENTS WHERE (STUDENTS.STU_ID IN (SELECT STUDENT_ATTENDANCES.STU_ID FROM STUDENT_ATTENDANCES WHERE STUDENT_ATTENDANCES.DATE_TIME >= CURDATE() AND STUDENT_ATTENDANCES.DATE_TIME < (CURDATE() + INTERVAL 1 DAY) AND STUDENT_ATTENDANCES.EVENT_TYPE = "In")) AND (STUDENTS.STU_ID NOT IN (SELECT STUDENT_ATTENDANCES.STU_ID FROM STUDENT_ATTENDANCES WHERE STUDENT_ATTENDANCES.DATE_TIME >= CURDATE() AND STUDENT_ATTENDANCES.DATE_TIME < (CURDATE() + INTERVAL 1 DAY) AND STUDENT_ATTENDANCES.EVENT_TYPE = "Out"));', 'Jolie Vu', '2016-06-14 15:49:30', '10.1.31.59'),
(69, 'INSERT INTO STUDENT_ATTENDANCES(STU_ID, EVENT_TYPE, DATE_TIME, EMP_ID, IP_ADDR, NOTES) VALUES(13, "Out", NOW(), 2, "10.1.31.59", "");', 'Jolie Vu', '2016-06-14 15:49:35', '10.1.31.59'),
(70, 'SELECT STUDENTS.STU_ID, CONCAT(STUDENTS.STU_FIRST_NAME, " ", STUDENTS.STU_LAST_NAME) AS STU_NAME, STUDENTS.STU_BIRTHDATE, FLOOR(DATEDIFF(NOW(), STUDENTS.STU_BIRTHDATE)/365.25) AS STU_AGE, STUDENTS.STU_PHOTO FROM STUDENTS WHERE (STUDENTS.STU_ID IN (SELECT STUDENT_ATTENDANCES.STU_ID FROM STUDENT_ATTENDANCES WHERE STUDENT_ATTENDANCES.DATE_TIME >= CURDATE() AND STUDENT_ATTENDANCES.DATE_TIME < (CURDATE() + INTERVAL 1 DAY) AND STUDENT_ATTENDANCES.EVENT_TYPE = "In")) AND (STUDENTS.STU_ID NOT IN (SELECT STUDENT_ATTENDANCES.STU_ID FROM STUDENT_ATTENDANCES WHERE STUDENT_ATTENDANCES.DATE_TIME >= CURDATE() AND STUDENT_ATTENDANCES.DATE_TIME < (CURDATE() + INTERVAL 1 DAY) AND STUDENT_ATTENDANCES.EVENT_TYPE = "Out"));', 'Jolie Vu', '2016-06-14 15:49:37', '10.1.31.59'),
(71, 'SELECT  STUDENTS.STU_ID, CONCAT(STUDENTS.STU_FIRST_NAME, " ", STUDENTS.STU_LAST_NAME) AS STU_NAME, STUDENTS.STU_BIRTHDATE, FLOOR(DATEDIFF(NOW(), STUDENTS.STU_BIRTHDATE)/365.25) AS STU_AGE, STUDENTS.STU_PHOTO FROM STUDENTS WHERE  STUDENTS.STU_ID NOT IN (SELECT STUDENT_ATTENDANCES.STU_ID FROM STUDENT_ATTENDANCES WHERE \r\n										STUDENT_ATTENDANCES.DATE_TIME >= CURDATE() AND \r\n										STUDENT_ATTENDANCES.DATE_TIME < (CURDATE() + INTERVAL 1 DAY) AND\r\n										STUDENT_ATTENDANCES.EVENT_TYPE = "In");', 'Jolie Vu', '2016-06-14 15:49:40', '10.1.31.59'),
(72, 'INSERT INTO STUDENT_ATTENDANCES(STU_ID, EVENT_TYPE, DATE_TIME, EMP_ID, IP_ADDR, NOTES) VALUES(1, "In", NOW(), 2, "10.1.31.59", "");', 'Jolie Vu', '2016-06-14 15:49:51', '10.1.31.59'),
(73, 'INSERT INTO STUDENT_ATTENDANCES(STU_ID, EVENT_TYPE, DATE_TIME, EMP_ID, IP_ADDR, NOTES) VALUES(3, "In", NOW(), 2, "10.1.31.59", "");', 'Jolie Vu', '2016-06-14 15:49:51', '10.1.31.59'),
(74, 'INSERT INTO STUDENT_ATTENDANCES(STU_ID, EVENT_TYPE, DATE_TIME, EMP_ID, IP_ADDR, NOTES) VALUES(4, "In", NOW(), 2, "10.1.31.59", "");', 'Jolie Vu', '2016-06-14 15:49:51', '10.1.31.59'),
(75, 'INSERT INTO STUDENT_ATTENDANCES(STU_ID, EVENT_TYPE, DATE_TIME, EMP_ID, IP_ADDR, NOTES) VALUES(5, "In", NOW(), 2, "10.1.31.59", "");', 'Jolie Vu', '2016-06-14 15:49:51', '10.1.31.59'),
(76, 'INSERT INTO STUDENT_ATTENDANCES(STU_ID, EVENT_TYPE, DATE_TIME, EMP_ID, IP_ADDR, NOTES) VALUES(8, "In", NOW(), 2, "10.1.31.59", "");', 'Jolie Vu', '2016-06-14 15:49:51', '10.1.31.59'),
(77, 'INSERT INTO STUDENT_ATTENDANCES(STU_ID, EVENT_TYPE, DATE_TIME, EMP_ID, IP_ADDR, NOTES) VALUES(9, "In", NOW(), 2, "10.1.31.59", "");', 'Jolie Vu', '2016-06-14 15:49:52', '10.1.31.59'),
(78, 'INSERT INTO STUDENT_ATTENDANCES(STU_ID, EVENT_TYPE, DATE_TIME, EMP_ID, IP_ADDR, NOTES) VALUES(10, "In", NOW(), 2, "10.1.31.59", "");', 'Jolie Vu', '2016-06-14 15:49:52', '10.1.31.59'),
(79, 'SELECT  STUDENTS.STU_ID, CONCAT(STUDENTS.STU_FIRST_NAME, " ", STUDENTS.STU_LAST_NAME) AS STU_NAME, STUDENTS.STU_BIRTHDATE, FLOOR(DATEDIFF(NOW(), STUDENTS.STU_BIRTHDATE)/365.25) AS STU_AGE, STUDENTS.STU_PHOTO FROM STUDENTS WHERE  STUDENTS.STU_ID NOT IN (SELECT STUDENT_ATTENDANCES.STU_ID FROM STUDENT_ATTENDANCES WHERE \r\n										STUDENT_ATTENDANCES.DATE_TIME >= CURDATE() AND \r\n										STUDENT_ATTENDANCES.DATE_TIME < (CURDATE() + INTERVAL 1 DAY) AND\r\n										STUDENT_ATTENDANCES.EVENT_TYPE = "In");', 'Jolie Vu', '2016-06-14 15:49:53', '10.1.31.59'),
(80, 'SELECT STUDENTS.STU_ID, CONCAT(STUDENTS.STU_FIRST_NAME, " ", STUDENTS.STU_LAST_NAME) AS STU_NAME, STUDENTS.STU_BIRTHDATE, FLOOR(DATEDIFF(NOW(), STUDENTS.STU_BIRTHDATE)/365.25) AS STU_AGE, STUDENTS.STU_PHOTO FROM STUDENTS WHERE (STUDENTS.STU_ID IN (SELECT STUDENT_ATTENDANCES.STU_ID FROM STUDENT_ATTENDANCES WHERE STUDENT_ATTENDANCES.DATE_TIME >= CURDATE() AND STUDENT_ATTENDANCES.DATE_TIME < (CURDATE() + INTERVAL 1 DAY) AND STUDENT_ATTENDANCES.EVENT_TYPE = "In")) AND (STUDENTS.STU_ID NOT IN (SELECT STUDENT_ATTENDANCES.STU_ID FROM STUDENT_ATTENDANCES WHERE STUDENT_ATTENDANCES.DATE_TIME >= CURDATE() AND STUDENT_ATTENDANCES.DATE_TIME < (CURDATE() + INTERVAL 1 DAY) AND STUDENT_ATTENDANCES.EVENT_TYPE = "Out"));', 'Jolie Vu', '2016-06-14 15:49:59', '10.1.31.59'),
(81, 'INSERT INTO EMPLOYEE_LOG_IOS(EMP_ID, EVENT_TYPE, DATE_TIME, IP_ADDR) VALUES(2, "Out", NOW(), "10.1.31.59");', 'Jolie Vu', '2016-06-14 16:36:15', '10.1.31.59'),
(82, 'SELECT  EMP_ID, EMP_FIRST_NAME, EMP_LAST_NAME, EMP_BIRTHDATE, EMP_PHONE1 FROM EMPLOYEES  WHERE EMP_PASSCODE="1887";', 'system', '2016-06-14 16:36:19', '10.1.31.59'),
(83, 'INSERT INTO EMPLOYEE_LOG_IOS(EMP_ID, EVENT_TYPE, DATE_TIME, IP_ADDR) VALUES(1, "In", NOW(), "10.1.31.59");', 'Raphaelle Philippe', '2016-06-14 16:36:19', '10.1.31.59'),
(84, 'SELECT  STUDENTS.STU_ID, CONCAT(STUDENTS.STU_FIRST_NAME, " ", STUDENTS.STU_LAST_NAME) AS STU_NAME, STUDENTS.STU_BIRTHDATE, FLOOR(DATEDIFF(NOW(), STUDENTS.STU_BIRTHDATE)/365.25) AS STU_AGE, STUDENTS.STU_PHOTO FROM STUDENTS WHERE  STUDENTS.STU_ID NOT IN (SELECT STUDENT_ATTENDANCES.STU_ID FROM STUDENT_ATTENDANCES WHERE \r\n										STUDENT_ATTENDANCES.DATE_TIME >= CURDATE() AND \r\n										STUDENT_ATTENDANCES.DATE_TIME < (CURDATE() + INTERVAL 1 DAY) AND\r\n										STUDENT_ATTENDANCES.EVENT_TYPE = "In");', 'Raphaelle Philippe', '2016-06-14 16:36:21', '10.1.31.59'),
(85, 'SELECT  STUDENTS.STU_ID, CONCAT(STUDENTS.STU_FIRST_NAME, " ", STUDENTS.STU_LAST_NAME) AS STU_NAME, STUDENTS.STU_BIRTHDATE, FLOOR(DATEDIFF(NOW(), STUDENTS.STU_BIRTHDATE)/365.25) AS STU_AGE, STUDENTS.STU_PHOTO FROM STUDENTS WHERE  STUDENTS.STU_ID NOT IN (SELECT STUDENT_ATTENDANCES.STU_ID FROM STUDENT_ATTENDANCES WHERE \r\n										STUDENT_ATTENDANCES.DATE_TIME >= CURDATE() AND \r\n										STUDENT_ATTENDANCES.DATE_TIME < (CURDATE() + INTERVAL 1 DAY) AND\r\n										STUDENT_ATTENDANCES.EVENT_TYPE = "In");', 'Raphaelle Philippe', '2016-06-14 16:36:35', '10.1.31.59'),
(86, 'INSERT INTO STUDENT_ATTENDANCES(STU_ID, EVENT_TYPE, DATE_TIME, EMP_ID, IP_ADDR, NOTES) VALUES(4, "In", NOW(), 1, "10.1.31.59", "");', 'Raphaelle Philippe', '2016-06-14 16:36:39', '10.1.31.59'),
(87, 'SELECT  STUDENTS.STU_ID, CONCAT(STUDENTS.STU_FIRST_NAME, " ", STUDENTS.STU_LAST_NAME) AS STU_NAME, STUDENTS.STU_BIRTHDATE, FLOOR(DATEDIFF(NOW(), STUDENTS.STU_BIRTHDATE)/365.25) AS STU_AGE, STUDENTS.STU_PHOTO FROM STUDENTS WHERE  STUDENTS.STU_ID NOT IN (SELECT STUDENT_ATTENDANCES.STU_ID FROM STUDENT_ATTENDANCES WHERE \r\n										STUDENT_ATTENDANCES.DATE_TIME >= CURDATE() AND \r\n										STUDENT_ATTENDANCES.DATE_TIME < (CURDATE() + INTERVAL 1 DAY) AND\r\n										STUDENT_ATTENDANCES.EVENT_TYPE = "In");', 'Raphaelle Philippe', '2016-06-14 16:36:40', '10.1.31.59'),
(88, 'SELECT WEB_PAGES.PAGE_ID, WEB_PAGES.TAG_CLASS, WEB_PAGES.TYPE, WEB_PAGES.HREF, WEB_PAGES.ICON_URL, WEB_PAGES.TITLE, WEB_PAGES.STATUS FROM WEB_PAGES WHERE (WEB_PAGES.STATUS="active");', 'Raphaelle Philippe', '2016-06-14 17:02:37', '10.1.31.59'),
(89, 'INSERT INTO EMPLOYEE_ATTENDANCES(EMP_ID, EVENT_TYPE, DATE_TIME, IP_ADDR, NOTES) VALUES(1, "In", NOW(), "10.1.31.59", "");', 'Raphaelle Philippe', '2016-06-14 17:03:02', '10.1.31.59'),
(90, 'SELECT WEB_PAGES.PAGE_ID, WEB_PAGES.TAG_CLASS, WEB_PAGES.TYPE, WEB_PAGES.HREF, WEB_PAGES.ICON_URL, WEB_PAGES.TITLE, WEB_PAGES.STATUS FROM WEB_PAGES WHERE (WEB_PAGES.STATUS="active");', 'Raphaelle Philippe', '2016-06-14 17:03:11', '10.1.31.59'),
(91, 'SELECT WEB_PAGES.PAGE_ID, WEB_PAGES.TAG_CLASS, WEB_PAGES.TYPE, WEB_PAGES.HREF, WEB_PAGES.ICON_URL, WEB_PAGES.TITLE, WEB_PAGES.STATUS FROM WEB_PAGES WHERE (WEB_PAGES.STATUS="active");', 'Raphaelle Philippe', '2016-06-14 17:04:42', '10.1.31.59'),
(92, 'SELECT WEB_PAGES.PAGE_ID, WEB_PAGES.TAG_CLASS, WEB_PAGES.TYPE, WEB_PAGES.HREF, WEB_PAGES.ICON_URL, WEB_PAGES.TITLE, WEB_PAGES.STATUS FROM WEB_PAGES WHERE (WEB_PAGES.STATUS="active");', 'Raphaelle Philippe', '2016-06-14 17:05:11', '10.1.31.59'),
(93, 'SELECT WEB_PAGES.PAGE_ID, WEB_PAGES.TAG_CLASS, WEB_PAGES.TYPE, WEB_PAGES.HREF, WEB_PAGES.ICON_URL, WEB_PAGES.TITLE, WEB_PAGES.STATUS FROM WEB_PAGES WHERE (WEB_PAGES.STATUS="active");', 'Raphaelle Philippe', '2016-06-14 17:06:06', '10.1.31.59'),
(94, 'SELECT WEB_PAGES.PAGE_ID, WEB_PAGES.TAG_CLASS, WEB_PAGES.TYPE, WEB_PAGES.HREF, WEB_PAGES.ICON_URL, WEB_PAGES.TITLE, WEB_PAGES.STATUS FROM WEB_PAGES WHERE (WEB_PAGES.STATUS="active");', 'Raphaelle Philippe', '2016-06-14 17:06:40', '10.1.31.59'),
(95, 'SELECT WEB_PAGES.PAGE_ID, WEB_PAGES.TAG_CLASS, WEB_PAGES.TYPE, WEB_PAGES.HREF, WEB_PAGES.ICON_URL, WEB_PAGES.TITLE, WEB_PAGES.STATUS FROM WEB_PAGES WHERE (WEB_PAGES.STATUS="active");', 'Raphaelle Philippe', '2016-06-14 17:07:17', '10.1.31.59'),
(96, 'SELECT WEB_PAGES.PAGE_ID, WEB_PAGES.TAG_CLASS, WEB_PAGES.TYPE, WEB_PAGES.HREF, WEB_PAGES.ICON_URL, WEB_PAGES.TITLE, WEB_PAGES.STATUS FROM WEB_PAGES WHERE (WEB_PAGES.STATUS="active");', 'Raphaelle Philippe', '2016-06-14 17:11:27', '10.1.31.59'),
(97, 'SELECT WEB_PAGES.PAGE_ID, WEB_PAGES.TAG_CLASS, WEB_PAGES.TYPE, WEB_PAGES.HREF, WEB_PAGES.ICON_URL, WEB_PAGES.TITLE, WEB_PAGES.STATUS FROM WEB_PAGES WHERE (WEB_PAGES.STATUS="active");', 'Raphaelle Philippe', '2016-06-14 17:11:51', '10.1.31.59'),
(98, 'SELECT WEB_PAGES.PAGE_ID, WEB_PAGES.TAG_CLASS, WEB_PAGES.TYPE, WEB_PAGES.HREF, WEB_PAGES.ICON_URL, WEB_PAGES.TITLE, WEB_PAGES.STATUS FROM WEB_PAGES WHERE (WEB_PAGES.STATUS="active");', 'Raphaelle Philippe', '2016-06-14 17:12:15', '10.1.31.59'),
(99, 'SELECT WEB_PAGES.PAGE_ID, WEB_PAGES.TAG_CLASS, WEB_PAGES.TYPE, WEB_PAGES.HREF, WEB_PAGES.ICON_URL, WEB_PAGES.TITLE, WEB_PAGES.STATUS FROM WEB_PAGES WHERE (WEB_PAGES.STATUS="active");', 'Raphaelle Philippe', '2016-06-14 17:15:01', '10.1.31.59'),
(100, 'SELECT WEB_PAGES.PAGE_ID, WEB_PAGES.TAG_CLASS, WEB_PAGES.TYPE, WEB_PAGES.HREF, WEB_PAGES.ICON_URL, WEB_PAGES.TITLE, WEB_PAGES.STATUS FROM WEB_PAGES WHERE (WEB_PAGES.STATUS="active");', 'Raphaelle Philippe', '2016-06-14 17:16:23', '10.1.31.59'),
(101, 'SELECT WEB_PAGES.PAGE_ID, WEB_PAGES.TAG_CLASS, WEB_PAGES.TYPE, WEB_PAGES.HREF, WEB_PAGES.ICON_URL, WEB_PAGES.TITLE, WEB_PAGES.STATUS FROM WEB_PAGES WHERE (WEB_PAGES.STATUS="active");', 'Raphaelle Philippe', '2016-06-14 17:17:36', '10.1.31.59'),
(102, 'SELECT WEB_PAGES.PAGE_ID, WEB_PAGES.TAG_CLASS, WEB_PAGES.TYPE, WEB_PAGES.HREF, WEB_PAGES.ICON_URL, WEB_PAGES.TITLE, WEB_PAGES.STATUS FROM WEB_PAGES WHERE (WEB_PAGES.STATUS="active");', 'Raphaelle Philippe', '2016-06-14 17:17:39', '10.1.31.59'),
(103, 'SELECT WEB_PAGES.PAGE_ID, WEB_PAGES.TAG_CLASS, WEB_PAGES.TYPE, WEB_PAGES.HREF, WEB_PAGES.ICON_URL, WEB_PAGES.TITLE, WEB_PAGES.STATUS FROM WEB_PAGES WHERE (WEB_PAGES.STATUS="active");', 'Raphaelle Philippe', '2016-06-14 17:31:04', '10.1.31.59'),
(104, 'SELECT WEB_PAGES.PAGE_ID, WEB_PAGES.TAG_CLASS, WEB_PAGES.TYPE, WEB_PAGES.HREF, WEB_PAGES.ICON_URL, WEB_PAGES.TITLE, WEB_PAGES.STATUS FROM WEB_PAGES WHERE (WEB_PAGES.STATUS="active");', 'Raphaelle Philippe', '2016-06-14 17:32:15', '10.1.31.59'),
(105, 'SELECT WEB_PAGES.PAGE_ID, WEB_PAGES.TAG_CLASS, WEB_PAGES.TYPE, WEB_PAGES.HREF, WEB_PAGES.ICON_URL, WEB_PAGES.TITLE, WEB_PAGES.STATUS FROM WEB_PAGES WHERE (WEB_PAGES.STATUS="active");', 'Raphaelle Philippe', '2016-06-14 17:36:35', '10.1.31.59'),
(106, 'SELECT WEB_PAGES.PAGE_ID, WEB_PAGES.TAG_CLASS, WEB_PAGES.TYPE, WEB_PAGES.HREF, WEB_PAGES.ICON_URL, WEB_PAGES.TITLE, WEB_PAGES.STATUS FROM WEB_PAGES WHERE (WEB_PAGES.STATUS="active");', 'Raphaelle Philippe', '2016-06-14 17:46:01', '10.1.31.59'),
(107, 'SELECT WEB_PAGES.PAGE_ID, WEB_PAGES.TAG_CLASS, WEB_PAGES.TYPE, WEB_PAGES.HREF, WEB_PAGES.ICON_URL, WEB_PAGES.TITLE, WEB_PAGES.STATUS FROM WEB_PAGES WHERE (WEB_PAGES.STATUS="active");', 'Raphaelle Philippe', '2016-06-14 17:46:37', '10.1.31.59'),
(108, 'SELECT WEB_PAGES.PAGE_ID, WEB_PAGES.TAG_CLASS, WEB_PAGES.TYPE, WEB_PAGES.HREF, WEB_PAGES.ICON_URL, WEB_PAGES.TITLE, WEB_PAGES.STATUS FROM WEB_PAGES WHERE (WEB_PAGES.STATUS="active");', 'Raphaelle Philippe', '2016-06-14 17:46:46', '10.1.31.59'),
(109, 'SELECT WEB_PAGES.PAGE_ID, WEB_PAGES.TAG_CLASS, WEB_PAGES.TYPE, WEB_PAGES.HREF, WEB_PAGES.ICON_URL, WEB_PAGES.TITLE, WEB_PAGES.STATUS FROM WEB_PAGES WHERE (WEB_PAGES.STATUS="active");', 'Raphaelle Philippe', '2016-06-14 17:47:00', '10.1.31.59'),
(110, 'SELECT WEB_PAGES.PAGE_ID, WEB_PAGES.TAG_CLASS, WEB_PAGES.TYPE, WEB_PAGES.HREF, WEB_PAGES.ICON_URL, WEB_PAGES.TITLE, WEB_PAGES.STATUS FROM WEB_PAGES WHERE (WEB_PAGES.STATUS="active");', 'Raphaelle Philippe', '2016-06-14 17:47:30', '10.1.31.59'),
(111, 'SELECT WEB_PAGES.PAGE_ID, WEB_PAGES.TAG_CLASS, WEB_PAGES.TYPE, WEB_PAGES.HREF, WEB_PAGES.ICON_URL, WEB_PAGES.TITLE, WEB_PAGES.STATUS FROM WEB_PAGES WHERE (WEB_PAGES.STATUS="active");', 'Raphaelle Philippe', '2016-06-14 17:48:05', '10.1.31.59'),
(112, 'SELECT WEB_PAGES.PAGE_ID, WEB_PAGES.TAG_CLASS, WEB_PAGES.TYPE, WEB_PAGES.HREF, WEB_PAGES.ICON_URL, WEB_PAGES.TITLE, WEB_PAGES.STATUS FROM WEB_PAGES WHERE (WEB_PAGES.STATUS="active");', 'Raphaelle Philippe', '2016-06-14 17:49:06', '10.1.31.59'),
(113, 'SELECT WEB_PAGES.PAGE_ID, WEB_PAGES.TAG_CLASS, WEB_PAGES.TYPE, WEB_PAGES.HREF, WEB_PAGES.ICON_URL, WEB_PAGES.TITLE, WEB_PAGES.STATUS FROM WEB_PAGES WHERE (WEB_PAGES.STATUS="active");', 'Raphaelle Philippe', '2016-06-14 17:49:14', '10.1.31.59'),
(114, 'SELECT WEB_PAGES.PAGE_ID, WEB_PAGES.TAG_CLASS, WEB_PAGES.TYPE, WEB_PAGES.HREF, WEB_PAGES.ICON_URL, WEB_PAGES.TITLE, WEB_PAGES.STATUS FROM WEB_PAGES WHERE (WEB_PAGES.STATUS="active");', 'Raphaelle Philippe', '2016-06-14 17:49:22', '10.1.31.59'),
(115, 'SELECT WEB_PAGES.PAGE_ID, WEB_PAGES.TAG_CLASS, WEB_PAGES.TYPE, WEB_PAGES.HREF, WEB_PAGES.ICON_URL, WEB_PAGES.TITLE, WEB_PAGES.STATUS FROM WEB_PAGES WHERE (WEB_PAGES.STATUS="active");', 'Raphaelle Philippe', '2016-06-14 17:49:32', '10.1.31.59'),
(116, 'SELECT WEB_PAGES.PAGE_ID, WEB_PAGES.TAG_CLASS, WEB_PAGES.TYPE, WEB_PAGES.HREF, WEB_PAGES.ICON_URL, WEB_PAGES.TITLE, WEB_PAGES.STATUS FROM WEB_PAGES WHERE (WEB_PAGES.STATUS="active");', 'Raphaelle Philippe', '2016-06-14 17:49:41', '10.1.31.59'),
(117, 'SELECT WEB_PAGES.PAGE_ID, WEB_PAGES.TAG_CLASS, WEB_PAGES.TYPE, WEB_PAGES.HREF, WEB_PAGES.ICON_URL, WEB_PAGES.TITLE, WEB_PAGES.STATUS FROM WEB_PAGES WHERE (WEB_PAGES.STATUS="active");', 'Raphaelle Philippe', '2016-06-14 17:49:47', '10.1.31.59'),
(118, 'SELECT WEB_PAGES.PAGE_ID, WEB_PAGES.TAG_CLASS, WEB_PAGES.TYPE, WEB_PAGES.HREF, WEB_PAGES.ICON_URL, WEB_PAGES.TITLE, WEB_PAGES.STATUS FROM WEB_PAGES WHERE (WEB_PAGES.STATUS="active");', 'Raphaelle Philippe', '2016-06-14 17:50:12', '10.1.31.59'),
(119, 'SELECT WEB_PAGES.PAGE_ID, WEB_PAGES.TAG_CLASS, WEB_PAGES.TYPE, WEB_PAGES.HREF, WEB_PAGES.ICON_URL, WEB_PAGES.TITLE, WEB_PAGES.STATUS FROM WEB_PAGES WHERE (WEB_PAGES.STATUS="active");', 'Raphaelle Philippe', '2016-06-14 17:50:33', '10.1.31.59'),
(120, 'SELECT WEB_PAGES.PAGE_ID, WEB_PAGES.TAG_CLASS, WEB_PAGES.TYPE, WEB_PAGES.HREF, WEB_PAGES.ICON_URL, WEB_PAGES.TITLE, WEB_PAGES.STATUS FROM WEB_PAGES WHERE (WEB_PAGES.STATUS="active");', 'Raphaelle Philippe', '2016-06-14 17:50:43', '10.1.31.59'),
(121, 'SELECT WEB_PAGES.PAGE_ID, WEB_PAGES.TAG_CLASS, WEB_PAGES.TYPE, WEB_PAGES.HREF, WEB_PAGES.ICON_URL, WEB_PAGES.TITLE, WEB_PAGES.STATUS FROM WEB_PAGES WHERE (WEB_PAGES.STATUS="active");', 'Raphaelle Philippe', '2016-06-14 17:51:12', '10.1.31.59'),
(122, 'SELECT WEB_PAGES.PAGE_ID, WEB_PAGES.TAG_CLASS, WEB_PAGES.TYPE, WEB_PAGES.HREF, WEB_PAGES.ICON_URL, WEB_PAGES.TITLE, WEB_PAGES.STATUS FROM WEB_PAGES WHERE (WEB_PAGES.STATUS="active");', 'Raphaelle Philippe', '2016-06-14 17:51:18', '10.1.31.59'),
(123, 'SELECT WEB_PAGES.PAGE_ID, WEB_PAGES.TAG_CLASS, WEB_PAGES.TYPE, WEB_PAGES.HREF, WEB_PAGES.ICON_URL, WEB_PAGES.TITLE, WEB_PAGES.STATUS FROM WEB_PAGES WHERE (WEB_PAGES.STATUS="active");', 'Raphaelle Philippe', '2016-06-14 17:51:55', '10.1.31.59'),
(124, 'SELECT WEB_PAGES.PAGE_ID, WEB_PAGES.TAG_CLASS, WEB_PAGES.TYPE, WEB_PAGES.HREF, WEB_PAGES.ICON_URL, WEB_PAGES.TITLE, WEB_PAGES.STATUS FROM WEB_PAGES WHERE (WEB_PAGES.STATUS="active");', 'Raphaelle Philippe', '2016-06-14 17:52:27', '10.1.31.59'),
(125, 'SELECT WEB_PAGES.PAGE_ID, WEB_PAGES.TAG_CLASS, WEB_PAGES.TYPE, WEB_PAGES.HREF, WEB_PAGES.ICON_URL, WEB_PAGES.TITLE, WEB_PAGES.STATUS FROM WEB_PAGES WHERE (WEB_PAGES.STATUS="active");', 'Raphaelle Philippe', '2016-06-14 17:52:43', '10.1.31.59'),
(126, 'SELECT WEB_PAGES.PAGE_ID, WEB_PAGES.TAG_CLASS, WEB_PAGES.TYPE, WEB_PAGES.HREF, WEB_PAGES.ICON_URL, WEB_PAGES.TITLE, WEB_PAGES.STATUS FROM WEB_PAGES WHERE (WEB_PAGES.STATUS="active");', 'Raphaelle Philippe', '2016-06-14 17:53:47', '10.1.31.59'),
(127, 'SELECT WEB_PAGES.PAGE_ID, WEB_PAGES.TAG_CLASS, WEB_PAGES.TYPE, WEB_PAGES.HREF, WEB_PAGES.ICON_URL, WEB_PAGES.TITLE, WEB_PAGES.STATUS FROM WEB_PAGES WHERE (WEB_PAGES.STATUS="active");', 'Raphaelle Philippe', '2016-06-14 17:54:00', '10.1.31.59'),
(128, 'SELECT WEB_PAGES.PAGE_ID, WEB_PAGES.TAG_CLASS, WEB_PAGES.TYPE, WEB_PAGES.HREF, WEB_PAGES.ICON_URL, WEB_PAGES.TITLE, WEB_PAGES.STATUS FROM WEB_PAGES WHERE (WEB_PAGES.STATUS="active");', 'Raphaelle Philippe', '2016-06-14 17:54:23', '10.1.31.59'),
(129, 'SELECT WEB_PAGES.PAGE_ID, WEB_PAGES.TAG_CLASS, WEB_PAGES.TYPE, WEB_PAGES.HREF, WEB_PAGES.ICON_URL, WEB_PAGES.TITLE, WEB_PAGES.STATUS FROM WEB_PAGES WHERE (WEB_PAGES.STATUS="active");', 'Raphaelle Philippe', '2016-06-14 17:54:31', '10.1.31.59'),
(130, 'SELECT WEB_PAGES.PAGE_ID, WEB_PAGES.TAG_CLASS, WEB_PAGES.TYPE, WEB_PAGES.HREF, WEB_PAGES.ICON_URL, WEB_PAGES.TITLE, WEB_PAGES.STATUS FROM WEB_PAGES WHERE (WEB_PAGES.STATUS="active");', 'Raphaelle Philippe', '2016-06-14 17:54:40', '10.1.31.59'),
(131, 'SELECT WEB_PAGES.PAGE_ID, WEB_PAGES.TAG_CLASS, WEB_PAGES.TYPE, WEB_PAGES.HREF, WEB_PAGES.ICON_URL, WEB_PAGES.TITLE, WEB_PAGES.STATUS FROM WEB_PAGES WHERE (WEB_PAGES.STATUS="active");', 'Raphaelle Philippe', '2016-06-14 17:55:13', '10.1.31.59'),
(132, 'SELECT WEB_PAGES.PAGE_ID, WEB_PAGES.TAG_CLASS, WEB_PAGES.TYPE, WEB_PAGES.HREF, WEB_PAGES.ICON_URL, WEB_PAGES.TITLE, WEB_PAGES.STATUS FROM WEB_PAGES WHERE (WEB_PAGES.STATUS="active");', 'Raphaelle Philippe', '2016-06-14 17:55:21', '10.1.31.59'),
(133, 'SELECT WEB_PAGES.PAGE_ID, WEB_PAGES.TAG_CLASS, WEB_PAGES.TYPE, WEB_PAGES.HREF, WEB_PAGES.ICON_URL, WEB_PAGES.TITLE, WEB_PAGES.STATUS FROM WEB_PAGES WHERE (WEB_PAGES.STATUS="active");', 'Raphaelle Philippe', '2016-06-14 17:55:47', '10.1.31.59'),
(134, 'SELECT  * FROM POSITIONS ORDER BY POS_ID ASC;', 'Raphaelle Philippe', '2016-06-14 17:56:16', '10.1.31.59'),
(135, 'SELECT WEB_PAGES.PAGE_ID, WEB_PAGES.TAG_CLASS, WEB_PAGES.TYPE, WEB_PAGES.HREF, WEB_PAGES.ICON_URL, WEB_PAGES.TITLE, WEB_PAGES.STATUS FROM WEB_PAGES WHERE (WEB_PAGES.STATUS="active");', 'Raphaelle Philippe', '2016-06-14 17:57:29', '10.1.31.59'),
(136, 'INSERT INTO EMPLOYEE_LOG_IOS(EMP_ID, EVENT_TYPE, DATE_TIME, IP_ADDR) VALUES(1, "Out", NOW(), "10.1.31.59");', 'Raphaelle Philippe', '2016-06-14 17:57:32', '10.1.31.59'),
(137, 'SELECT  EMP_ID, EMP_FIRST_NAME, EMP_LAST_NAME, EMP_BIRTHDATE, EMP_PHONE1 FROM EMPLOYEES  WHERE EMP_PASSCODE="8772";', 'system', '2016-06-14 17:57:36', '10.1.31.59'),
(138, 'INSERT INTO EMPLOYEE_LOG_IOS(EMP_ID, EVENT_TYPE, DATE_TIME, IP_ADDR) VALUES(2, "In", NOW(), "10.1.31.59");', 'Jolie Vu', '2016-06-14 17:57:36', '10.1.31.59'),
(139, 'SELECT WEB_PAGES.PAGE_ID, WEB_PAGES.TAG_CLASS, WEB_PAGES.TYPE, WEB_PAGES.HREF, WEB_PAGES.ICON_URL, WEB_PAGES.TITLE, WEB_PAGES.STATUS FROM WEB_PAGES WHERE (WEB_PAGES.STATUS="active");', 'Jolie Vu', '2016-06-14 17:57:36', '10.1.31.59'),
(140, 'INSERT INTO EMPLOYEE_ATTENDANCES(EMP_ID, EVENT_TYPE, DATE_TIME, IP_ADDR, NOTES) VALUES(2, "In", NOW(), "10.1.31.59", "");', 'Jolie Vu', '2016-06-14 17:58:38', '10.1.31.59'),
(141, 'SELECT WEB_PAGES.PAGE_ID, WEB_PAGES.TAG_CLASS, WEB_PAGES.TYPE, WEB_PAGES.HREF, WEB_PAGES.ICON_URL, WEB_PAGES.TITLE, WEB_PAGES.STATUS FROM WEB_PAGES WHERE (WEB_PAGES.STATUS="active");', 'Jolie Vu', '2016-06-14 17:58:39', '10.1.31.59'),
(142, 'INSERT INTO EMPLOYEE_ATTENDANCES(EMP_ID, EVENT_TYPE, DATE_TIME, IP_ADDR, NOTES) VALUES(2, "Out", NOW(), "10.1.31.59", "");', 'Jolie Vu', '2016-06-14 17:58:43', '10.1.31.59'),
(143, 'SELECT WEB_PAGES.PAGE_ID, WEB_PAGES.TAG_CLASS, WEB_PAGES.TYPE, WEB_PAGES.HREF, WEB_PAGES.ICON_URL, WEB_PAGES.TITLE, WEB_PAGES.STATUS FROM WEB_PAGES WHERE (WEB_PAGES.STATUS="active");', 'Jolie Vu', '2016-06-14 17:58:44', '10.1.31.59'),
(144, 'SELECT  STUDENTS.STU_ID, CONCAT(STUDENTS.STU_FIRST_NAME, " ", STUDENTS.STU_LAST_NAME) AS STU_NAME, STUDENTS.STU_BIRTHDATE, FLOOR(DATEDIFF(NOW(), STUDENTS.STU_BIRTHDATE)/365.25) AS STU_AGE, STUDENTS.STU_PHOTO FROM STUDENTS WHERE  STUDENTS.STU_ID NOT IN (SELECT STUDENT_ATTENDANCES.STU_ID FROM STUDENT_ATTENDANCES WHERE \r\n										STUDENT_ATTENDANCES.DATE_TIME >= CURDATE() AND \r\n										STUDENT_ATTENDANCES.DATE_TIME < (CURDATE() + INTERVAL 1 DAY) AND\r\n										STUDENT_ATTENDANCES.EVENT_TYPE = "In");', 'Jolie Vu', '2016-06-14 17:58:46', '10.1.31.59'),
(145, 'INSERT INTO STUDENT_ATTENDANCES(STU_ID, EVENT_TYPE, DATE_TIME, EMP_ID, IP_ADDR, NOTES) VALUES(5, "In", NOW(), 2, "10.1.31.59", "");', 'Jolie Vu', '2016-06-14 17:59:00', '10.1.31.59'),
(146, 'SELECT  STUDENTS.STU_ID, CONCAT(STUDENTS.STU_FIRST_NAME, " ", STUDENTS.STU_LAST_NAME) AS STU_NAME, STUDENTS.STU_BIRTHDATE, FLOOR(DATEDIFF(NOW(), STUDENTS.STU_BIRTHDATE)/365.25) AS STU_AGE, STUDENTS.STU_PHOTO FROM STUDENTS WHERE  STUDENTS.STU_ID NOT IN (SELECT STUDENT_ATTENDANCES.STU_ID FROM STUDENT_ATTENDANCES WHERE \r\n										STUDENT_ATTENDANCES.DATE_TIME >= CURDATE() AND \r\n										STUDENT_ATTENDANCES.DATE_TIME < (CURDATE() + INTERVAL 1 DAY) AND\r\n										STUDENT_ATTENDANCES.EVENT_TYPE = "In");', 'Jolie Vu', '2016-06-14 17:59:01', '10.1.31.59'),
(147, 'SELECT WEB_PAGES.PAGE_ID, WEB_PAGES.TAG_CLASS, WEB_PAGES.TYPE, WEB_PAGES.HREF, WEB_PAGES.ICON_URL, WEB_PAGES.TITLE, WEB_PAGES.STATUS FROM WEB_PAGES WHERE (WEB_PAGES.STATUS="active");', 'Jolie Vu', '2016-06-14 17:59:04', '10.1.31.59'),
(148, 'SELECT STUDENTS.STU_ID, CONCAT(STUDENTS.STU_FIRST_NAME, " ", STUDENTS.STU_LAST_NAME) AS STU_NAME, STUDENTS.STU_BIRTHDATE, FLOOR(DATEDIFF(NOW(), STUDENTS.STU_BIRTHDATE)/365.25) AS STU_AGE, STUDENTS.STU_PHOTO FROM STUDENTS WHERE (STUDENTS.STU_ID IN (SELECT STUDENT_ATTENDANCES.STU_ID FROM STUDENT_ATTENDANCES WHERE STUDENT_ATTENDANCES.DATE_TIME >= CURDATE() AND STUDENT_ATTENDANCES.DATE_TIME < (CURDATE() + INTERVAL 1 DAY) AND STUDENT_ATTENDANCES.EVENT_TYPE = "In")) AND (STUDENTS.STU_ID NOT IN (SELECT STUDENT_ATTENDANCES.STU_ID FROM STUDENT_ATTENDANCES WHERE STUDENT_ATTENDANCES.DATE_TIME >= CURDATE() AND STUDENT_ATTENDANCES.DATE_TIME < (CURDATE() + INTERVAL 1 DAY) AND STUDENT_ATTENDANCES.EVENT_TYPE = "Out"));', 'Jolie Vu', '2016-06-14 17:59:07', '10.1.31.59'),
(149, 'SELECT WEB_PAGES.PAGE_ID, WEB_PAGES.TAG_CLASS, WEB_PAGES.TYPE, WEB_PAGES.HREF, WEB_PAGES.ICON_URL, WEB_PAGES.TITLE, WEB_PAGES.STATUS FROM WEB_PAGES WHERE (WEB_PAGES.STATUS="active");', 'Jolie Vu', '2016-06-14 17:59:11', '10.1.31.59'),
(150, 'SELECT  STUDENTS.STU_ID, CONCAT(STUDENTS.STU_FIRST_NAME, " ", STUDENTS.STU_LAST_NAME) AS STU_NAME, STUDENTS.STU_BIRTHDATE, FLOOR(DATEDIFF(NOW(), STUDENTS.STU_BIRTHDATE)/365.25) AS STU_AGE, STUDENTS.STU_PHOTO FROM STUDENTS WHERE  STUDENTS.STU_ID NOT IN (SELECT STUDENT_ATTENDANCES.STU_ID FROM STUDENT_ATTENDANCES WHERE \r\n										STUDENT_ATTENDANCES.DATE_TIME >= CURDATE() AND \r\n										STUDENT_ATTENDANCES.DATE_TIME < (CURDATE() + INTERVAL 1 DAY) AND\r\n										STUDENT_ATTENDANCES.EVENT_TYPE = "In");', 'Jolie Vu', '2016-06-14 17:59:12', '10.1.31.59'),
(151, 'INSERT INTO STUDENT_ATTENDANCES(STU_ID, EVENT_TYPE, DATE_TIME, EMP_ID, IP_ADDR, NOTES) VALUES(7, "In", NOW(), 2, "10.1.31.59", "");', 'Jolie Vu', '2016-06-14 17:59:15', '10.1.31.59'),
(152, 'SELECT  STUDENTS.STU_ID, CONCAT(STUDENTS.STU_FIRST_NAME, " ", STUDENTS.STU_LAST_NAME) AS STU_NAME, STUDENTS.STU_BIRTHDATE, FLOOR(DATEDIFF(NOW(), STUDENTS.STU_BIRTHDATE)/365.25) AS STU_AGE, STUDENTS.STU_PHOTO FROM STUDENTS WHERE  STUDENTS.STU_ID NOT IN (SELECT STUDENT_ATTENDANCES.STU_ID FROM STUDENT_ATTENDANCES WHERE \r\n										STUDENT_ATTENDANCES.DATE_TIME >= CURDATE() AND \r\n										STUDENT_ATTENDANCES.DATE_TIME < (CURDATE() + INTERVAL 1 DAY) AND\r\n										STUDENT_ATTENDANCES.EVENT_TYPE = "In");', 'Jolie Vu', '2016-06-14 17:59:16', '10.1.31.59'),
(153, 'SELECT WEB_PAGES.PAGE_ID, WEB_PAGES.TAG_CLASS, WEB_PAGES.TYPE, WEB_PAGES.HREF, WEB_PAGES.ICON_URL, WEB_PAGES.TITLE, WEB_PAGES.STATUS FROM WEB_PAGES WHERE (WEB_PAGES.STATUS="active");', 'Jolie Vu', '2016-06-14 17:59:17', '10.1.31.59'),
(154, 'SELECT STUDENTS.STU_ID, CONCAT(STUDENTS.STU_FIRST_NAME, " ", STUDENTS.STU_LAST_NAME) AS STU_NAME, STUDENTS.STU_BIRTHDATE, FLOOR(DATEDIFF(NOW(), STUDENTS.STU_BIRTHDATE)/365.25) AS STU_AGE, STUDENTS.STU_PHOTO FROM STUDENTS WHERE (STUDENTS.STU_ID IN (SELECT STUDENT_ATTENDANCES.STU_ID FROM STUDENT_ATTENDANCES WHERE STUDENT_ATTENDANCES.DATE_TIME >= CURDATE() AND STUDENT_ATTENDANCES.DATE_TIME < (CURDATE() + INTERVAL 1 DAY) AND STUDENT_ATTENDANCES.EVENT_TYPE = "In")) AND (STUDENTS.STU_ID NOT IN (SELECT STUDENT_ATTENDANCES.STU_ID FROM STUDENT_ATTENDANCES WHERE STUDENT_ATTENDANCES.DATE_TIME >= CURDATE() AND STUDENT_ATTENDANCES.DATE_TIME < (CURDATE() + INTERVAL 1 DAY) AND STUDENT_ATTENDANCES.EVENT_TYPE = "Out"));', 'Jolie Vu', '2016-06-14 17:59:19', '10.1.31.59'),
(155, 'INSERT INTO STUDENT_ATTENDANCES(STU_ID, EVENT_TYPE, DATE_TIME, EMP_ID, IP_ADDR, NOTES) VALUES(7, "Out", NOW(), 2, "10.1.31.59", "");', 'Jolie Vu', '2016-06-14 17:59:22', '10.1.31.59'),
(156, 'SELECT STUDENTS.STU_ID, CONCAT(STUDENTS.STU_FIRST_NAME, " ", STUDENTS.STU_LAST_NAME) AS STU_NAME, STUDENTS.STU_BIRTHDATE, FLOOR(DATEDIFF(NOW(), STUDENTS.STU_BIRTHDATE)/365.25) AS STU_AGE, STUDENTS.STU_PHOTO FROM STUDENTS WHERE (STUDENTS.STU_ID IN (SELECT STUDENT_ATTENDANCES.STU_ID FROM STUDENT_ATTENDANCES WHERE STUDENT_ATTENDANCES.DATE_TIME >= CURDATE() AND STUDENT_ATTENDANCES.DATE_TIME < (CURDATE() + INTERVAL 1 DAY) AND STUDENT_ATTENDANCES.EVENT_TYPE = "In")) AND (STUDENTS.STU_ID NOT IN (SELECT STUDENT_ATTENDANCES.STU_ID FROM STUDENT_ATTENDANCES WHERE STUDENT_ATTENDANCES.DATE_TIME >= CURDATE() AND STUDENT_ATTENDANCES.DATE_TIME < (CURDATE() + INTERVAL 1 DAY) AND STUDENT_ATTENDANCES.EVENT_TYPE = "Out"));', 'Jolie Vu', '2016-06-14 17:59:23', '10.1.31.59'),
(157, 'SELECT WEB_PAGES.PAGE_ID, WEB_PAGES.TAG_CLASS, WEB_PAGES.TYPE, WEB_PAGES.HREF, WEB_PAGES.ICON_URL, WEB_PAGES.TITLE, WEB_PAGES.STATUS FROM WEB_PAGES WHERE (WEB_PAGES.STATUS="active");', 'Jolie Vu', '2016-06-14 17:59:29', '10.1.31.59'),
(158, 'SELECT  EMPLOYEE_ATTENDANCES.EMP_ATT_ID, EMPLOYEES.EMP_FIRST_NAME, EMPLOYEES.EMP_LAST_NAME, EMPLOYEE_ATTENDANCES.EVENT_TYPE, EMPLOYEE_ATTENDANCES.DATE_TIME, EMPLOYEE_ATTENDANCES.IP_ADDR FROM EMPLOYEE_ATTENDANCES, EMPLOYEES WHERE EMPLOYEE_ATTENDANCES.EMP_ID=2 AND EMPLOYEE_ATTENDANCES.EMP_ID=EMPLOYEES.EMP_ID ORDER BY EMPLOYEE_ATTENDANCES.DATE_TIME DESC;', 'Jolie Vu', '2016-06-14 17:59:32', '10.1.31.59'),
(159, 'SELECT WEB_PAGES.PAGE_ID, WEB_PAGES.TAG_CLASS, WEB_PAGES.TYPE, WEB_PAGES.HREF, WEB_PAGES.ICON_URL, WEB_PAGES.TITLE, WEB_PAGES.STATUS FROM WEB_PAGES WHERE (WEB_PAGES.STATUS="active");', 'Jolie Vu', '2016-06-14 17:59:41', '10.1.31.59');
INSERT INTO `db_query_logs` (`DB_QL_ID`, `QUERY_STR`, `USER_NAME`, `DATE_TIME`, `IP_ADDR`) VALUES
(160, 'SELECT WEB_PAGES.PAGE_ID, WEB_PAGES.TAG_CLASS, WEB_PAGES.TYPE, WEB_PAGES.HREF, WEB_PAGES.ICON_URL, WEB_PAGES.TITLE, WEB_PAGES.STATUS FROM WEB_PAGES WHERE (WEB_PAGES.STATUS="active");', 'Jolie Vu', '2016-06-14 17:59:54', '10.1.31.59'),
(161, 'SELECT  * FROM EMPLOYEES ORDER BY EMP_FIRST_NAME ASC;', 'Jolie Vu', '2016-06-14 17:59:56', '10.1.31.59'),
(162, 'SELECT WEB_PAGES.PAGE_ID, WEB_PAGES.TAG_CLASS, WEB_PAGES.TYPE, WEB_PAGES.HREF, WEB_PAGES.ICON_URL, WEB_PAGES.TITLE, WEB_PAGES.STATUS FROM WEB_PAGES WHERE (WEB_PAGES.STATUS="active");', 'Jolie Vu', '2016-06-14 17:59:58', '10.1.31.59'),
(163, 'SELECT  * FROM STUDENTS ORDER BY STU_FIRST_NAME ASC;', 'Jolie Vu', '2016-06-14 17:59:59', '10.1.31.59'),
(164, 'SELECT WEB_PAGES.PAGE_ID, WEB_PAGES.TAG_CLASS, WEB_PAGES.TYPE, WEB_PAGES.HREF, WEB_PAGES.ICON_URL, WEB_PAGES.TITLE, WEB_PAGES.STATUS FROM WEB_PAGES WHERE (WEB_PAGES.STATUS="active");', 'Jolie Vu', '2016-06-14 18:00:01', '10.1.31.59'),
(165, 'SELECT  * FROM ACTIVITIES ORDER BY ACT_TYPE_ID ASC , ACT_SUBTYPE_ID ASC;', 'Jolie Vu', '2016-06-14 18:00:02', '10.1.31.59'),
(166, 'SELECT WEB_PAGES.PAGE_ID, WEB_PAGES.TAG_CLASS, WEB_PAGES.TYPE, WEB_PAGES.HREF, WEB_PAGES.ICON_URL, WEB_PAGES.TITLE, WEB_PAGES.STATUS FROM WEB_PAGES WHERE (WEB_PAGES.STATUS="active");', 'Jolie Vu', '2016-06-14 18:00:04', '10.1.31.59'),
(167, 'SELECT  EDUCATOR_STUDENT.EDU_STU_ID, CONCAT(EMPLOYEES.EMP_FIRST_NAME, " ", EMPLOYEES.EMP_LAST_NAME) AS EMPLOYEE_NAME, CONCAT(STUDENTS.STU_FIRST_NAME, " ", STUDENTS.STU_LAST_NAME) AS STU_NAME, EDUCATOR_STUDENT.RESPONSITIVTY, EDUCATOR_STUDENT.START_DATE, EDUCATOR_STUDENT.END_DATE, EDUCATOR_STUDENT.NOTES FROM EDUCATOR_STUDENT JOIN EMPLOYEES ON EMPLOYEES.EMP_ID=EDUCATOR_STUDENT.EMP_ID JOIN STUDENTS ON STUDENTS.STU_ID=EDUCATOR_STUDENT.STU_ID WHERE EDUCATOR_STUDENT.EMP_ID=2;', 'Jolie Vu', '2016-06-14 18:00:06', '10.1.31.59'),
(168, 'SELECT WEB_PAGES.PAGE_ID, WEB_PAGES.TAG_CLASS, WEB_PAGES.TYPE, WEB_PAGES.HREF, WEB_PAGES.ICON_URL, WEB_PAGES.TITLE, WEB_PAGES.STATUS FROM WEB_PAGES WHERE (WEB_PAGES.STATUS="active");', 'Jolie Vu', '2016-06-14 18:00:08', '10.1.31.59'),
(169, 'SELECT  EDUCATOR_STUDENT.EDU_STU_ID, CONCAT(EMPLOYEES.EMP_FIRST_NAME, " ", EMPLOYEES.EMP_LAST_NAME) AS EMPLOYEE_NAME, CONCAT(STUDENTS.STU_FIRST_NAME, " ", STUDENTS.STU_LAST_NAME) AS STU_NAME, EDUCATOR_STUDENT.RESPONSITIVTY, EDUCATOR_STUDENT.START_DATE, EDUCATOR_STUDENT.END_DATE, EDUCATOR_STUDENT.NOTES FROM EDUCATOR_STUDENT JOIN EMPLOYEES ON EMPLOYEES.EMP_ID=EDUCATOR_STUDENT.EMP_ID JOIN STUDENTS ON STUDENTS.STU_ID=EDUCATOR_STUDENT.STU_ID WHERE EDUCATOR_STUDENT.EMP_ID=2;', 'Jolie Vu', '2016-06-14 18:00:09', '10.1.31.59'),
(170, 'SELECT WEB_PAGES.PAGE_ID, WEB_PAGES.TAG_CLASS, WEB_PAGES.TYPE, WEB_PAGES.HREF, WEB_PAGES.ICON_URL, WEB_PAGES.TITLE, WEB_PAGES.STATUS FROM WEB_PAGES WHERE (WEB_PAGES.STATUS="active");', 'Jolie Vu', '2016-06-14 18:00:13', '10.1.31.59'),
(171, 'SELECT  EMPLOYEE_LOG_IOS.EMP_LOGS_ID, EMPLOYEES.EMP_FIRST_NAME, EMPLOYEES.EMP_LAST_NAME, EMPLOYEE_LOG_IOS.EVENT_TYPE, EMPLOYEE_LOG_IOS.DATE_TIME, EMPLOYEE_LOG_IOS.IP_ADDR FROM EMPLOYEE_LOG_IOS, EMPLOYEES WHERE EMPLOYEE_LOG_IOS.EMP_ID=2 AND EMPLOYEE_LOG_IOS.EMP_ID=EMPLOYEES.EMP_ID ORDER BY EMPLOYEE_LOG_IOS.DATE_TIME DESC;', 'Jolie Vu', '2016-06-14 18:00:14', '10.1.31.59'),
(172, 'SELECT WEB_PAGES.PAGE_ID, WEB_PAGES.TAG_CLASS, WEB_PAGES.TYPE, WEB_PAGES.HREF, WEB_PAGES.ICON_URL, WEB_PAGES.TITLE, WEB_PAGES.STATUS FROM WEB_PAGES WHERE (WEB_PAGES.STATUS="active");', 'Jolie Vu', '2016-06-14 18:00:16', '10.1.31.59'),
(173, 'SELECT  EM_LOG_F_ID, IP_ADDR, PASSCODE, DATE_TIME FROM EMPLOYEE_LOG_FAILURES ORDER BY DATE_TIME DESC;', 'Jolie Vu', '2016-06-14 18:00:18', '10.1.31.59'),
(174, 'SELECT WEB_PAGES.PAGE_ID, WEB_PAGES.TAG_CLASS, WEB_PAGES.TYPE, WEB_PAGES.HREF, WEB_PAGES.ICON_URL, WEB_PAGES.TITLE, WEB_PAGES.STATUS FROM WEB_PAGES WHERE (WEB_PAGES.STATUS="active");', 'Jolie Vu', '2016-06-14 18:00:23', '10.1.31.59'),
(175, 'SELECT  * FROM DB_QUERY_LOGS ORDER BY DATE_TIME DESC;', 'Jolie Vu', '2016-06-14 18:00:24', '10.1.31.59'),
(176, 'SELECT WEB_PAGES.PAGE_ID, WEB_PAGES.TAG_CLASS, WEB_PAGES.TYPE, WEB_PAGES.HREF, WEB_PAGES.ICON_URL, WEB_PAGES.TITLE, WEB_PAGES.STATUS FROM WEB_PAGES WHERE (WEB_PAGES.STATUS="active");', 'Jolie Vu', '2016-06-14 18:00:31', '10.1.31.59'),
(177, 'SELECT  * FROM ACTIVITY_TYPES ORDER BY ACT_TYPE_ID ASC;', 'Jolie Vu', '2016-06-14 18:00:32', '10.1.31.59'),
(178, 'SELECT WEB_PAGES.PAGE_ID, WEB_PAGES.TAG_CLASS, WEB_PAGES.TYPE, WEB_PAGES.HREF, WEB_PAGES.ICON_URL, WEB_PAGES.TITLE, WEB_PAGES.STATUS FROM WEB_PAGES WHERE (WEB_PAGES.STATUS="active");', 'Jolie Vu', '2016-06-14 18:00:34', '10.1.31.59'),
(179, 'SELECT  * FROM ACTIVITY_SUBTYPES ORDER BY ACT_SUBTYPE_ID ASC;', 'Jolie Vu', '2016-06-14 18:00:36', '10.1.31.59'),
(180, 'SELECT WEB_PAGES.PAGE_ID, WEB_PAGES.TAG_CLASS, WEB_PAGES.TYPE, WEB_PAGES.HREF, WEB_PAGES.ICON_URL, WEB_PAGES.TITLE, WEB_PAGES.STATUS FROM WEB_PAGES WHERE (WEB_PAGES.STATUS="active");', 'Jolie Vu', '2016-06-14 18:00:37', '10.1.31.59'),
(181, 'SELECT  * FROM EDUCATIONS ORDER BY EDU_ID ASC;', 'Jolie Vu', '2016-06-14 18:00:38', '10.1.31.59'),
(182, 'SELECT WEB_PAGES.PAGE_ID, WEB_PAGES.TAG_CLASS, WEB_PAGES.TYPE, WEB_PAGES.HREF, WEB_PAGES.ICON_URL, WEB_PAGES.TITLE, WEB_PAGES.STATUS FROM WEB_PAGES WHERE (WEB_PAGES.STATUS="active");', 'Jolie Vu', '2016-06-14 18:00:40', '10.1.31.59'),
(183, 'SELECT  * FROM POSITIONS ORDER BY POS_ID ASC;', 'Jolie Vu', '2016-06-14 18:00:41', '10.1.31.59'),
(184, 'SELECT WEB_PAGES.PAGE_ID, WEB_PAGES.TAG_CLASS, WEB_PAGES.TYPE, WEB_PAGES.HREF, WEB_PAGES.ICON_URL, WEB_PAGES.TITLE, WEB_PAGES.STATUS FROM WEB_PAGES WHERE (WEB_PAGES.STATUS="active");', 'Jolie Vu', '2016-06-14 18:00:44', '10.1.31.59'),
(185, 'SELECT  STUDENTS.STU_ID, CONCAT(STUDENTS.STU_FIRST_NAME, " ", STUDENTS.STU_LAST_NAME) AS STU_NAME, STUDENTS.STU_BIRTHDATE, FLOOR(DATEDIFF(NOW(), STUDENTS.STU_BIRTHDATE)/365.25) AS STU_AGE, STUDENTS.STU_PHOTO FROM STUDENTS WHERE  STUDENTS.STU_ID NOT IN (SELECT STUDENT_ATTENDANCES.STU_ID FROM STUDENT_ATTENDANCES WHERE \r\n										STUDENT_ATTENDANCES.DATE_TIME >= CURDATE() AND \r\n										STUDENT_ATTENDANCES.DATE_TIME < (CURDATE() + INTERVAL 1 DAY) AND\r\n										STUDENT_ATTENDANCES.EVENT_TYPE = "In");', 'Jolie Vu', '2016-06-14 18:00:59', '10.1.31.59'),
(186, 'SELECT WEB_PAGES.PAGE_ID, WEB_PAGES.TAG_CLASS, WEB_PAGES.TYPE, WEB_PAGES.HREF, WEB_PAGES.ICON_URL, WEB_PAGES.TITLE, WEB_PAGES.STATUS FROM WEB_PAGES WHERE (WEB_PAGES.STATUS="active");', 'Jolie Vu', '2016-06-14 18:01:17', '10.1.31.59'),
(187, 'SELECT  EM_LOG_F_ID, IP_ADDR, PASSCODE, DATE_TIME FROM EMPLOYEE_LOG_FAILURES ORDER BY DATE_TIME DESC;', 'Jolie Vu', '2016-06-14 18:05:46', '10.1.31.59'),
(188, 'SELECT WEB_PAGES.PAGE_ID, WEB_PAGES.TAG_CLASS, WEB_PAGES.TYPE, WEB_PAGES.HREF, WEB_PAGES.ICON_URL, WEB_PAGES.TITLE, WEB_PAGES.STATUS FROM WEB_PAGES WHERE (WEB_PAGES.STATUS="active");', 'Jolie Vu', '2016-06-14 18:05:50', '10.1.31.59'),
(189, 'SELECT  * FROM ACTIVITY_TYPES ORDER BY ACT_TYPE_ID ASC;', 'Jolie Vu', '2016-06-14 18:05:53', '10.1.31.59'),
(190, 'SELECT WEB_PAGES.PAGE_ID, WEB_PAGES.TAG_CLASS, WEB_PAGES.TYPE, WEB_PAGES.HREF, WEB_PAGES.ICON_URL, WEB_PAGES.TITLE, WEB_PAGES.STATUS FROM WEB_PAGES WHERE (WEB_PAGES.STATUS="active");', 'Jolie Vu', '2016-06-14 18:05:54', '10.1.31.59'),
(191, 'SELECT WEB_PAGES.PAGE_ID, WEB_PAGES.TAG_CLASS, WEB_PAGES.TYPE, WEB_PAGES.HREF, WEB_PAGES.ICON_URL, WEB_PAGES.TITLE, WEB_PAGES.STATUS FROM WEB_PAGES WHERE (WEB_PAGES.STATUS="active");', 'Jolie Vu', '2016-06-14 18:10:58', '10.1.31.59'),
(192, 'SELECT WEB_PAGES.PAGE_ID, WEB_PAGES.TAG_CLASS, WEB_PAGES.TYPE, WEB_PAGES.HREF, WEB_PAGES.ICON_URL, WEB_PAGES.TITLE, WEB_PAGES.STATUS FROM WEB_PAGES WHERE (WEB_PAGES.STATUS="active");', 'Jolie Vu', '2016-06-14 18:12:06', '10.1.31.59'),
(193, 'SELECT  * FROM DB_QUERY_LOGS ORDER BY DATE_TIME DESC;', 'Jolie Vu', '2016-06-14 18:12:17', '10.1.31.59'),
(194, 'SELECT WEB_PAGES.PAGE_ID, WEB_PAGES.TAG_CLASS, WEB_PAGES.TYPE, WEB_PAGES.HREF, WEB_PAGES.ICON_URL, WEB_PAGES.TITLE, WEB_PAGES.STATUS FROM WEB_PAGES WHERE (WEB_PAGES.STATUS="active");', 'Jolie Vu', '2016-06-14 18:12:31', '10.1.31.59'),
(195, 'SELECT WEB_PAGES.PAGE_ID, WEB_PAGES.TAG_CLASS, WEB_PAGES.TYPE, WEB_PAGES.HREF, WEB_PAGES.ICON_URL, WEB_PAGES.TITLE, WEB_PAGES.STATUS FROM WEB_PAGES WHERE (WEB_PAGES.STATUS="active");', 'Jolie Vu', '2016-06-14 18:12:43', '10.1.31.59'),
(196, 'SELECT  STUDENT_ATTENDANCES.STU_ATT_ID, CONCAT(STUDENTS.STU_FIRST_NAME, " ", STUDENTS.STU_LAST_NAME) AS STU_NAME, STUDENT_ATTENDANCES.EVENT_TYPE, STUDENT_ATTENDANCES.DATE_TIME, CONCAT(EMPLOYEES.EMP_FIRST_NAME, " ", EMPLOYEES.EMP_LAST_NAME) AS EMP_NAME, STUDENT_ATTENDANCES.IP_ADDR FROM STUDENT_ATTENDANCES, STUDENTS, EMPLOYEES WHERE STUDENTS.STU_ID = STUDENT_ATTENDANCES.STU_ID AND EMPLOYEES.EMP_ID = STUDENT_ATTENDANCES.EMP_ID ORDER BY STU_NAME ASC, STUDENT_ATTENDANCES.DATE_TIME DESC;', 'Jolie Vu', '2016-06-14 18:28:39', '10.1.31.59'),
(197, 'SELECT WEB_PAGES.PAGE_ID, WEB_PAGES.TAG_CLASS, WEB_PAGES.TYPE, WEB_PAGES.HREF, WEB_PAGES.ICON_URL, WEB_PAGES.TITLE, WEB_PAGES.STATUS FROM WEB_PAGES WHERE (WEB_PAGES.STATUS="active");', 'Jolie Vu', '2016-06-14 18:29:29', '10.1.31.59'),
(198, 'SELECT  STUDENT_ATTENDANCES.STU_ATT_ID, CONCAT(STUDENTS.STU_FIRST_NAME, " ", STUDENTS.STU_LAST_NAME) AS STU_NAME, STUDENT_ATTENDANCES.EVENT_TYPE, STUDENT_ATTENDANCES.DATE_TIME, CONCAT(EMPLOYEES.EMP_FIRST_NAME, " ", EMPLOYEES.EMP_LAST_NAME) AS EMP_NAME, STUDENT_ATTENDANCES.IP_ADDR FROM STUDENT_ATTENDANCES, STUDENTS, EMPLOYEES WHERE STUDENTS.STU_ID = STUDENT_ATTENDANCES.STU_ID AND EMPLOYEES.EMP_ID = STUDENT_ATTENDANCES.EMP_ID ORDER BY STU_NAME ASC, STUDENT_ATTENDANCES.DATE_TIME DESC;', 'Jolie Vu', '2016-06-14 18:29:52', '10.1.31.59'),
(199, 'SELECT WEB_PAGES.PAGE_ID, WEB_PAGES.TAG_CLASS, WEB_PAGES.TYPE, WEB_PAGES.HREF, WEB_PAGES.ICON_URL, WEB_PAGES.TITLE, WEB_PAGES.STATUS FROM WEB_PAGES WHERE (WEB_PAGES.STATUS="active");', 'Jolie Vu', '2016-06-14 18:30:13', '10.1.31.59'),
(200, 'SELECT  STUDENT_ATTENDANCES.STU_ATT_ID, CONCAT(STUDENTS.STU_FIRST_NAME, " ", STUDENTS.STU_LAST_NAME) AS STU_NAME, STUDENT_ATTENDANCES.EVENT_TYPE, STUDENT_ATTENDANCES.DATE_TIME, CONCAT(EMPLOYEES.EMP_FIRST_NAME, " ", EMPLOYEES.EMP_LAST_NAME) AS EMP_NAME, STUDENT_ATTENDANCES.IP_ADDR FROM STUDENT_ATTENDANCES, STUDENTS, EMPLOYEES WHERE STUDENTS.STU_ID = STUDENT_ATTENDANCES.STU_ID AND EMPLOYEES.EMP_ID = STUDENT_ATTENDANCES.EMP_ID ORDER BY STU_NAME ASC, STUDENT_ATTENDANCES.DATE_TIME DESC;', 'Jolie Vu', '2016-06-14 18:30:14', '10.1.31.59'),
(201, 'SELECT WEB_PAGES.PAGE_ID, WEB_PAGES.TAG_CLASS, WEB_PAGES.TYPE, WEB_PAGES.HREF, WEB_PAGES.ICON_URL, WEB_PAGES.TITLE, WEB_PAGES.STATUS FROM WEB_PAGES WHERE (WEB_PAGES.STATUS="active");', 'Jolie Vu', '2016-06-14 18:30:35', '10.1.31.59'),
(202, 'SELECT  STUDENTS.STU_ID, CONCAT(STUDENTS.STU_FIRST_NAME, " ", STUDENTS.STU_LAST_NAME) AS STU_NAME, STUDENTS.STU_BIRTHDATE, FLOOR(DATEDIFF(NOW(), STUDENTS.STU_BIRTHDATE)/365.25) AS STU_AGE, STUDENTS.STU_PHOTO FROM STUDENTS WHERE  STUDENTS.STU_ID NOT IN (SELECT STUDENT_ATTENDANCES.STU_ID FROM STUDENT_ATTENDANCES WHERE \r\n										STUDENT_ATTENDANCES.DATE_TIME >= CURDATE() AND \r\n										STUDENT_ATTENDANCES.DATE_TIME < (CURDATE() + INTERVAL 1 DAY) AND\r\n										STUDENT_ATTENDANCES.EVENT_TYPE = "In");', 'Jolie Vu', '2016-06-14 18:30:38', '10.1.31.59'),
(203, 'INSERT INTO STUDENT_ATTENDANCES(STU_ID, EVENT_TYPE, DATE_TIME, EMP_ID, IP_ADDR, NOTES) VALUES(1, "In", NOW(), 2, "10.1.31.59", "");', 'Jolie Vu', '2016-06-14 18:31:04', '10.1.31.59'),
(204, 'INSERT INTO STUDENT_ATTENDANCES(STU_ID, EVENT_TYPE, DATE_TIME, EMP_ID, IP_ADDR, NOTES) VALUES(3, "In", NOW(), 2, "10.1.31.59", "");', 'Jolie Vu', '2016-06-14 18:31:04', '10.1.31.59'),
(205, 'INSERT INTO STUDENT_ATTENDANCES(STU_ID, EVENT_TYPE, DATE_TIME, EMP_ID, IP_ADDR, NOTES) VALUES(5, "In", NOW(), 2, "10.1.31.59", "");', 'Jolie Vu', '2016-06-14 18:31:04', '10.1.31.59'),
(206, 'INSERT INTO STUDENT_ATTENDANCES(STU_ID, EVENT_TYPE, DATE_TIME, EMP_ID, IP_ADDR, NOTES) VALUES(7, "In", NOW(), 2, "10.1.31.59", "");', 'Jolie Vu', '2016-06-14 18:31:04', '10.1.31.59'),
(207, 'INSERT INTO STUDENT_ATTENDANCES(STU_ID, EVENT_TYPE, DATE_TIME, EMP_ID, IP_ADDR, NOTES) VALUES(9, "In", NOW(), 2, "10.1.31.59", "");', 'Jolie Vu', '2016-06-14 18:31:04', '10.1.31.59'),
(208, 'INSERT INTO STUDENT_ATTENDANCES(STU_ID, EVENT_TYPE, DATE_TIME, EMP_ID, IP_ADDR, NOTES) VALUES(11, "In", NOW(), 2, "10.1.31.59", "");', 'Jolie Vu', '2016-06-14 18:31:04', '10.1.31.59'),
(209, 'INSERT INTO STUDENT_ATTENDANCES(STU_ID, EVENT_TYPE, DATE_TIME, EMP_ID, IP_ADDR, NOTES) VALUES(13, "In", NOW(), 2, "10.1.31.59", "");', 'Jolie Vu', '2016-06-14 18:31:04', '10.1.31.59'),
(210, 'INSERT INTO STUDENT_ATTENDANCES(STU_ID, EVENT_TYPE, DATE_TIME, EMP_ID, IP_ADDR, NOTES) VALUES(15, "In", NOW(), 2, "10.1.31.59", "");', 'Jolie Vu', '2016-06-14 18:31:04', '10.1.31.59'),
(211, 'INSERT INTO STUDENT_ATTENDANCES(STU_ID, EVENT_TYPE, DATE_TIME, EMP_ID, IP_ADDR, NOTES) VALUES(17, "In", NOW(), 2, "10.1.31.59", "");', 'Jolie Vu', '2016-06-14 18:31:04', '10.1.31.59'),
(212, 'INSERT INTO STUDENT_ATTENDANCES(STU_ID, EVENT_TYPE, DATE_TIME, EMP_ID, IP_ADDR, NOTES) VALUES(19, "In", NOW(), 2, "10.1.31.59", "");', 'Jolie Vu', '2016-06-14 18:31:04', '10.1.31.59'),
(213, 'SELECT  STUDENTS.STU_ID, CONCAT(STUDENTS.STU_FIRST_NAME, " ", STUDENTS.STU_LAST_NAME) AS STU_NAME, STUDENTS.STU_BIRTHDATE, FLOOR(DATEDIFF(NOW(), STUDENTS.STU_BIRTHDATE)/365.25) AS STU_AGE, STUDENTS.STU_PHOTO FROM STUDENTS WHERE  STUDENTS.STU_ID NOT IN (SELECT STUDENT_ATTENDANCES.STU_ID FROM STUDENT_ATTENDANCES WHERE \r\n										STUDENT_ATTENDANCES.DATE_TIME >= CURDATE() AND \r\n										STUDENT_ATTENDANCES.DATE_TIME < (CURDATE() + INTERVAL 1 DAY) AND\r\n										STUDENT_ATTENDANCES.EVENT_TYPE = "In");', 'Jolie Vu', '2016-06-14 18:31:06', '10.1.31.59'),
(214, 'INSERT INTO EMPLOYEE_LOG_IOS(EMP_ID, EVENT_TYPE, DATE_TIME, IP_ADDR) VALUES(2, "Out", NOW(), "10.1.31.59");', 'Jolie Vu', '2016-06-14 18:31:08', '10.1.31.59'),
(215, 'SELECT  EMP_ID, EMP_FIRST_NAME, EMP_LAST_NAME, EMP_BIRTHDATE, EMP_PHONE1 FROM EMPLOYEES  WHERE EMP_PASSCODE="1887";', 'system', '2016-06-14 18:31:11', '10.1.31.59'),
(216, 'INSERT INTO EMPLOYEE_LOG_IOS(EMP_ID, EVENT_TYPE, DATE_TIME, IP_ADDR) VALUES(1, "In", NOW(), "10.1.31.59");', 'Raphaelle Philippe', '2016-06-14 18:31:11', '10.1.31.59'),
(217, 'SELECT WEB_PAGES.PAGE_ID, WEB_PAGES.TAG_CLASS, WEB_PAGES.TYPE, WEB_PAGES.HREF, WEB_PAGES.ICON_URL, WEB_PAGES.TITLE, WEB_PAGES.STATUS FROM WEB_PAGES WHERE (WEB_PAGES.STATUS="active");', 'Raphaelle Philippe', '2016-06-14 18:31:11', '10.1.31.59'),
(218, 'SELECT  STUDENT_ATTENDANCES.STU_ATT_ID, CONCAT(STUDENTS.STU_FIRST_NAME, " ", STUDENTS.STU_LAST_NAME) AS STU_NAME, STUDENT_ATTENDANCES.EVENT_TYPE, STUDENT_ATTENDANCES.DATE_TIME, CONCAT(EMPLOYEES.EMP_FIRST_NAME, " ", EMPLOYEES.EMP_LAST_NAME) AS EMP_NAME, STUDENT_ATTENDANCES.IP_ADDR FROM STUDENT_ATTENDANCES, STUDENTS, EMPLOYEES WHERE STUDENTS.STU_ID = STUDENT_ATTENDANCES.STU_ID AND EMPLOYEES.EMP_ID = STUDENT_ATTENDANCES.EMP_ID ORDER BY STU_NAME ASC, STUDENT_ATTENDANCES.DATE_TIME DESC;', 'Raphaelle Philippe', '2016-06-14 18:31:15', '10.1.31.59'),
(219, 'SELECT WEB_PAGES.PAGE_ID, WEB_PAGES.TAG_CLASS, WEB_PAGES.TYPE, WEB_PAGES.HREF, WEB_PAGES.ICON_URL, WEB_PAGES.TITLE, WEB_PAGES.STATUS FROM WEB_PAGES WHERE (WEB_PAGES.STATUS="active");', 'Raphaelle Philippe', '2016-06-14 18:31:35', '10.1.31.59'),
(220, 'SELECT STUDENTS.STU_ID, CONCAT(STUDENTS.STU_FIRST_NAME, " ", STUDENTS.STU_LAST_NAME) AS STU_NAME, STUDENTS.STU_BIRTHDATE, FLOOR(DATEDIFF(NOW(), STUDENTS.STU_BIRTHDATE)/365.25) AS STU_AGE, STUDENTS.STU_PHOTO FROM STUDENTS WHERE (STUDENTS.STU_ID IN (SELECT STUDENT_ATTENDANCES.STU_ID FROM STUDENT_ATTENDANCES WHERE STUDENT_ATTENDANCES.DATE_TIME >= CURDATE() AND STUDENT_ATTENDANCES.DATE_TIME < (CURDATE() + INTERVAL 1 DAY) AND STUDENT_ATTENDANCES.EVENT_TYPE = "In")) AND (STUDENTS.STU_ID NOT IN (SELECT STUDENT_ATTENDANCES.STU_ID FROM STUDENT_ATTENDANCES WHERE STUDENT_ATTENDANCES.DATE_TIME >= CURDATE() AND STUDENT_ATTENDANCES.DATE_TIME < (CURDATE() + INTERVAL 1 DAY) AND STUDENT_ATTENDANCES.EVENT_TYPE = "Out"));', 'Raphaelle Philippe', '2016-06-14 18:31:38', '10.1.31.59'),
(221, 'SELECT WEB_PAGES.PAGE_ID, WEB_PAGES.TAG_CLASS, WEB_PAGES.TYPE, WEB_PAGES.HREF, WEB_PAGES.ICON_URL, WEB_PAGES.TITLE, WEB_PAGES.STATUS FROM WEB_PAGES WHERE (WEB_PAGES.STATUS="active");', 'Raphaelle Philippe', '2016-06-14 18:31:40', '10.1.31.59'),
(222, 'SELECT  STUDENTS.STU_ID, CONCAT(STUDENTS.STU_FIRST_NAME, " ", STUDENTS.STU_LAST_NAME) AS STU_NAME, STUDENTS.STU_BIRTHDATE, FLOOR(DATEDIFF(NOW(), STUDENTS.STU_BIRTHDATE)/365.25) AS STU_AGE, STUDENTS.STU_PHOTO FROM STUDENTS WHERE  STUDENTS.STU_ID NOT IN (SELECT STUDENT_ATTENDANCES.STU_ID FROM STUDENT_ATTENDANCES WHERE \r\n										STUDENT_ATTENDANCES.DATE_TIME >= CURDATE() AND \r\n										STUDENT_ATTENDANCES.DATE_TIME < (CURDATE() + INTERVAL 1 DAY) AND\r\n										STUDENT_ATTENDANCES.EVENT_TYPE = "In");', 'Raphaelle Philippe', '2016-06-14 18:31:42', '10.1.31.59'),
(223, 'INSERT INTO STUDENT_ATTENDANCES(STU_ID, EVENT_TYPE, DATE_TIME, EMP_ID, IP_ADDR, NOTES) VALUES(2, "In", NOW(), 1, "10.1.31.59", "");', 'Raphaelle Philippe', '2016-06-14 18:31:53', '10.1.31.59'),
(224, 'INSERT INTO STUDENT_ATTENDANCES(STU_ID, EVENT_TYPE, DATE_TIME, EMP_ID, IP_ADDR, NOTES) VALUES(4, "In", NOW(), 1, "10.1.31.59", "");', 'Raphaelle Philippe', '2016-06-14 18:31:53', '10.1.31.59'),
(225, 'INSERT INTO STUDENT_ATTENDANCES(STU_ID, EVENT_TYPE, DATE_TIME, EMP_ID, IP_ADDR, NOTES) VALUES(6, "In", NOW(), 1, "10.1.31.59", "");', 'Raphaelle Philippe', '2016-06-14 18:31:53', '10.1.31.59'),
(226, 'INSERT INTO STUDENT_ATTENDANCES(STU_ID, EVENT_TYPE, DATE_TIME, EMP_ID, IP_ADDR, NOTES) VALUES(8, "In", NOW(), 1, "10.1.31.59", "");', 'Raphaelle Philippe', '2016-06-14 18:31:53', '10.1.31.59'),
(227, 'INSERT INTO STUDENT_ATTENDANCES(STU_ID, EVENT_TYPE, DATE_TIME, EMP_ID, IP_ADDR, NOTES) VALUES(10, "In", NOW(), 1, "10.1.31.59", "");', 'Raphaelle Philippe', '2016-06-14 18:31:53', '10.1.31.59'),
(228, 'INSERT INTO STUDENT_ATTENDANCES(STU_ID, EVENT_TYPE, DATE_TIME, EMP_ID, IP_ADDR, NOTES) VALUES(12, "In", NOW(), 1, "10.1.31.59", "");', 'Raphaelle Philippe', '2016-06-14 18:31:53', '10.1.31.59'),
(229, 'INSERT INTO STUDENT_ATTENDANCES(STU_ID, EVENT_TYPE, DATE_TIME, EMP_ID, IP_ADDR, NOTES) VALUES(14, "In", NOW(), 1, "10.1.31.59", "");', 'Raphaelle Philippe', '2016-06-14 18:31:53', '10.1.31.59'),
(230, 'INSERT INTO STUDENT_ATTENDANCES(STU_ID, EVENT_TYPE, DATE_TIME, EMP_ID, IP_ADDR, NOTES) VALUES(16, "In", NOW(), 1, "10.1.31.59", "");', 'Raphaelle Philippe', '2016-06-14 18:31:53', '10.1.31.59'),
(231, 'INSERT INTO STUDENT_ATTENDANCES(STU_ID, EVENT_TYPE, DATE_TIME, EMP_ID, IP_ADDR, NOTES) VALUES(18, "In", NOW(), 1, "10.1.31.59", "");', 'Raphaelle Philippe', '2016-06-14 18:31:53', '10.1.31.59'),
(232, 'INSERT INTO STUDENT_ATTENDANCES(STU_ID, EVENT_TYPE, DATE_TIME, EMP_ID, IP_ADDR, NOTES) VALUES(20, "In", NOW(), 1, "10.1.31.59", "");', 'Raphaelle Philippe', '2016-06-14 18:31:53', '10.1.31.59'),
(233, 'SELECT  STUDENTS.STU_ID, CONCAT(STUDENTS.STU_FIRST_NAME, " ", STUDENTS.STU_LAST_NAME) AS STU_NAME, STUDENTS.STU_BIRTHDATE, FLOOR(DATEDIFF(NOW(), STUDENTS.STU_BIRTHDATE)/365.25) AS STU_AGE, STUDENTS.STU_PHOTO FROM STUDENTS WHERE  STUDENTS.STU_ID NOT IN (SELECT STUDENT_ATTENDANCES.STU_ID FROM STUDENT_ATTENDANCES WHERE \r\n										STUDENT_ATTENDANCES.DATE_TIME >= CURDATE() AND \r\n										STUDENT_ATTENDANCES.DATE_TIME < (CURDATE() + INTERVAL 1 DAY) AND\r\n										STUDENT_ATTENDANCES.EVENT_TYPE = "In");', 'Raphaelle Philippe', '2016-06-14 18:31:54', '10.1.31.59'),
(234, 'SELECT WEB_PAGES.PAGE_ID, WEB_PAGES.TAG_CLASS, WEB_PAGES.TYPE, WEB_PAGES.HREF, WEB_PAGES.ICON_URL, WEB_PAGES.TITLE, WEB_PAGES.STATUS FROM WEB_PAGES WHERE (WEB_PAGES.STATUS="active");', 'Raphaelle Philippe', '2016-06-14 18:31:56', '10.1.31.59'),
(235, 'SELECT  STUDENT_ATTENDANCES.STU_ATT_ID, CONCAT(STUDENTS.STU_FIRST_NAME, " ", STUDENTS.STU_LAST_NAME) AS STU_NAME, STUDENT_ATTENDANCES.EVENT_TYPE, STUDENT_ATTENDANCES.DATE_TIME, CONCAT(EMPLOYEES.EMP_FIRST_NAME, " ", EMPLOYEES.EMP_LAST_NAME) AS EMP_NAME, STUDENT_ATTENDANCES.IP_ADDR FROM STUDENT_ATTENDANCES, STUDENTS, EMPLOYEES WHERE STUDENTS.STU_ID = STUDENT_ATTENDANCES.STU_ID AND EMPLOYEES.EMP_ID = STUDENT_ATTENDANCES.EMP_ID ORDER BY STU_NAME ASC, STUDENT_ATTENDANCES.DATE_TIME DESC;', 'Raphaelle Philippe', '2016-06-14 18:32:00', '10.1.31.59'),
(236, 'INSERT INTO EMPLOYEE_LOG_IOS(EMP_ID, EVENT_TYPE, DATE_TIME, IP_ADDR) VALUES(1, "Out", NOW(), "10.1.31.59");', 'Raphaelle Philippe', '2016-06-14 18:32:33', '10.1.31.59'),
(237, 'SELECT  EMP_ID, EMP_FIRST_NAME, EMP_LAST_NAME, EMP_BIRTHDATE, EMP_PHONE1 FROM EMPLOYEES  WHERE EMP_PASSCODE="8772";', 'system', '2016-06-14 18:32:35', '10.1.31.59'),
(238, 'INSERT INTO EMPLOYEE_LOG_IOS(EMP_ID, EVENT_TYPE, DATE_TIME, IP_ADDR) VALUES(2, "In", NOW(), "10.1.31.59");', 'Jolie Vu', '2016-06-14 18:32:35', '10.1.31.59'),
(239, 'SELECT WEB_PAGES.PAGE_ID, WEB_PAGES.TAG_CLASS, WEB_PAGES.TYPE, WEB_PAGES.HREF, WEB_PAGES.ICON_URL, WEB_PAGES.TITLE, WEB_PAGES.STATUS FROM WEB_PAGES WHERE (WEB_PAGES.STATUS="active");', 'Jolie Vu', '2016-06-14 18:32:36', '10.1.31.59'),
(240, 'SELECT STUDENTS.STU_ID, CONCAT(STUDENTS.STU_FIRST_NAME, " ", STUDENTS.STU_LAST_NAME) AS STU_NAME, STUDENTS.STU_BIRTHDATE, FLOOR(DATEDIFF(NOW(), STUDENTS.STU_BIRTHDATE)/365.25) AS STU_AGE, STUDENTS.STU_PHOTO FROM STUDENTS WHERE (STUDENTS.STU_ID IN (SELECT STUDENT_ATTENDANCES.STU_ID FROM STUDENT_ATTENDANCES WHERE STUDENT_ATTENDANCES.DATE_TIME >= CURDATE() AND STUDENT_ATTENDANCES.DATE_TIME < (CURDATE() + INTERVAL 1 DAY) AND STUDENT_ATTENDANCES.EVENT_TYPE = "In")) AND (STUDENTS.STU_ID NOT IN (SELECT STUDENT_ATTENDANCES.STU_ID FROM STUDENT_ATTENDANCES WHERE STUDENT_ATTENDANCES.DATE_TIME >= CURDATE() AND STUDENT_ATTENDANCES.DATE_TIME < (CURDATE() + INTERVAL 1 DAY) AND STUDENT_ATTENDANCES.EVENT_TYPE = "Out"));', 'Jolie Vu', '2016-06-14 18:32:38', '10.1.31.59'),
(241, 'INSERT INTO STUDENT_ATTENDANCES(STU_ID, EVENT_TYPE, DATE_TIME, EMP_ID, IP_ADDR, NOTES) VALUES(1, "Out", NOW(), 2, "10.1.31.59", "");', 'Jolie Vu', '2016-06-14 18:33:09', '10.1.31.59'),
(242, 'INSERT INTO STUDENT_ATTENDANCES(STU_ID, EVENT_TYPE, DATE_TIME, EMP_ID, IP_ADDR, NOTES) VALUES(2, "Out", NOW(), 2, "10.1.31.59", "");', 'Jolie Vu', '2016-06-14 18:33:09', '10.1.31.59'),
(243, 'INSERT INTO STUDENT_ATTENDANCES(STU_ID, EVENT_TYPE, DATE_TIME, EMP_ID, IP_ADDR, NOTES) VALUES(3, "Out", NOW(), 2, "10.1.31.59", "");', 'Jolie Vu', '2016-06-14 18:33:09', '10.1.31.59'),
(244, 'INSERT INTO STUDENT_ATTENDANCES(STU_ID, EVENT_TYPE, DATE_TIME, EMP_ID, IP_ADDR, NOTES) VALUES(4, "Out", NOW(), 2, "10.1.31.59", "");', 'Jolie Vu', '2016-06-14 18:33:09', '10.1.31.59'),
(245, 'INSERT INTO STUDENT_ATTENDANCES(STU_ID, EVENT_TYPE, DATE_TIME, EMP_ID, IP_ADDR, NOTES) VALUES(5, "Out", NOW(), 2, "10.1.31.59", "");', 'Jolie Vu', '2016-06-14 18:33:09', '10.1.31.59'),
(246, 'INSERT INTO STUDENT_ATTENDANCES(STU_ID, EVENT_TYPE, DATE_TIME, EMP_ID, IP_ADDR, NOTES) VALUES(6, "Out", NOW(), 2, "10.1.31.59", "");', 'Jolie Vu', '2016-06-14 18:33:10', '10.1.31.59'),
(247, 'INSERT INTO STUDENT_ATTENDANCES(STU_ID, EVENT_TYPE, DATE_TIME, EMP_ID, IP_ADDR, NOTES) VALUES(7, "Out", NOW(), 2, "10.1.31.59", "");', 'Jolie Vu', '2016-06-14 18:33:10', '10.1.31.59'),
(248, 'INSERT INTO STUDENT_ATTENDANCES(STU_ID, EVENT_TYPE, DATE_TIME, EMP_ID, IP_ADDR, NOTES) VALUES(8, "Out", NOW(), 2, "10.1.31.59", "");', 'Jolie Vu', '2016-06-14 18:33:10', '10.1.31.59'),
(249, 'SELECT STUDENTS.STU_ID, CONCAT(STUDENTS.STU_FIRST_NAME, " ", STUDENTS.STU_LAST_NAME) AS STU_NAME, STUDENTS.STU_BIRTHDATE, FLOOR(DATEDIFF(NOW(), STUDENTS.STU_BIRTHDATE)/365.25) AS STU_AGE, STUDENTS.STU_PHOTO FROM STUDENTS WHERE (STUDENTS.STU_ID IN (SELECT STUDENT_ATTENDANCES.STU_ID FROM STUDENT_ATTENDANCES WHERE STUDENT_ATTENDANCES.DATE_TIME >= CURDATE() AND STUDENT_ATTENDANCES.DATE_TIME < (CURDATE() + INTERVAL 1 DAY) AND STUDENT_ATTENDANCES.EVENT_TYPE = "In")) AND (STUDENTS.STU_ID NOT IN (SELECT STUDENT_ATTENDANCES.STU_ID FROM STUDENT_ATTENDANCES WHERE STUDENT_ATTENDANCES.DATE_TIME >= CURDATE() AND STUDENT_ATTENDANCES.DATE_TIME < (CURDATE() + INTERVAL 1 DAY) AND STUDENT_ATTENDANCES.EVENT_TYPE = "Out"));', 'Jolie Vu', '2016-06-14 18:33:11', '10.1.31.59'),
(250, 'INSERT INTO EMPLOYEE_LOG_IOS(EMP_ID, EVENT_TYPE, DATE_TIME, IP_ADDR) VALUES(2, "Out", NOW(), "10.1.31.59");', 'Jolie Vu', '2016-06-14 18:33:13', '10.1.31.59'),
(251, 'SELECT  EMP_ID, EMP_FIRST_NAME, EMP_LAST_NAME, EMP_BIRTHDATE, EMP_PHONE1 FROM EMPLOYEES  WHERE EMP_PASSCODE="1887";', 'system', '2016-06-14 18:33:17', '10.1.31.59'),
(252, 'INSERT INTO EMPLOYEE_LOG_IOS(EMP_ID, EVENT_TYPE, DATE_TIME, IP_ADDR) VALUES(1, "In", NOW(), "10.1.31.59");', 'Raphaelle Philippe', '2016-06-14 18:33:17', '10.1.31.59'),
(253, 'SELECT WEB_PAGES.PAGE_ID, WEB_PAGES.TAG_CLASS, WEB_PAGES.TYPE, WEB_PAGES.HREF, WEB_PAGES.ICON_URL, WEB_PAGES.TITLE, WEB_PAGES.STATUS FROM WEB_PAGES WHERE (WEB_PAGES.STATUS="active");', 'Raphaelle Philippe', '2016-06-14 18:33:17', '10.1.31.59'),
(254, 'SELECT STUDENTS.STU_ID, CONCAT(STUDENTS.STU_FIRST_NAME, " ", STUDENTS.STU_LAST_NAME) AS STU_NAME, STUDENTS.STU_BIRTHDATE, FLOOR(DATEDIFF(NOW(), STUDENTS.STU_BIRTHDATE)/365.25) AS STU_AGE, STUDENTS.STU_PHOTO FROM STUDENTS WHERE (STUDENTS.STU_ID IN (SELECT STUDENT_ATTENDANCES.STU_ID FROM STUDENT_ATTENDANCES WHERE STUDENT_ATTENDANCES.DATE_TIME >= CURDATE() AND STUDENT_ATTENDANCES.DATE_TIME < (CURDATE() + INTERVAL 1 DAY) AND STUDENT_ATTENDANCES.EVENT_TYPE = "In")) AND (STUDENTS.STU_ID NOT IN (SELECT STUDENT_ATTENDANCES.STU_ID FROM STUDENT_ATTENDANCES WHERE STUDENT_ATTENDANCES.DATE_TIME >= CURDATE() AND STUDENT_ATTENDANCES.DATE_TIME < (CURDATE() + INTERVAL 1 DAY) AND STUDENT_ATTENDANCES.EVENT_TYPE = "Out"));', 'Raphaelle Philippe', '2016-06-14 18:33:20', '10.1.31.59'),
(255, 'INSERT INTO STUDENT_ATTENDANCES(STU_ID, EVENT_TYPE, DATE_TIME, EMP_ID, IP_ADDR, NOTES) VALUES(9, "Out", NOW(), 1, "10.1.31.59", "");', 'Raphaelle Philippe', '2016-06-14 18:33:28', '10.1.31.59'),
(256, 'INSERT INTO STUDENT_ATTENDANCES(STU_ID, EVENT_TYPE, DATE_TIME, EMP_ID, IP_ADDR, NOTES) VALUES(10, "Out", NOW(), 1, "10.1.31.59", "");', 'Raphaelle Philippe', '2016-06-14 18:33:28', '10.1.31.59'),
(257, 'INSERT INTO STUDENT_ATTENDANCES(STU_ID, EVENT_TYPE, DATE_TIME, EMP_ID, IP_ADDR, NOTES) VALUES(11, "Out", NOW(), 1, "10.1.31.59", "");', 'Raphaelle Philippe', '2016-06-14 18:33:28', '10.1.31.59'),
(258, 'INSERT INTO STUDENT_ATTENDANCES(STU_ID, EVENT_TYPE, DATE_TIME, EMP_ID, IP_ADDR, NOTES) VALUES(12, "Out", NOW(), 1, "10.1.31.59", "");', 'Raphaelle Philippe', '2016-06-14 18:33:28', '10.1.31.59'),
(259, 'INSERT INTO STUDENT_ATTENDANCES(STU_ID, EVENT_TYPE, DATE_TIME, EMP_ID, IP_ADDR, NOTES) VALUES(13, "Out", NOW(), 1, "10.1.31.59", "");', 'Raphaelle Philippe', '2016-06-14 18:33:28', '10.1.31.59'),
(260, 'INSERT INTO STUDENT_ATTENDANCES(STU_ID, EVENT_TYPE, DATE_TIME, EMP_ID, IP_ADDR, NOTES) VALUES(14, "Out", NOW(), 1, "10.1.31.59", "");', 'Raphaelle Philippe', '2016-06-14 18:33:28', '10.1.31.59'),
(261, 'INSERT INTO STUDENT_ATTENDANCES(STU_ID, EVENT_TYPE, DATE_TIME, EMP_ID, IP_ADDR, NOTES) VALUES(15, "Out", NOW(), 1, "10.1.31.59", "");', 'Raphaelle Philippe', '2016-06-14 18:33:28', '10.1.31.59'),
(262, 'INSERT INTO STUDENT_ATTENDANCES(STU_ID, EVENT_TYPE, DATE_TIME, EMP_ID, IP_ADDR, NOTES) VALUES(16, "Out", NOW(), 1, "10.1.31.59", "");', 'Raphaelle Philippe', '2016-06-14 18:33:28', '10.1.31.59'),
(263, 'INSERT INTO STUDENT_ATTENDANCES(STU_ID, EVENT_TYPE, DATE_TIME, EMP_ID, IP_ADDR, NOTES) VALUES(17, "Out", NOW(), 1, "10.1.31.59", "");', 'Raphaelle Philippe', '2016-06-14 18:33:28', '10.1.31.59'),
(264, 'INSERT INTO STUDENT_ATTENDANCES(STU_ID, EVENT_TYPE, DATE_TIME, EMP_ID, IP_ADDR, NOTES) VALUES(18, "Out", NOW(), 1, "10.1.31.59", "");', 'Raphaelle Philippe', '2016-06-14 18:33:28', '10.1.31.59'),
(265, 'INSERT INTO STUDENT_ATTENDANCES(STU_ID, EVENT_TYPE, DATE_TIME, EMP_ID, IP_ADDR, NOTES) VALUES(19, "Out", NOW(), 1, "10.1.31.59", "");', 'Raphaelle Philippe', '2016-06-14 18:33:28', '10.1.31.59'),
(266, 'INSERT INTO STUDENT_ATTENDANCES(STU_ID, EVENT_TYPE, DATE_TIME, EMP_ID, IP_ADDR, NOTES) VALUES(20, "Out", NOW(), 1, "10.1.31.59", "");', 'Raphaelle Philippe', '2016-06-14 18:33:28', '10.1.31.59'),
(267, 'SELECT STUDENTS.STU_ID, CONCAT(STUDENTS.STU_FIRST_NAME, " ", STUDENTS.STU_LAST_NAME) AS STU_NAME, STUDENTS.STU_BIRTHDATE, FLOOR(DATEDIFF(NOW(), STUDENTS.STU_BIRTHDATE)/365.25) AS STU_AGE, STUDENTS.STU_PHOTO FROM STUDENTS WHERE (STUDENTS.STU_ID IN (SELECT STUDENT_ATTENDANCES.STU_ID FROM STUDENT_ATTENDANCES WHERE STUDENT_ATTENDANCES.DATE_TIME >= CURDATE() AND STUDENT_ATTENDANCES.DATE_TIME < (CURDATE() + INTERVAL 1 DAY) AND STUDENT_ATTENDANCES.EVENT_TYPE = "In")) AND (STUDENTS.STU_ID NOT IN (SELECT STUDENT_ATTENDANCES.STU_ID FROM STUDENT_ATTENDANCES WHERE STUDENT_ATTENDANCES.DATE_TIME >= CURDATE() AND STUDENT_ATTENDANCES.DATE_TIME < (CURDATE() + INTERVAL 1 DAY) AND STUDENT_ATTENDANCES.EVENT_TYPE = "Out"));', 'Raphaelle Philippe', '2016-06-14 18:33:30', '10.1.31.59'),
(268, 'SELECT WEB_PAGES.PAGE_ID, WEB_PAGES.TAG_CLASS, WEB_PAGES.TYPE, WEB_PAGES.HREF, WEB_PAGES.ICON_URL, WEB_PAGES.TITLE, WEB_PAGES.STATUS FROM WEB_PAGES WHERE (WEB_PAGES.STATUS="active");', 'Raphaelle Philippe', '2016-06-14 18:33:32', '10.1.31.59'),
(269, 'SELECT  STUDENT_ATTENDANCES.STU_ATT_ID, CONCAT(STUDENTS.STU_FIRST_NAME, " ", STUDENTS.STU_LAST_NAME) AS STU_NAME, STUDENT_ATTENDANCES.EVENT_TYPE, STUDENT_ATTENDANCES.DATE_TIME, CONCAT(EMPLOYEES.EMP_FIRST_NAME, " ", EMPLOYEES.EMP_LAST_NAME) AS EMP_NAME, STUDENT_ATTENDANCES.IP_ADDR FROM STUDENT_ATTENDANCES, STUDENTS, EMPLOYEES WHERE STUDENTS.STU_ID = STUDENT_ATTENDANCES.STU_ID AND EMPLOYEES.EMP_ID = STUDENT_ATTENDANCES.EMP_ID ORDER BY STU_NAME ASC, STUDENT_ATTENDANCES.DATE_TIME DESC;', 'Raphaelle Philippe', '2016-06-14 18:33:37', '10.1.31.59'),
(270, 'INSERT INTO EMPLOYEE_LOG_IOS(EMP_ID, EVENT_TYPE, DATE_TIME, IP_ADDR) VALUES(1, "Out", NOW(), "10.1.31.59");', 'Raphaelle Philippe', '2016-06-14 18:35:16', '10.1.31.59'),
(271, 'SELECT  EMP_ID, EMP_FIRST_NAME, EMP_LAST_NAME, EMP_BIRTHDATE, EMP_PHONE1 FROM EMPLOYEES  WHERE EMP_PASSCODE="2365";', 'system', '2016-06-14 18:35:21', '10.1.31.59'),
(272, 'INSERT INTO EMPLOYEE_LOG_FAILURES(IP_ADDR, PASSCODE, DATE_TIME) VALUES("10.1.31.59", "2365", NOW());', 'system', '2016-06-14 18:35:21', '10.1.31.59'),
(273, 'SELECT  EMP_ID, EMP_FIRST_NAME, EMP_LAST_NAME, EMP_BIRTHDATE, EMP_PHONE1 FROM EMPLOYEES  WHERE EMP_PASSCODE="6632";', 'system', '2016-06-14 18:35:23', '10.1.31.59'),
(274, 'INSERT INTO EMPLOYEE_LOG_FAILURES(IP_ADDR, PASSCODE, DATE_TIME) VALUES("10.1.31.59", "6632", NOW());', 'system', '2016-06-14 18:35:23', '10.1.31.59'),
(275, 'SELECT  EMP_ID, EMP_FIRST_NAME, EMP_LAST_NAME, EMP_BIRTHDATE, EMP_PHONE1 FROM EMPLOYEES  WHERE EMP_PASSCODE="6589";', 'system', '2016-06-14 18:35:25', '10.1.31.59'),
(276, 'INSERT INTO EMPLOYEE_LOG_FAILURES(IP_ADDR, PASSCODE, DATE_TIME) VALUES("10.1.31.59", "6589", NOW());', 'system', '2016-06-14 18:35:25', '10.1.31.59'),
(277, 'SELECT  EMP_ID, EMP_FIRST_NAME, EMP_LAST_NAME, EMP_BIRTHDATE, EMP_PHONE1 FROM EMPLOYEES  WHERE EMP_PASSCODE="8772";', 'system', '2016-06-14 18:35:28', '10.1.31.59'),
(278, 'INSERT INTO EMPLOYEE_LOG_IOS(EMP_ID, EVENT_TYPE, DATE_TIME, IP_ADDR) VALUES(2, "In", NOW(), "10.1.31.59");', 'Jolie Vu', '2016-06-14 18:35:28', '10.1.31.59'),
(279, 'SELECT WEB_PAGES.PAGE_ID, WEB_PAGES.TAG_CLASS, WEB_PAGES.TYPE, WEB_PAGES.HREF, WEB_PAGES.ICON_URL, WEB_PAGES.TITLE, WEB_PAGES.STATUS FROM WEB_PAGES WHERE (WEB_PAGES.STATUS="active");', 'Jolie Vu', '2016-06-14 18:35:28', '10.1.31.59'),
(280, 'SELECT  * FROM DB_QUERY_LOGS ORDER BY DATE_TIME DESC;', 'Jolie Vu', '2016-06-14 18:35:32', '10.1.31.59'),
(281, 'SELECT WEB_PAGES.PAGE_ID, WEB_PAGES.TAG_CLASS, WEB_PAGES.TYPE, WEB_PAGES.HREF, WEB_PAGES.ICON_URL, WEB_PAGES.TITLE, WEB_PAGES.STATUS FROM WEB_PAGES WHERE (WEB_PAGES.STATUS="active");', 'Jolie Vu', '2016-06-14 18:36:06', '10.1.31.59'),
(282, 'SELECT  * FROM POSITIONS ORDER BY POS_ID ASC;', 'Jolie Vu', '2016-06-14 18:36:07', '10.1.31.59'),
(283, 'SELECT WEB_PAGES.PAGE_ID, WEB_PAGES.TAG_CLASS, WEB_PAGES.TYPE, WEB_PAGES.HREF, WEB_PAGES.ICON_URL, WEB_PAGES.TITLE, WEB_PAGES.STATUS FROM WEB_PAGES WHERE (WEB_PAGES.STATUS="active");', 'Jolie Vu', '2016-06-14 18:36:09', '10.1.31.59'),
(284, 'INSERT INTO EMPLOYEE_ATTENDANCES(EMP_ID, EVENT_TYPE, DATE_TIME, IP_ADDR, NOTES) VALUES(2, "In", NOW(), "10.1.31.59", "");', 'Jolie Vu', '2016-06-14 18:36:16', '10.1.31.59'),
(285, 'SELECT WEB_PAGES.PAGE_ID, WEB_PAGES.TAG_CLASS, WEB_PAGES.TYPE, WEB_PAGES.HREF, WEB_PAGES.ICON_URL, WEB_PAGES.TITLE, WEB_PAGES.STATUS FROM WEB_PAGES WHERE (WEB_PAGES.STATUS="active");', 'Jolie Vu', '2016-06-14 18:36:21', '10.1.31.59'),
(286, 'INSERT INTO EMPLOYEE_ATTENDANCES(EMP_ID, EVENT_TYPE, DATE_TIME, IP_ADDR, NOTES) VALUES(2, "Out", NOW(), "10.1.31.59", "");', 'Jolie Vu', '2016-06-14 18:36:23', '10.1.31.59'),
(287, 'SELECT WEB_PAGES.PAGE_ID, WEB_PAGES.TAG_CLASS, WEB_PAGES.TYPE, WEB_PAGES.HREF, WEB_PAGES.ICON_URL, WEB_PAGES.TITLE, WEB_PAGES.STATUS FROM WEB_PAGES WHERE (WEB_PAGES.STATUS="active");', 'Jolie Vu', '2016-06-14 18:36:24', '10.1.31.59'),
(288, 'SELECT  EMPLOYEE_ATTENDANCES.EMP_ATT_ID, EMPLOYEES.EMP_FIRST_NAME, EMPLOYEES.EMP_LAST_NAME, EMPLOYEE_ATTENDANCES.EVENT_TYPE, EMPLOYEE_ATTENDANCES.DATE_TIME, EMPLOYEE_ATTENDANCES.IP_ADDR FROM EMPLOYEE_ATTENDANCES, EMPLOYEES WHERE EMPLOYEE_ATTENDANCES.EMP_ID=2 AND EMPLOYEE_ATTENDANCES.EMP_ID=EMPLOYEES.EMP_ID ORDER BY EMPLOYEE_ATTENDANCES.DATE_TIME DESC;', 'Jolie Vu', '2016-06-14 18:36:36', '10.1.31.59'),
(289, 'SELECT WEB_PAGES.PAGE_ID, WEB_PAGES.TAG_CLASS, WEB_PAGES.TYPE, WEB_PAGES.HREF, WEB_PAGES.ICON_URL, WEB_PAGES.TITLE, WEB_PAGES.STATUS FROM WEB_PAGES WHERE (WEB_PAGES.STATUS="active");', 'Jolie Vu', '2016-06-14 18:36:45', '10.1.31.59'),
(290, 'SELECT  EMPLOYEE_LOG_IOS.EMP_LOGS_ID, EMPLOYEES.EMP_FIRST_NAME, EMPLOYEES.EMP_LAST_NAME, EMPLOYEE_LOG_IOS.EVENT_TYPE, EMPLOYEE_LOG_IOS.DATE_TIME, EMPLOYEE_LOG_IOS.IP_ADDR FROM EMPLOYEE_LOG_IOS, EMPLOYEES WHERE EMPLOYEE_LOG_IOS.EMP_ID=2 AND EMPLOYEE_LOG_IOS.EMP_ID=EMPLOYEES.EMP_ID ORDER BY EMPLOYEE_LOG_IOS.DATE_TIME DESC;', 'Jolie Vu', '2016-06-14 18:36:50', '10.1.31.59'),
(291, 'SELECT WEB_PAGES.PAGE_ID, WEB_PAGES.TAG_CLASS, WEB_PAGES.TYPE, WEB_PAGES.HREF, WEB_PAGES.ICON_URL, WEB_PAGES.TITLE, WEB_PAGES.STATUS FROM WEB_PAGES WHERE (WEB_PAGES.STATUS="active");', 'Jolie Vu', '2016-06-14 18:36:57', '10.1.31.59'),
(292, 'SELECT  EM_LOG_F_ID, IP_ADDR, PASSCODE, DATE_TIME FROM EMPLOYEE_LOG_FAILURES ORDER BY DATE_TIME DESC;', 'Jolie Vu', '2016-06-14 18:37:02', '10.1.31.59'),
(293, 'SELECT WEB_PAGES.PAGE_ID, WEB_PAGES.TAG_CLASS, WEB_PAGES.TYPE, WEB_PAGES.HREF, WEB_PAGES.ICON_URL, WEB_PAGES.TITLE, WEB_PAGES.STATUS FROM WEB_PAGES WHERE (WEB_PAGES.STATUS="active");', 'Jolie Vu', '2016-06-14 18:37:06', '10.1.31.59'),
(294, 'SELECT WEB_PAGES.PAGE_ID, WEB_PAGES.TAG_CLASS, WEB_PAGES.TYPE, WEB_PAGES.HREF, WEB_PAGES.ICON_URL, WEB_PAGES.TITLE, WEB_PAGES.STATUS FROM WEB_PAGES WHERE (WEB_PAGES.STATUS="active");', 'Jolie Vu', '2016-06-14 18:38:20', '10.1.31.59'),
(295, 'SELECT WEB_PAGES.PAGE_ID, WEB_PAGES.TAG_CLASS, WEB_PAGES.TYPE, WEB_PAGES.HREF, WEB_PAGES.ICON_URL, WEB_PAGES.TITLE, WEB_PAGES.STATUS FROM WEB_PAGES WHERE (WEB_PAGES.STATUS="active");', 'Jolie Vu', '2016-06-14 18:38:23', '10.1.31.59'),
(296, 'SELECT WEB_PAGES.PAGE_ID, WEB_PAGES.TAG_CLASS, WEB_PAGES.TYPE, WEB_PAGES.HREF, WEB_PAGES.ICON_URL, WEB_PAGES.TITLE, WEB_PAGES.STATUS FROM WEB_PAGES WHERE (WEB_PAGES.STATUS="active");', 'Jolie Vu', '2016-06-14 18:39:52', '10.1.31.59'),
(297, 'SELECT WEB_PAGES.PAGE_ID, WEB_PAGES.TAG_CLASS, WEB_PAGES.TYPE, WEB_PAGES.HREF, WEB_PAGES.ICON_URL, WEB_PAGES.TITLE, WEB_PAGES.STATUS FROM WEB_PAGES WHERE (WEB_PAGES.STATUS="active");', 'Jolie Vu', '2016-06-14 18:39:54', '10.1.31.59'),
(298, 'INSERT INTO EMPLOYEE_LOG_IOS(EMP_ID, EVENT_TYPE, DATE_TIME, IP_ADDR) VALUES(2, "Out", NOW(), "10.1.31.59");', 'Jolie Vu', '2016-06-14 18:39:56', '10.1.31.59'),
(299, 'SELECT  EMP_ID, EMP_FIRST_NAME, EMP_LAST_NAME, EMP_BIRTHDATE, EMP_PHONE1 FROM EMPLOYEES  WHERE EMP_PASSCODE="8772";', 'system', '2016-06-14 18:39:59', '10.1.31.59'),
(300, 'INSERT INTO EMPLOYEE_LOG_IOS(EMP_ID, EVENT_TYPE, DATE_TIME, IP_ADDR) VALUES(2, "In", NOW(), "10.1.31.59");', 'Jolie Vu', '2016-06-14 18:39:59', '10.1.31.59'),
(301, 'SELECT WEB_PAGES.PAGE_ID, WEB_PAGES.TAG_CLASS, WEB_PAGES.TYPE, WEB_PAGES.HREF, WEB_PAGES.ICON_URL, WEB_PAGES.TITLE, WEB_PAGES.STATUS FROM WEB_PAGES WHERE (WEB_PAGES.STATUS="active");', 'Jolie Vu', '2016-06-14 18:39:59', '10.1.31.59'),
(302, 'SELECT  EMP_ID, EMP_FIRST_NAME, EMP_LAST_NAME, EMP_BIRTHDATE, EMP_PHONE1 FROM EMPLOYEES  WHERE EMP_PASSCODE="8772";', 'system', '2016-06-14 18:42:02', '10.1.31.59'),
(303, 'INSERT INTO EMPLOYEE_LOG_IOS(EMP_ID, EVENT_TYPE, DATE_TIME, IP_ADDR) VALUES(2, "In", NOW(), "10.1.31.59");', 'Jolie Vu', '2016-06-14 18:42:02', '10.1.31.59'),
(304, 'SELECT WEB_PAGES.PAGE_ID, WEB_PAGES.TAG_CLASS, WEB_PAGES.TYPE, WEB_PAGES.HREF, WEB_PAGES.ICON_URL, WEB_PAGES.TITLE, WEB_PAGES.STATUS FROM WEB_PAGES WHERE (WEB_PAGES.STATUS="active");', 'Jolie Vu', '2016-06-14 18:42:02', '10.1.31.59'),
(305, 'SELECT WEB_PAGES.PAGE_ID, WEB_PAGES.TAG_CLASS, WEB_PAGES.TYPE, WEB_PAGES.HREF, WEB_PAGES.ICON_URL, WEB_PAGES.TITLE, WEB_PAGES.STATUS FROM WEB_PAGES WHERE (WEB_PAGES.STATUS="active");', 'Jolie Vu', '2016-06-14 18:43:13', '10.1.31.59'),
(306, 'SELECT WEB_PAGES.PAGE_ID, WEB_PAGES.TAG_CLASS, WEB_PAGES.TYPE, WEB_PAGES.HREF, WEB_PAGES.ICON_URL, WEB_PAGES.TITLE, WEB_PAGES.STATUS FROM WEB_PAGES WHERE (WEB_PAGES.STATUS="active");', 'Jolie Vu', '2016-06-14 18:43:15', '10.1.31.59'),
(307, 'SELECT WEB_PAGES.PAGE_ID, WEB_PAGES.TAG_CLASS, WEB_PAGES.TYPE, WEB_PAGES.HREF, WEB_PAGES.ICON_URL, WEB_PAGES.TITLE, WEB_PAGES.STATUS FROM WEB_PAGES WHERE (WEB_PAGES.STATUS="active");', 'Jolie Vu', '2016-06-14 18:43:33', '10.1.31.59'),
(308, 'SELECT WEB_PAGES.PAGE_ID, WEB_PAGES.TAG_CLASS, WEB_PAGES.TYPE, WEB_PAGES.HREF, WEB_PAGES.ICON_URL, WEB_PAGES.TITLE, WEB_PAGES.STATUS FROM WEB_PAGES WHERE (WEB_PAGES.STATUS="active");', 'Jolie Vu', '2016-06-14 18:44:56', '10.1.31.59'),
(309, 'SELECT WEB_PAGES.PAGE_ID, WEB_PAGES.TAG_CLASS, WEB_PAGES.TYPE, WEB_PAGES.HREF, WEB_PAGES.ICON_URL, WEB_PAGES.TITLE, WEB_PAGES.STATUS FROM WEB_PAGES WHERE (WEB_PAGES.STATUS="active");', 'Jolie Vu', '2016-06-14 18:45:59', '10.1.31.59'),
(310, 'SELECT  EMP_ID, EMP_FIRST_NAME, EMP_LAST_NAME, EMP_BIRTHDATE, EMP_PHONE1 FROM EMPLOYEES  WHERE EMP_PASSCODE="8772";', 'system', '2016-06-14 18:46:23', '10.1.31.59'),
(311, 'INSERT INTO EMPLOYEE_LOG_IOS(EMP_ID, EVENT_TYPE, DATE_TIME, IP_ADDR) VALUES(2, "In", NOW(), "10.1.31.59");', 'Jolie Vu', '2016-06-14 18:46:23', '10.1.31.59'),
(312, 'SELECT WEB_PAGES.PAGE_ID, WEB_PAGES.TAG_CLASS, WEB_PAGES.TYPE, WEB_PAGES.HREF, WEB_PAGES.ICON_URL, WEB_PAGES.TITLE, WEB_PAGES.STATUS FROM WEB_PAGES WHERE (WEB_PAGES.STATUS="active");', 'Jolie Vu', '2016-06-14 18:46:23', '10.1.31.59'),
(313, 'SELECT WEB_PAGES.PAGE_ID, WEB_PAGES.TAG_CLASS, WEB_PAGES.TYPE, WEB_PAGES.HREF, WEB_PAGES.ICON_URL, WEB_PAGES.TITLE, WEB_PAGES.STATUS FROM WEB_PAGES WHERE (WEB_PAGES.STATUS="active");', 'Jolie Vu', '2016-06-14 18:47:21', '10.1.31.59'),
(314, 'SELECT  STUDENTS.STU_ID, CONCAT(STUDENTS.STU_FIRST_NAME, " ", STUDENTS.STU_LAST_NAME) AS STU_NAME, STUDENTS.STU_BIRTHDATE, FLOOR(DATEDIFF(NOW(), STUDENTS.STU_BIRTHDATE)/365.25) AS STU_AGE, STUDENTS.STU_PHOTO FROM STUDENTS WHERE  STUDENTS.STU_ID NOT IN (SELECT STUDENT_ATTENDANCES.STU_ID FROM STUDENT_ATTENDANCES WHERE \r\n										STUDENT_ATTENDANCES.DATE_TIME >= CURDATE() AND \r\n										STUDENT_ATTENDANCES.DATE_TIME < (CURDATE() + INTERVAL 1 DAY) AND\r\n										STUDENT_ATTENDANCES.EVENT_TYPE = "In");', 'Jolie Vu', '2016-06-14 18:48:18', '10.1.31.59'),
(315, 'SELECT WEB_PAGES.PAGE_ID, WEB_PAGES.TAG_CLASS, WEB_PAGES.TYPE, WEB_PAGES.HREF, WEB_PAGES.ICON_URL, WEB_PAGES.TITLE, WEB_PAGES.STATUS FROM WEB_PAGES WHERE (WEB_PAGES.STATUS="active");', 'Jolie Vu', '2016-06-14 18:48:19', '10.1.31.59'),
(316, 'SELECT STUDENTS.STU_ID, CONCAT(STUDENTS.STU_FIRST_NAME, " ", STUDENTS.STU_LAST_NAME) AS STU_NAME, STUDENTS.STU_BIRTHDATE, FLOOR(DATEDIFF(NOW(), STUDENTS.STU_BIRTHDATE)/365.25) AS STU_AGE, STUDENTS.STU_PHOTO FROM STUDENTS WHERE (STUDENTS.STU_ID IN (SELECT STUDENT_ATTENDANCES.STU_ID FROM STUDENT_ATTENDANCES WHERE STUDENT_ATTENDANCES.DATE_TIME >= CURDATE() AND STUDENT_ATTENDANCES.DATE_TIME < (CURDATE() + INTERVAL 1 DAY) AND STUDENT_ATTENDANCES.EVENT_TYPE = "In")) AND (STUDENTS.STU_ID NOT IN (SELECT STUDENT_ATTENDANCES.STU_ID FROM STUDENT_ATTENDANCES WHERE STUDENT_ATTENDANCES.DATE_TIME >= CURDATE() AND STUDENT_ATTENDANCES.DATE_TIME < (CURDATE() + INTERVAL 1 DAY) AND STUDENT_ATTENDANCES.EVENT_TYPE = "Out"));', 'Jolie Vu', '2016-06-14 18:48:21', '10.1.31.59'),
(317, 'SELECT WEB_PAGES.PAGE_ID, WEB_PAGES.TAG_CLASS, WEB_PAGES.TYPE, WEB_PAGES.HREF, WEB_PAGES.ICON_URL, WEB_PAGES.TITLE, WEB_PAGES.STATUS FROM WEB_PAGES WHERE (WEB_PAGES.STATUS="active");', 'Jolie Vu', '2016-06-14 18:48:23', '10.1.31.59'),
(318, 'SELECT  STUDENTS.STU_ID, CONCAT(STUDENTS.STU_FIRST_NAME, " ", STUDENTS.STU_LAST_NAME) AS STU_NAME, STUDENTS.STU_BIRTHDATE, FLOOR(DATEDIFF(NOW(), STUDENTS.STU_BIRTHDATE)/365.25) AS STU_AGE, STUDENTS.STU_PHOTO FROM STUDENTS WHERE  STUDENTS.STU_ID NOT IN (SELECT STUDENT_ATTENDANCES.STU_ID FROM STUDENT_ATTENDANCES WHERE \r\n										STUDENT_ATTENDANCES.DATE_TIME >= CURDATE() AND \r\n										STUDENT_ATTENDANCES.DATE_TIME < (CURDATE() + INTERVAL 1 DAY) AND\r\n										STUDENT_ATTENDANCES.EVENT_TYPE = "In");', 'Jolie Vu', '2016-06-14 18:48:36', '10.1.31.59'),
(319, 'SELECT  STUDENTS.STU_ID, CONCAT(STUDENTS.STU_FIRST_NAME, " ", STUDENTS.STU_LAST_NAME) AS STU_NAME, STUDENTS.STU_BIRTHDATE, FLOOR(DATEDIFF(NOW(), STUDENTS.STU_BIRTHDATE)/365.25) AS STU_AGE, STUDENTS.STU_PHOTO FROM STUDENTS WHERE  STUDENTS.STU_ID NOT IN (SELECT STUDENT_ATTENDANCES.STU_ID FROM STUDENT_ATTENDANCES WHERE \r\n										STUDENT_ATTENDANCES.DATE_TIME >= CURDATE() AND \r\n										STUDENT_ATTENDANCES.DATE_TIME < (CURDATE() + INTERVAL 1 DAY) AND\r\n										STUDENT_ATTENDANCES.EVENT_TYPE = "In");', 'Jolie Vu', '2016-06-14 18:49:35', '10.1.31.59'),
(320, 'SELECT  STUDENTS.STU_ID, CONCAT(STUDENTS.STU_FIRST_NAME, " ", STUDENTS.STU_LAST_NAME) AS STU_NAME, STUDENTS.STU_BIRTHDATE, FLOOR(DATEDIFF(NOW(), STUDENTS.STU_BIRTHDATE)/365.25) AS STU_AGE, STUDENTS.STU_PHOTO FROM STUDENTS WHERE  STUDENTS.STU_ID NOT IN (SELECT STUDENT_ATTENDANCES.STU_ID FROM STUDENT_ATTENDANCES WHERE \r\n										STUDENT_ATTENDANCES.DATE_TIME >= CURDATE() AND \r\n										STUDENT_ATTENDANCES.DATE_TIME < (CURDATE() + INTERVAL 1 DAY) AND\r\n										STUDENT_ATTENDANCES.EVENT_TYPE = "In");', 'Jolie Vu', '2016-06-14 18:49:40', '10.1.31.59'),
(321, 'INSERT INTO EMPLOYEE_LOG_IOS(EMP_ID, EVENT_TYPE, DATE_TIME, IP_ADDR) VALUES(2, "Out", NOW(), "10.1.31.59");', 'Jolie Vu', '2016-06-14 18:49:43', '10.1.31.59'),
(322, 'SELECT  EMP_ID, EMP_FIRST_NAME, EMP_LAST_NAME, EMP_BIRTHDATE, EMP_PHONE1 FROM EMPLOYEES  WHERE EMP_PASSCODE="8772";', 'system', '2016-06-14 18:49:47', '10.1.31.59'),
(323, 'INSERT INTO EMPLOYEE_LOG_IOS(EMP_ID, EVENT_TYPE, DATE_TIME, IP_ADDR) VALUES(2, "In", NOW(), "10.1.31.59");', 'Jolie Vu', '2016-06-14 18:49:47', '10.1.31.59'),
(324, 'SELECT WEB_PAGES.PAGE_ID, WEB_PAGES.TAG_CLASS, WEB_PAGES.TYPE, WEB_PAGES.HREF, WEB_PAGES.ICON_URL, WEB_PAGES.TITLE, WEB_PAGES.STATUS FROM WEB_PAGES WHERE (WEB_PAGES.STATUS="active");', 'Jolie Vu', '2016-06-14 18:49:47', '10.1.31.59'),
(325, 'SELECT  STUDENTS.STU_ID, CONCAT(STUDENTS.STU_FIRST_NAME, " ", STUDENTS.STU_LAST_NAME) AS STU_NAME, STUDENTS.STU_BIRTHDATE, FLOOR(DATEDIFF(NOW(), STUDENTS.STU_BIRTHDATE)/365.25) AS STU_AGE, STUDENTS.STU_PHOTO FROM STUDENTS WHERE  STUDENTS.STU_ID NOT IN (SELECT STUDENT_ATTENDANCES.STU_ID FROM STUDENT_ATTENDANCES WHERE \r\n										STUDENT_ATTENDANCES.DATE_TIME >= CURDATE() AND \r\n										STUDENT_ATTENDANCES.DATE_TIME < (CURDATE() + INTERVAL 1 DAY) AND\r\n										STUDENT_ATTENDANCES.EVENT_TYPE = "In");', 'Jolie Vu', '2016-06-14 18:49:48', '10.1.31.59'),
(326, 'SELECT  STUDENTS.STU_ID, CONCAT(STUDENTS.STU_FIRST_NAME, " ", STUDENTS.STU_LAST_NAME) AS STU_NAME, STUDENTS.STU_BIRTHDATE, FLOOR(DATEDIFF(NOW(), STUDENTS.STU_BIRTHDATE)/365.25) AS STU_AGE, STUDENTS.STU_PHOTO FROM STUDENTS WHERE  STUDENTS.STU_ID NOT IN (SELECT STUDENT_ATTENDANCES.STU_ID FROM STUDENT_ATTENDANCES WHERE \r\n										STUDENT_ATTENDANCES.DATE_TIME >= CURDATE() AND \r\n										STUDENT_ATTENDANCES.DATE_TIME < (CURDATE() + INTERVAL 1 DAY) AND\r\n										STUDENT_ATTENDANCES.EVENT_TYPE = "In");', 'Jolie Vu', '2016-06-14 18:50:42', '10.1.31.59'),
(327, 'SELECT  EMP_ID, EMP_FIRST_NAME, EMP_LAST_NAME, EMP_BIRTHDATE, EMP_PHONE1 FROM EMPLOYEES  WHERE EMP_PASSCODE="877";', 'system', '2016-06-14 18:51:27', '10.1.31.59'),
(328, 'INSERT INTO EMPLOYEE_LOG_FAILURES(IP_ADDR, PASSCODE, DATE_TIME) VALUES("10.1.31.59", "877", NOW());', 'system', '2016-06-14 18:51:27', '10.1.31.59'),
(329, 'SELECT  EMP_ID, EMP_FIRST_NAME, EMP_LAST_NAME, EMP_BIRTHDATE, EMP_PHONE1 FROM EMPLOYEES  WHERE EMP_PASSCODE="8772";', 'system', '2016-06-14 18:51:30', '10.1.31.59'),
(330, 'INSERT INTO EMPLOYEE_LOG_IOS(EMP_ID, EVENT_TYPE, DATE_TIME, IP_ADDR) VALUES(2, "In", NOW(), "10.1.31.59");', 'Jolie Vu', '2016-06-14 18:51:30', '10.1.31.59'),
(331, 'SELECT WEB_PAGES.PAGE_ID, WEB_PAGES.TAG_CLASS, WEB_PAGES.TYPE, WEB_PAGES.HREF, WEB_PAGES.ICON_URL, WEB_PAGES.TITLE, WEB_PAGES.STATUS FROM WEB_PAGES WHERE (WEB_PAGES.STATUS="active");', 'Jolie Vu', '2016-06-14 18:51:30', '10.1.31.59'),
(332, 'SELECT  STUDENTS.STU_ID, CONCAT(STUDENTS.STU_FIRST_NAME, " ", STUDENTS.STU_LAST_NAME) AS STU_NAME, STUDENTS.STU_BIRTHDATE, FLOOR(DATEDIFF(NOW(), STUDENTS.STU_BIRTHDATE)/365.25) AS STU_AGE, STUDENTS.STU_PHOTO FROM STUDENTS WHERE  STUDENTS.STU_ID NOT IN (SELECT STUDENT_ATTENDANCES.STU_ID FROM STUDENT_ATTENDANCES WHERE \r\n										STUDENT_ATTENDANCES.DATE_TIME >= CURDATE() AND \r\n										STUDENT_ATTENDANCES.DATE_TIME < (CURDATE() + INTERVAL 1 DAY) AND\r\n										STUDENT_ATTENDANCES.EVENT_TYPE = "In");', 'Jolie Vu', '2016-06-14 18:51:32', '10.1.31.59'),
(333, 'SELECT  STUDENTS.STU_ID, CONCAT(STUDENTS.STU_FIRST_NAME, " ", STUDENTS.STU_LAST_NAME) AS STU_NAME, STUDENTS.STU_BIRTHDATE, FLOOR(DATEDIFF(NOW(), STUDENTS.STU_BIRTHDATE)/365.25) AS STU_AGE, STUDENTS.STU_PHOTO FROM STUDENTS WHERE  STUDENTS.STU_ID NOT IN (SELECT STUDENT_ATTENDANCES.STU_ID FROM STUDENT_ATTENDANCES WHERE \r\n										STUDENT_ATTENDANCES.DATE_TIME >= CURDATE() AND \r\n										STUDENT_ATTENDANCES.DATE_TIME < (CURDATE() + INTERVAL 1 DAY) AND\r\n										STUDENT_ATTENDANCES.EVENT_TYPE = "In");', 'Jolie Vu', '2016-06-14 18:52:08', '10.1.31.59'),
(334, 'SELECT  STUDENTS.STU_ID, CONCAT(STUDENTS.STU_FIRST_NAME, " ", STUDENTS.STU_LAST_NAME) AS STU_NAME, STUDENTS.STU_BIRTHDATE, FLOOR(DATEDIFF(NOW(), STUDENTS.STU_BIRTHDATE)/365.25) AS STU_AGE, STUDENTS.STU_PHOTO FROM STUDENTS WHERE  STUDENTS.STU_ID NOT IN (SELECT STUDENT_ATTENDANCES.STU_ID FROM STUDENT_ATTENDANCES WHERE \r\n										STUDENT_ATTENDANCES.DATE_TIME >= CURDATE() AND \r\n										STUDENT_ATTENDANCES.DATE_TIME < (CURDATE() + INTERVAL 1 DAY) AND\r\n										STUDENT_ATTENDANCES.EVENT_TYPE = "In");', 'Jolie Vu', '2016-06-14 18:52:38', '10.1.31.59'),
(335, 'SELECT  STUDENTS.STU_ID, CONCAT(STUDENTS.STU_FIRST_NAME, " ", STUDENTS.STU_LAST_NAME) AS STU_NAME, STUDENTS.STU_BIRTHDATE, FLOOR(DATEDIFF(NOW(), STUDENTS.STU_BIRTHDATE)/365.25) AS STU_AGE, STUDENTS.STU_PHOTO FROM STUDENTS WHERE  STUDENTS.STU_ID NOT IN (SELECT STUDENT_ATTENDANCES.STU_ID FROM STUDENT_ATTENDANCES WHERE \r\n										STUDENT_ATTENDANCES.DATE_TIME >= CURDATE() AND \r\n										STUDENT_ATTENDANCES.DATE_TIME < (CURDATE() + INTERVAL 1 DAY) AND\r\n										STUDENT_ATTENDANCES.EVENT_TYPE = "In");', 'Jolie Vu', '2016-06-14 18:53:51', '10.1.31.59'),
(336, 'SELECT  STUDENTS.STU_ID, CONCAT(STUDENTS.STU_FIRST_NAME, " ", STUDENTS.STU_LAST_NAME) AS STU_NAME, STUDENTS.STU_BIRTHDATE, FLOOR(DATEDIFF(NOW(), STUDENTS.STU_BIRTHDATE)/365.25) AS STU_AGE, STUDENTS.STU_PHOTO FROM STUDENTS WHERE  STUDENTS.STU_ID NOT IN (SELECT STUDENT_ATTENDANCES.STU_ID FROM STUDENT_ATTENDANCES WHERE \r\n										STUDENT_ATTENDANCES.DATE_TIME >= CURDATE() AND \r\n										STUDENT_ATTENDANCES.DATE_TIME < (CURDATE() + INTERVAL 1 DAY) AND\r\n										STUDENT_ATTENDANCES.EVENT_TYPE = "In");', 'Jolie Vu', '2016-06-14 18:54:35', '10.1.31.59'),
(337, 'INSERT INTO STUDENT_ATTENDANCES(STU_ID, EVENT_TYPE, DATE_TIME, EMP_ID, IP_ADDR, NOTES) VALUES(11, "In", NOW(), 2, "10.1.31.59", "");', 'Jolie Vu', '2016-06-14 18:55:57', '10.1.31.59'),
(338, 'INSERT INTO STUDENT_ATTENDANCES(STU_ID, EVENT_TYPE, DATE_TIME, EMP_ID, IP_ADDR, NOTES) VALUES(12, "In", NOW(), 2, "10.1.31.59", "");', 'Jolie Vu', '2016-06-14 18:55:57', '10.1.31.59'),
(339, 'INSERT INTO STUDENT_ATTENDANCES(STU_ID, EVENT_TYPE, DATE_TIME, EMP_ID, IP_ADDR, NOTES) VALUES(13, "In", NOW(), 2, "10.1.31.59", "");', 'Jolie Vu', '2016-06-14 18:55:57', '10.1.31.59'),
(340, 'SELECT  STUDENTS.STU_ID, CONCAT(STUDENTS.STU_FIRST_NAME, " ", STUDENTS.STU_LAST_NAME) AS STU_NAME, STUDENTS.STU_BIRTHDATE, FLOOR(DATEDIFF(NOW(), STUDENTS.STU_BIRTHDATE)/365.25) AS STU_AGE, STUDENTS.STU_PHOTO FROM STUDENTS WHERE  STUDENTS.STU_ID NOT IN (SELECT STUDENT_ATTENDANCES.STU_ID FROM STUDENT_ATTENDANCES WHERE \r\n										STUDENT_ATTENDANCES.DATE_TIME >= CURDATE() AND \r\n										STUDENT_ATTENDANCES.DATE_TIME < (CURDATE() + INTERVAL 1 DAY) AND\r\n										STUDENT_ATTENDANCES.EVENT_TYPE = "In");', 'Jolie Vu', '2016-06-14 18:55:58', '10.1.31.59'),
(341, 'SELECT WEB_PAGES.PAGE_ID, WEB_PAGES.TAG_CLASS, WEB_PAGES.TYPE, WEB_PAGES.HREF, WEB_PAGES.ICON_URL, WEB_PAGES.TITLE, WEB_PAGES.STATUS FROM WEB_PAGES WHERE (WEB_PAGES.STATUS="active");', 'Jolie Vu', '2016-06-14 18:56:22', '10.1.31.59'),
(342, 'SELECT  STUDENTS.STU_ID, CONCAT(STUDENTS.STU_FIRST_NAME, " ", STUDENTS.STU_LAST_NAME) AS STU_NAME, STUDENTS.STU_BIRTHDATE, FLOOR(DATEDIFF(NOW(), STUDENTS.STU_BIRTHDATE)/365.25) AS STU_AGE, STUDENTS.STU_PHOTO FROM STUDENTS WHERE  STUDENTS.STU_ID NOT IN (SELECT STUDENT_ATTENDANCES.STU_ID FROM STUDENT_ATTENDANCES WHERE \r\n										STUDENT_ATTENDANCES.DATE_TIME >= CURDATE() AND \r\n										STUDENT_ATTENDANCES.DATE_TIME < (CURDATE() + INTERVAL 1 DAY) AND\r\n										STUDENT_ATTENDANCES.EVENT_TYPE = "In");', 'Jolie Vu', '2016-06-14 18:56:28', '10.1.31.59');
INSERT INTO `db_query_logs` (`DB_QL_ID`, `QUERY_STR`, `USER_NAME`, `DATE_TIME`, `IP_ADDR`) VALUES
(343, 'SELECT  STUDENTS.STU_ID, CONCAT(STUDENTS.STU_FIRST_NAME, " ", STUDENTS.STU_LAST_NAME) AS STU_NAME, STUDENTS.STU_BIRTHDATE, FLOOR(DATEDIFF(NOW(), STUDENTS.STU_BIRTHDATE)/365.25) AS STU_AGE, STUDENTS.STU_PHOTO FROM STUDENTS WHERE  STUDENTS.STU_ID NOT IN (SELECT STUDENT_ATTENDANCES.STU_ID FROM STUDENT_ATTENDANCES WHERE \r\n										STUDENT_ATTENDANCES.DATE_TIME >= CURDATE() AND \r\n										STUDENT_ATTENDANCES.DATE_TIME < (CURDATE() + INTERVAL 1 DAY) AND\r\n										STUDENT_ATTENDANCES.EVENT_TYPE = "In");', 'Jolie Vu', '2016-06-14 18:57:00', '10.1.31.59'),
(344, 'SELECT  STUDENTS.STU_ID, CONCAT(STUDENTS.STU_FIRST_NAME, " ", STUDENTS.STU_LAST_NAME) AS STU_NAME, STUDENTS.STU_BIRTHDATE, FLOOR(DATEDIFF(NOW(), STUDENTS.STU_BIRTHDATE)/365.25) AS STU_AGE, STUDENTS.STU_PHOTO FROM STUDENTS WHERE  STUDENTS.STU_ID NOT IN (SELECT STUDENT_ATTENDANCES.STU_ID FROM STUDENT_ATTENDANCES WHERE \r\n										STUDENT_ATTENDANCES.DATE_TIME >= CURDATE() AND \r\n										STUDENT_ATTENDANCES.DATE_TIME < (CURDATE() + INTERVAL 1 DAY) AND\r\n										STUDENT_ATTENDANCES.EVENT_TYPE = "In");', 'Jolie Vu', '2016-06-14 18:57:18', '10.1.31.59'),
(345, 'INSERT INTO STUDENT_ATTENDANCES(STU_ID, EVENT_TYPE, DATE_TIME, EMP_ID, IP_ADDR, NOTES) VALUES(10, "In", NOW(), 2, "10.1.31.59", "");', 'Jolie Vu', '2016-06-14 18:57:28', '10.1.31.59'),
(346, 'INSERT INTO STUDENT_ATTENDANCES(STU_ID, EVENT_TYPE, DATE_TIME, EMP_ID, IP_ADDR, NOTES) VALUES(14, "In", NOW(), 2, "10.1.31.59", "");', 'Jolie Vu', '2016-06-14 18:57:28', '10.1.31.59'),
(347, 'INSERT INTO STUDENT_ATTENDANCES(STU_ID, EVENT_TYPE, DATE_TIME, EMP_ID, IP_ADDR, NOTES) VALUES(15, "In", NOW(), 2, "10.1.31.59", "");', 'Jolie Vu', '2016-06-14 18:57:28', '10.1.31.59'),
(348, 'INSERT INTO STUDENT_ATTENDANCES(STU_ID, EVENT_TYPE, DATE_TIME, EMP_ID, IP_ADDR, NOTES) VALUES(16, "In", NOW(), 2, "10.1.31.59", "");', 'Jolie Vu', '2016-06-14 18:57:28', '10.1.31.59'),
(349, 'SELECT  STUDENTS.STU_ID, CONCAT(STUDENTS.STU_FIRST_NAME, " ", STUDENTS.STU_LAST_NAME) AS STU_NAME, STUDENTS.STU_BIRTHDATE, FLOOR(DATEDIFF(NOW(), STUDENTS.STU_BIRTHDATE)/365.25) AS STU_AGE, STUDENTS.STU_PHOTO FROM STUDENTS WHERE  STUDENTS.STU_ID NOT IN (SELECT STUDENT_ATTENDANCES.STU_ID FROM STUDENT_ATTENDANCES WHERE \r\n										STUDENT_ATTENDANCES.DATE_TIME >= CURDATE() AND \r\n										STUDENT_ATTENDANCES.DATE_TIME < (CURDATE() + INTERVAL 1 DAY) AND\r\n										STUDENT_ATTENDANCES.EVENT_TYPE = "In");', 'Jolie Vu', '2016-06-14 18:57:29', '10.1.31.59'),
(350, 'SELECT WEB_PAGES.PAGE_ID, WEB_PAGES.TAG_CLASS, WEB_PAGES.TYPE, WEB_PAGES.HREF, WEB_PAGES.ICON_URL, WEB_PAGES.TITLE, WEB_PAGES.STATUS FROM WEB_PAGES WHERE (WEB_PAGES.STATUS="active");', 'Jolie Vu', '2016-06-14 18:57:31', '10.1.31.59'),
(351, 'INSERT INTO EMPLOYEE_LOG_IOS(EMP_ID, EVENT_TYPE, DATE_TIME, IP_ADDR) VALUES(2, "Out", NOW(), "10.1.31.59");', 'Jolie Vu', '2016-06-14 18:57:33', '10.1.31.59'),
(352, 'SELECT  EMP_ID, EMP_FIRST_NAME, EMP_LAST_NAME, EMP_BIRTHDATE, EMP_PHONE1 FROM EMPLOYEES  WHERE EMP_PASSCODE="1887";', 'system', '2016-06-14 18:57:37', '10.1.31.59'),
(353, 'INSERT INTO EMPLOYEE_LOG_IOS(EMP_ID, EVENT_TYPE, DATE_TIME, IP_ADDR) VALUES(1, "In", NOW(), "10.1.31.59");', 'Raphaelle Philippe', '2016-06-14 18:57:37', '10.1.31.59'),
(354, 'SELECT WEB_PAGES.PAGE_ID, WEB_PAGES.TAG_CLASS, WEB_PAGES.TYPE, WEB_PAGES.HREF, WEB_PAGES.ICON_URL, WEB_PAGES.TITLE, WEB_PAGES.STATUS FROM WEB_PAGES WHERE (WEB_PAGES.STATUS="active");', 'Raphaelle Philippe', '2016-06-14 18:57:37', '10.1.31.59'),
(355, 'SELECT STUDENTS.STU_ID, CONCAT(STUDENTS.STU_FIRST_NAME, " ", STUDENTS.STU_LAST_NAME) AS STU_NAME, STUDENTS.STU_BIRTHDATE, FLOOR(DATEDIFF(NOW(), STUDENTS.STU_BIRTHDATE)/365.25) AS STU_AGE, STUDENTS.STU_PHOTO FROM STUDENTS WHERE (STUDENTS.STU_ID IN (SELECT STUDENT_ATTENDANCES.STU_ID FROM STUDENT_ATTENDANCES WHERE STUDENT_ATTENDANCES.DATE_TIME >= CURDATE() AND STUDENT_ATTENDANCES.DATE_TIME < (CURDATE() + INTERVAL 1 DAY) AND STUDENT_ATTENDANCES.EVENT_TYPE = "In")) AND (STUDENTS.STU_ID NOT IN (SELECT STUDENT_ATTENDANCES.STU_ID FROM STUDENT_ATTENDANCES WHERE STUDENT_ATTENDANCES.DATE_TIME >= CURDATE() AND STUDENT_ATTENDANCES.DATE_TIME < (CURDATE() + INTERVAL 1 DAY) AND STUDENT_ATTENDANCES.EVENT_TYPE = "Out"));', 'Raphaelle Philippe', '2016-06-14 18:57:38', '10.1.31.59'),
(356, 'SELECT WEB_PAGES.PAGE_ID, WEB_PAGES.TAG_CLASS, WEB_PAGES.TYPE, WEB_PAGES.HREF, WEB_PAGES.ICON_URL, WEB_PAGES.TITLE, WEB_PAGES.STATUS FROM WEB_PAGES WHERE (WEB_PAGES.STATUS="active");', 'Raphaelle Philippe', '2016-06-14 18:57:41', '10.1.31.59'),
(357, 'SELECT STUDENTS.STU_ID, CONCAT(STUDENTS.STU_FIRST_NAME, " ", STUDENTS.STU_LAST_NAME) AS STU_NAME, STUDENTS.STU_BIRTHDATE, FLOOR(DATEDIFF(NOW(), STUDENTS.STU_BIRTHDATE)/365.25) AS STU_AGE, STUDENTS.STU_PHOTO FROM STUDENTS WHERE (STUDENTS.STU_ID IN (SELECT STUDENT_ATTENDANCES.STU_ID FROM STUDENT_ATTENDANCES WHERE STUDENT_ATTENDANCES.DATE_TIME >= CURDATE() AND STUDENT_ATTENDANCES.DATE_TIME < (CURDATE() + INTERVAL 1 DAY) AND STUDENT_ATTENDANCES.EVENT_TYPE = "In")) AND (STUDENTS.STU_ID NOT IN (SELECT STUDENT_ATTENDANCES.STU_ID FROM STUDENT_ATTENDANCES WHERE STUDENT_ATTENDANCES.DATE_TIME >= CURDATE() AND STUDENT_ATTENDANCES.DATE_TIME < (CURDATE() + INTERVAL 1 DAY) AND STUDENT_ATTENDANCES.EVENT_TYPE = "Out"));', 'Raphaelle Philippe', '2016-06-14 18:57:44', '10.1.31.59'),
(358, 'SELECT WEB_PAGES.PAGE_ID, WEB_PAGES.TAG_CLASS, WEB_PAGES.TYPE, WEB_PAGES.HREF, WEB_PAGES.ICON_URL, WEB_PAGES.TITLE, WEB_PAGES.STATUS FROM WEB_PAGES WHERE (WEB_PAGES.STATUS="active");', 'Raphaelle Philippe', '2016-06-14 18:57:46', '10.1.31.59'),
(359, 'SELECT  STUDENT_ATTENDANCES.STU_ATT_ID, CONCAT(STUDENTS.STU_FIRST_NAME, " ", STUDENTS.STU_LAST_NAME) AS STU_NAME, STUDENT_ATTENDANCES.EVENT_TYPE, STUDENT_ATTENDANCES.DATE_TIME, CONCAT(EMPLOYEES.EMP_FIRST_NAME, " ", EMPLOYEES.EMP_LAST_NAME) AS EMP_NAME, STUDENT_ATTENDANCES.IP_ADDR FROM STUDENT_ATTENDANCES, STUDENTS, EMPLOYEES WHERE STUDENTS.STU_ID = STUDENT_ATTENDANCES.STU_ID AND EMPLOYEES.EMP_ID = STUDENT_ATTENDANCES.EMP_ID ORDER BY STU_NAME ASC, STUDENT_ATTENDANCES.DATE_TIME DESC;', 'Raphaelle Philippe', '2016-06-14 18:57:49', '10.1.31.59'),
(360, 'SELECT WEB_PAGES.PAGE_ID, WEB_PAGES.TAG_CLASS, WEB_PAGES.TYPE, WEB_PAGES.HREF, WEB_PAGES.ICON_URL, WEB_PAGES.TITLE, WEB_PAGES.STATUS FROM WEB_PAGES WHERE (WEB_PAGES.STATUS="active");', 'Raphaelle Philippe', '2016-06-14 18:58:36', '10.1.31.59'),
(361, 'SELECT  STUDENTS.STU_ID, CONCAT(STUDENTS.STU_FIRST_NAME, " ", STUDENTS.STU_LAST_NAME) AS STU_NAME, STUDENTS.STU_BIRTHDATE, FLOOR(DATEDIFF(NOW(), STUDENTS.STU_BIRTHDATE)/365.25) AS STU_AGE, STUDENTS.STU_PHOTO FROM STUDENTS WHERE  STUDENTS.STU_ID NOT IN (SELECT STUDENT_ATTENDANCES.STU_ID FROM STUDENT_ATTENDANCES WHERE \r\n										STUDENT_ATTENDANCES.DATE_TIME >= CURDATE() AND \r\n										STUDENT_ATTENDANCES.DATE_TIME < (CURDATE() + INTERVAL 1 DAY) AND\r\n										STUDENT_ATTENDANCES.EVENT_TYPE = "In");', 'Raphaelle Philippe', '2016-06-14 18:58:38', '10.1.31.59'),
(362, 'INSERT INTO STUDENT_ATTENDANCES(STU_ID, EVENT_TYPE, DATE_TIME, EMP_ID, IP_ADDR, NOTES) VALUES(4, "In", NOW(), 1, "10.1.31.59", "");', 'Raphaelle Philippe', '2016-06-14 18:58:41', '10.1.31.59'),
(363, 'INSERT INTO STUDENT_ATTENDANCES(STU_ID, EVENT_TYPE, DATE_TIME, EMP_ID, IP_ADDR, NOTES) VALUES(5, "In", NOW(), 1, "10.1.31.59", "");', 'Raphaelle Philippe', '2016-06-14 18:58:41', '10.1.31.59'),
(364, 'INSERT INTO STUDENT_ATTENDANCES(STU_ID, EVENT_TYPE, DATE_TIME, EMP_ID, IP_ADDR, NOTES) VALUES(6, "In", NOW(), 1, "10.1.31.59", "");', 'Raphaelle Philippe', '2016-06-14 18:58:41', '10.1.31.59'),
(365, 'INSERT INTO STUDENT_ATTENDANCES(STU_ID, EVENT_TYPE, DATE_TIME, EMP_ID, IP_ADDR, NOTES) VALUES(7, "In", NOW(), 1, "10.1.31.59", "");', 'Raphaelle Philippe', '2016-06-14 18:58:41', '10.1.31.59'),
(366, 'SELECT  STUDENTS.STU_ID, CONCAT(STUDENTS.STU_FIRST_NAME, " ", STUDENTS.STU_LAST_NAME) AS STU_NAME, STUDENTS.STU_BIRTHDATE, FLOOR(DATEDIFF(NOW(), STUDENTS.STU_BIRTHDATE)/365.25) AS STU_AGE, STUDENTS.STU_PHOTO FROM STUDENTS WHERE  STUDENTS.STU_ID NOT IN (SELECT STUDENT_ATTENDANCES.STU_ID FROM STUDENT_ATTENDANCES WHERE \r\n										STUDENT_ATTENDANCES.DATE_TIME >= CURDATE() AND \r\n										STUDENT_ATTENDANCES.DATE_TIME < (CURDATE() + INTERVAL 1 DAY) AND\r\n										STUDENT_ATTENDANCES.EVENT_TYPE = "In");', 'Raphaelle Philippe', '2016-06-14 18:58:42', '10.1.31.59'),
(367, 'SELECT WEB_PAGES.PAGE_ID, WEB_PAGES.TAG_CLASS, WEB_PAGES.TYPE, WEB_PAGES.HREF, WEB_PAGES.ICON_URL, WEB_PAGES.TITLE, WEB_PAGES.STATUS FROM WEB_PAGES WHERE (WEB_PAGES.STATUS="active");', 'Raphaelle Philippe', '2016-06-14 18:58:44', '10.1.31.59'),
(368, 'SELECT STUDENTS.STU_ID, CONCAT(STUDENTS.STU_FIRST_NAME, " ", STUDENTS.STU_LAST_NAME) AS STU_NAME, STUDENTS.STU_BIRTHDATE, FLOOR(DATEDIFF(NOW(), STUDENTS.STU_BIRTHDATE)/365.25) AS STU_AGE, STUDENTS.STU_PHOTO FROM STUDENTS WHERE (STUDENTS.STU_ID IN (SELECT STUDENT_ATTENDANCES.STU_ID FROM STUDENT_ATTENDANCES WHERE STUDENT_ATTENDANCES.DATE_TIME >= CURDATE() AND STUDENT_ATTENDANCES.DATE_TIME < (CURDATE() + INTERVAL 1 DAY) AND STUDENT_ATTENDANCES.EVENT_TYPE = "In")) AND (STUDENTS.STU_ID NOT IN (SELECT STUDENT_ATTENDANCES.STU_ID FROM STUDENT_ATTENDANCES WHERE STUDENT_ATTENDANCES.DATE_TIME >= CURDATE() AND STUDENT_ATTENDANCES.DATE_TIME < (CURDATE() + INTERVAL 1 DAY) AND STUDENT_ATTENDANCES.EVENT_TYPE = "Out"));', 'Raphaelle Philippe', '2016-06-14 18:58:45', '10.1.31.59'),
(369, 'SELECT WEB_PAGES.PAGE_ID, WEB_PAGES.TAG_CLASS, WEB_PAGES.TYPE, WEB_PAGES.HREF, WEB_PAGES.ICON_URL, WEB_PAGES.TITLE, WEB_PAGES.STATUS FROM WEB_PAGES WHERE (WEB_PAGES.STATUS="active");', 'Raphaelle Philippe', '2016-06-14 18:58:52', '10.1.31.59'),
(370, 'SELECT  STUDENTS.STU_ID, CONCAT(STUDENTS.STU_FIRST_NAME, " ", STUDENTS.STU_LAST_NAME) AS STU_NAME, STUDENTS.STU_BIRTHDATE, FLOOR(DATEDIFF(NOW(), STUDENTS.STU_BIRTHDATE)/365.25) AS STU_AGE, STUDENTS.STU_PHOTO FROM STUDENTS WHERE  STUDENTS.STU_ID NOT IN (SELECT STUDENT_ATTENDANCES.STU_ID FROM STUDENT_ATTENDANCES WHERE \r\n										STUDENT_ATTENDANCES.DATE_TIME >= CURDATE() AND \r\n										STUDENT_ATTENDANCES.DATE_TIME < (CURDATE() + INTERVAL 1 DAY) AND\r\n										STUDENT_ATTENDANCES.EVENT_TYPE = "In");', 'Raphaelle Philippe', '2016-06-14 18:58:54', '10.1.31.59'),
(371, 'INSERT INTO STUDENT_ATTENDANCES(STU_ID, EVENT_TYPE, DATE_TIME, EMP_ID, IP_ADDR, NOTES) VALUES(1, "In", NOW(), 1, "10.1.31.59", "");', 'Raphaelle Philippe', '2016-06-14 18:59:01', '10.1.31.59'),
(372, 'INSERT INTO STUDENT_ATTENDANCES(STU_ID, EVENT_TYPE, DATE_TIME, EMP_ID, IP_ADDR, NOTES) VALUES(2, "In", NOW(), 1, "10.1.31.59", "");', 'Raphaelle Philippe', '2016-06-14 18:59:01', '10.1.31.59'),
(373, 'INSERT INTO STUDENT_ATTENDANCES(STU_ID, EVENT_TYPE, DATE_TIME, EMP_ID, IP_ADDR, NOTES) VALUES(3, "In", NOW(), 1, "10.1.31.59", "");', 'Raphaelle Philippe', '2016-06-14 18:59:01', '10.1.31.59'),
(374, 'INSERT INTO STUDENT_ATTENDANCES(STU_ID, EVENT_TYPE, DATE_TIME, EMP_ID, IP_ADDR, NOTES) VALUES(8, "In", NOW(), 1, "10.1.31.59", "");', 'Raphaelle Philippe', '2016-06-14 18:59:01', '10.1.31.59'),
(375, 'INSERT INTO STUDENT_ATTENDANCES(STU_ID, EVENT_TYPE, DATE_TIME, EMP_ID, IP_ADDR, NOTES) VALUES(9, "In", NOW(), 1, "10.1.31.59", "");', 'Raphaelle Philippe', '2016-06-14 18:59:01', '10.1.31.59'),
(376, 'INSERT INTO STUDENT_ATTENDANCES(STU_ID, EVENT_TYPE, DATE_TIME, EMP_ID, IP_ADDR, NOTES) VALUES(17, "In", NOW(), 1, "10.1.31.59", "");', 'Raphaelle Philippe', '2016-06-14 18:59:01', '10.1.31.59'),
(377, 'INSERT INTO STUDENT_ATTENDANCES(STU_ID, EVENT_TYPE, DATE_TIME, EMP_ID, IP_ADDR, NOTES) VALUES(18, "In", NOW(), 1, "10.1.31.59", "");', 'Raphaelle Philippe', '2016-06-14 18:59:01', '10.1.31.59'),
(378, 'INSERT INTO STUDENT_ATTENDANCES(STU_ID, EVENT_TYPE, DATE_TIME, EMP_ID, IP_ADDR, NOTES) VALUES(19, "In", NOW(), 1, "10.1.31.59", "");', 'Raphaelle Philippe', '2016-06-14 18:59:01', '10.1.31.59'),
(379, 'INSERT INTO STUDENT_ATTENDANCES(STU_ID, EVENT_TYPE, DATE_TIME, EMP_ID, IP_ADDR, NOTES) VALUES(20, "In", NOW(), 1, "10.1.31.59", "");', 'Raphaelle Philippe', '2016-06-14 18:59:01', '10.1.31.59'),
(380, 'SELECT  STUDENTS.STU_ID, CONCAT(STUDENTS.STU_FIRST_NAME, " ", STUDENTS.STU_LAST_NAME) AS STU_NAME, STUDENTS.STU_BIRTHDATE, FLOOR(DATEDIFF(NOW(), STUDENTS.STU_BIRTHDATE)/365.25) AS STU_AGE, STUDENTS.STU_PHOTO FROM STUDENTS WHERE  STUDENTS.STU_ID NOT IN (SELECT STUDENT_ATTENDANCES.STU_ID FROM STUDENT_ATTENDANCES WHERE \r\n										STUDENT_ATTENDANCES.DATE_TIME >= CURDATE() AND \r\n										STUDENT_ATTENDANCES.DATE_TIME < (CURDATE() + INTERVAL 1 DAY) AND\r\n										STUDENT_ATTENDANCES.EVENT_TYPE = "In");', 'Raphaelle Philippe', '2016-06-14 18:59:02', '10.1.31.59'),
(381, 'SELECT WEB_PAGES.PAGE_ID, WEB_PAGES.TAG_CLASS, WEB_PAGES.TYPE, WEB_PAGES.HREF, WEB_PAGES.ICON_URL, WEB_PAGES.TITLE, WEB_PAGES.STATUS FROM WEB_PAGES WHERE (WEB_PAGES.STATUS="active");', 'Raphaelle Philippe', '2016-06-14 18:59:03', '10.1.31.59'),
(382, 'SELECT STUDENTS.STU_ID, CONCAT(STUDENTS.STU_FIRST_NAME, " ", STUDENTS.STU_LAST_NAME) AS STU_NAME, STUDENTS.STU_BIRTHDATE, FLOOR(DATEDIFF(NOW(), STUDENTS.STU_BIRTHDATE)/365.25) AS STU_AGE, STUDENTS.STU_PHOTO FROM STUDENTS WHERE (STUDENTS.STU_ID IN (SELECT STUDENT_ATTENDANCES.STU_ID FROM STUDENT_ATTENDANCES WHERE STUDENT_ATTENDANCES.DATE_TIME >= CURDATE() AND STUDENT_ATTENDANCES.DATE_TIME < (CURDATE() + INTERVAL 1 DAY) AND STUDENT_ATTENDANCES.EVENT_TYPE = "In")) AND (STUDENTS.STU_ID NOT IN (SELECT STUDENT_ATTENDANCES.STU_ID FROM STUDENT_ATTENDANCES WHERE STUDENT_ATTENDANCES.DATE_TIME >= CURDATE() AND STUDENT_ATTENDANCES.DATE_TIME < (CURDATE() + INTERVAL 1 DAY) AND STUDENT_ATTENDANCES.EVENT_TYPE = "Out"));', 'Raphaelle Philippe', '2016-06-14 18:59:04', '10.1.31.59'),
(383, 'INSERT INTO STUDENT_ATTENDANCES(STU_ID, EVENT_TYPE, DATE_TIME, EMP_ID, IP_ADDR, NOTES) VALUES(1, "Out", NOW(), 1, "10.1.31.59", "");', 'Raphaelle Philippe', '2016-06-14 18:59:12', '10.1.31.59'),
(384, 'INSERT INTO STUDENT_ATTENDANCES(STU_ID, EVENT_TYPE, DATE_TIME, EMP_ID, IP_ADDR, NOTES) VALUES(2, "Out", NOW(), 1, "10.1.31.59", "");', 'Raphaelle Philippe', '2016-06-14 18:59:12', '10.1.31.59'),
(385, 'INSERT INTO STUDENT_ATTENDANCES(STU_ID, EVENT_TYPE, DATE_TIME, EMP_ID, IP_ADDR, NOTES) VALUES(3, "Out", NOW(), 1, "10.1.31.59", "");', 'Raphaelle Philippe', '2016-06-14 18:59:12', '10.1.31.59'),
(386, 'INSERT INTO STUDENT_ATTENDANCES(STU_ID, EVENT_TYPE, DATE_TIME, EMP_ID, IP_ADDR, NOTES) VALUES(4, "Out", NOW(), 1, "10.1.31.59", "");', 'Raphaelle Philippe', '2016-06-14 18:59:12', '10.1.31.59'),
(387, 'INSERT INTO STUDENT_ATTENDANCES(STU_ID, EVENT_TYPE, DATE_TIME, EMP_ID, IP_ADDR, NOTES) VALUES(5, "Out", NOW(), 1, "10.1.31.59", "");', 'Raphaelle Philippe', '2016-06-14 18:59:12', '10.1.31.59'),
(388, 'SELECT STUDENTS.STU_ID, CONCAT(STUDENTS.STU_FIRST_NAME, " ", STUDENTS.STU_LAST_NAME) AS STU_NAME, STUDENTS.STU_BIRTHDATE, FLOOR(DATEDIFF(NOW(), STUDENTS.STU_BIRTHDATE)/365.25) AS STU_AGE, STUDENTS.STU_PHOTO FROM STUDENTS WHERE (STUDENTS.STU_ID IN (SELECT STUDENT_ATTENDANCES.STU_ID FROM STUDENT_ATTENDANCES WHERE STUDENT_ATTENDANCES.DATE_TIME >= CURDATE() AND STUDENT_ATTENDANCES.DATE_TIME < (CURDATE() + INTERVAL 1 DAY) AND STUDENT_ATTENDANCES.EVENT_TYPE = "In")) AND (STUDENTS.STU_ID NOT IN (SELECT STUDENT_ATTENDANCES.STU_ID FROM STUDENT_ATTENDANCES WHERE STUDENT_ATTENDANCES.DATE_TIME >= CURDATE() AND STUDENT_ATTENDANCES.DATE_TIME < (CURDATE() + INTERVAL 1 DAY) AND STUDENT_ATTENDANCES.EVENT_TYPE = "Out"));', 'Raphaelle Philippe', '2016-06-14 18:59:14', '10.1.31.59'),
(389, 'SELECT WEB_PAGES.PAGE_ID, WEB_PAGES.TAG_CLASS, WEB_PAGES.TYPE, WEB_PAGES.HREF, WEB_PAGES.ICON_URL, WEB_PAGES.TITLE, WEB_PAGES.STATUS FROM WEB_PAGES WHERE (WEB_PAGES.STATUS="active");', 'Raphaelle Philippe', '2016-06-14 18:59:15', '10.1.31.59'),
(390, 'SELECT STUDENTS.STU_ID, CONCAT(STUDENTS.STU_FIRST_NAME, " ", STUDENTS.STU_LAST_NAME) AS STU_NAME, STUDENTS.STU_BIRTHDATE, FLOOR(DATEDIFF(NOW(), STUDENTS.STU_BIRTHDATE)/365.25) AS STU_AGE, STUDENTS.STU_PHOTO FROM STUDENTS WHERE (STUDENTS.STU_ID IN (SELECT STUDENT_ATTENDANCES.STU_ID FROM STUDENT_ATTENDANCES WHERE STUDENT_ATTENDANCES.DATE_TIME >= CURDATE() AND STUDENT_ATTENDANCES.DATE_TIME < (CURDATE() + INTERVAL 1 DAY) AND STUDENT_ATTENDANCES.EVENT_TYPE = "In")) AND (STUDENTS.STU_ID NOT IN (SELECT STUDENT_ATTENDANCES.STU_ID FROM STUDENT_ATTENDANCES WHERE STUDENT_ATTENDANCES.DATE_TIME >= CURDATE() AND STUDENT_ATTENDANCES.DATE_TIME < (CURDATE() + INTERVAL 1 DAY) AND STUDENT_ATTENDANCES.EVENT_TYPE = "Out"));', 'Raphaelle Philippe', '2016-06-14 18:59:42', '10.1.31.59'),
(391, 'SELECT WEB_PAGES.PAGE_ID, WEB_PAGES.TAG_CLASS, WEB_PAGES.TYPE, WEB_PAGES.HREF, WEB_PAGES.ICON_URL, WEB_PAGES.TITLE, WEB_PAGES.STATUS FROM WEB_PAGES WHERE (WEB_PAGES.STATUS="active");', 'Raphaelle Philippe', '2016-06-14 18:59:46', '10.1.31.59'),
(392, 'SELECT  STUDENTS.STU_ID, CONCAT(STUDENTS.STU_FIRST_NAME, " ", STUDENTS.STU_LAST_NAME) AS STU_NAME, STUDENTS.STU_BIRTHDATE, FLOOR(DATEDIFF(NOW(), STUDENTS.STU_BIRTHDATE)/365.25) AS STU_AGE, STUDENTS.STU_PHOTO FROM STUDENTS WHERE  STUDENTS.STU_ID NOT IN (SELECT STUDENT_ATTENDANCES.STU_ID FROM STUDENT_ATTENDANCES WHERE \r\n										STUDENT_ATTENDANCES.DATE_TIME >= CURDATE() AND \r\n										STUDENT_ATTENDANCES.DATE_TIME < (CURDATE() + INTERVAL 1 DAY) AND\r\n										STUDENT_ATTENDANCES.EVENT_TYPE = "In");', 'Raphaelle Philippe', '2016-06-14 18:59:48', '10.1.31.59'),
(393, 'SELECT WEB_PAGES.PAGE_ID, WEB_PAGES.TAG_CLASS, WEB_PAGES.TYPE, WEB_PAGES.HREF, WEB_PAGES.ICON_URL, WEB_PAGES.TITLE, WEB_PAGES.STATUS FROM WEB_PAGES WHERE (WEB_PAGES.STATUS="active");', 'Raphaelle Philippe', '2016-06-14 19:00:12', '10.1.31.59'),
(394, 'INSERT INTO EMPLOYEE_LOG_IOS(EMP_ID, EVENT_TYPE, DATE_TIME, IP_ADDR) VALUES(1, "Out", NOW(), "10.1.31.59");', 'Raphaelle Philippe', '2016-06-14 19:01:38', '10.1.31.59'),
(395, 'SELECT  EMP_ID, EMP_FIRST_NAME, EMP_LAST_NAME, EMP_BIRTHDATE, EMP_PHONE1 FROM EMPLOYEES  WHERE EMP_PASSCODE="8772";', 'system', '2016-06-14 19:01:42', '10.1.31.59'),
(396, 'INSERT INTO EMPLOYEE_LOG_IOS(EMP_ID, EVENT_TYPE, DATE_TIME, IP_ADDR) VALUES(2, "In", NOW(), "10.1.31.59");', 'Jolie Vu', '2016-06-14 19:01:42', '10.1.31.59'),
(397, 'SELECT WEB_PAGES.PAGE_ID, WEB_PAGES.TAG_CLASS, WEB_PAGES.TYPE, WEB_PAGES.HREF, WEB_PAGES.ICON_URL, WEB_PAGES.TITLE, WEB_PAGES.STATUS FROM WEB_PAGES WHERE (WEB_PAGES.STATUS="active");', 'Jolie Vu', '2016-06-14 19:01:42', '10.1.31.59'),
(398, 'INSERT INTO EMPLOYEE_ATTENDANCES(EMP_ID, EVENT_TYPE, DATE_TIME, IP_ADDR, NOTES) VALUES(2, "In", NOW(), "10.1.31.59", "");', 'Jolie Vu', '2016-06-14 19:01:44', '10.1.31.59'),
(399, 'SELECT WEB_PAGES.PAGE_ID, WEB_PAGES.TAG_CLASS, WEB_PAGES.TYPE, WEB_PAGES.HREF, WEB_PAGES.ICON_URL, WEB_PAGES.TITLE, WEB_PAGES.STATUS FROM WEB_PAGES WHERE (WEB_PAGES.STATUS="active");', 'Jolie Vu', '2016-06-14 19:01:45', '10.1.31.59'),
(400, 'INSERT INTO EMPLOYEE_ATTENDANCES(EMP_ID, EVENT_TYPE, DATE_TIME, IP_ADDR, NOTES) VALUES(2, "Out", NOW(), "10.1.31.59", "");', 'Jolie Vu', '2016-06-14 19:01:46', '10.1.31.59'),
(401, 'SELECT WEB_PAGES.PAGE_ID, WEB_PAGES.TAG_CLASS, WEB_PAGES.TYPE, WEB_PAGES.HREF, WEB_PAGES.ICON_URL, WEB_PAGES.TITLE, WEB_PAGES.STATUS FROM WEB_PAGES WHERE (WEB_PAGES.STATUS="active");', 'Jolie Vu', '2016-06-14 19:01:46', '10.1.31.59'),
(402, 'SELECT  STUDENTS.STU_ID, CONCAT(STUDENTS.STU_FIRST_NAME, " ", STUDENTS.STU_LAST_NAME) AS STU_NAME, STUDENTS.STU_BIRTHDATE, FLOOR(DATEDIFF(NOW(), STUDENTS.STU_BIRTHDATE)/365.25) AS STU_AGE, STUDENTS.STU_PHOTO FROM STUDENTS WHERE  STUDENTS.STU_ID NOT IN (SELECT STUDENT_ATTENDANCES.STU_ID FROM STUDENT_ATTENDANCES WHERE \r\n										STUDENT_ATTENDANCES.DATE_TIME >= CURDATE() AND \r\n										STUDENT_ATTENDANCES.DATE_TIME < (CURDATE() + INTERVAL 1 DAY) AND\r\n										STUDENT_ATTENDANCES.EVENT_TYPE = "In");', 'Jolie Vu', '2016-06-14 19:01:47', '10.1.31.59'),
(403, 'INSERT INTO STUDENT_ATTENDANCES(STU_ID, EVENT_TYPE, DATE_TIME, EMP_ID, IP_ADDR, NOTES) VALUES(4, "In", NOW(), 2, "10.1.31.59", "");', 'Jolie Vu', '2016-06-14 19:01:49', '10.1.31.59'),
(404, 'SELECT  STUDENTS.STU_ID, CONCAT(STUDENTS.STU_FIRST_NAME, " ", STUDENTS.STU_LAST_NAME) AS STU_NAME, STUDENTS.STU_BIRTHDATE, FLOOR(DATEDIFF(NOW(), STUDENTS.STU_BIRTHDATE)/365.25) AS STU_AGE, STUDENTS.STU_PHOTO FROM STUDENTS WHERE  STUDENTS.STU_ID NOT IN (SELECT STUDENT_ATTENDANCES.STU_ID FROM STUDENT_ATTENDANCES WHERE \r\n										STUDENT_ATTENDANCES.DATE_TIME >= CURDATE() AND \r\n										STUDENT_ATTENDANCES.DATE_TIME < (CURDATE() + INTERVAL 1 DAY) AND\r\n										STUDENT_ATTENDANCES.EVENT_TYPE = "In");', 'Jolie Vu', '2016-06-14 19:01:50', '10.1.31.59'),
(405, 'SELECT WEB_PAGES.PAGE_ID, WEB_PAGES.TAG_CLASS, WEB_PAGES.TYPE, WEB_PAGES.HREF, WEB_PAGES.ICON_URL, WEB_PAGES.TITLE, WEB_PAGES.STATUS FROM WEB_PAGES WHERE (WEB_PAGES.STATUS="active");', 'Jolie Vu', '2016-06-14 19:01:52', '10.1.31.59'),
(406, 'SELECT STUDENTS.STU_ID, CONCAT(STUDENTS.STU_FIRST_NAME, " ", STUDENTS.STU_LAST_NAME) AS STU_NAME, STUDENTS.STU_BIRTHDATE, FLOOR(DATEDIFF(NOW(), STUDENTS.STU_BIRTHDATE)/365.25) AS STU_AGE, STUDENTS.STU_PHOTO FROM STUDENTS WHERE (STUDENTS.STU_ID IN (SELECT STUDENT_ATTENDANCES.STU_ID FROM STUDENT_ATTENDANCES WHERE STUDENT_ATTENDANCES.DATE_TIME >= CURDATE() AND STUDENT_ATTENDANCES.DATE_TIME < (CURDATE() + INTERVAL 1 DAY) AND STUDENT_ATTENDANCES.EVENT_TYPE = "In")) AND (STUDENTS.STU_ID NOT IN (SELECT STUDENT_ATTENDANCES.STU_ID FROM STUDENT_ATTENDANCES WHERE STUDENT_ATTENDANCES.DATE_TIME >= CURDATE() AND STUDENT_ATTENDANCES.DATE_TIME < (CURDATE() + INTERVAL 1 DAY) AND STUDENT_ATTENDANCES.EVENT_TYPE = "Out"));', 'Jolie Vu', '2016-06-14 19:01:55', '10.1.31.59'),
(407, 'INSERT INTO STUDENT_ATTENDANCES(STU_ID, EVENT_TYPE, DATE_TIME, EMP_ID, IP_ADDR, NOTES) VALUES(4, "Out", NOW(), 2, "10.1.31.59", "");', 'Jolie Vu', '2016-06-14 19:01:58', '10.1.31.59'),
(408, 'SELECT STUDENTS.STU_ID, CONCAT(STUDENTS.STU_FIRST_NAME, " ", STUDENTS.STU_LAST_NAME) AS STU_NAME, STUDENTS.STU_BIRTHDATE, FLOOR(DATEDIFF(NOW(), STUDENTS.STU_BIRTHDATE)/365.25) AS STU_AGE, STUDENTS.STU_PHOTO FROM STUDENTS WHERE (STUDENTS.STU_ID IN (SELECT STUDENT_ATTENDANCES.STU_ID FROM STUDENT_ATTENDANCES WHERE STUDENT_ATTENDANCES.DATE_TIME >= CURDATE() AND STUDENT_ATTENDANCES.DATE_TIME < (CURDATE() + INTERVAL 1 DAY) AND STUDENT_ATTENDANCES.EVENT_TYPE = "In")) AND (STUDENTS.STU_ID NOT IN (SELECT STUDENT_ATTENDANCES.STU_ID FROM STUDENT_ATTENDANCES WHERE STUDENT_ATTENDANCES.DATE_TIME >= CURDATE() AND STUDENT_ATTENDANCES.DATE_TIME < (CURDATE() + INTERVAL 1 DAY) AND STUDENT_ATTENDANCES.EVENT_TYPE = "Out"));', 'Jolie Vu', '2016-06-14 19:01:59', '10.1.31.59'),
(409, 'SELECT WEB_PAGES.PAGE_ID, WEB_PAGES.TAG_CLASS, WEB_PAGES.TYPE, WEB_PAGES.HREF, WEB_PAGES.ICON_URL, WEB_PAGES.TITLE, WEB_PAGES.STATUS FROM WEB_PAGES WHERE (WEB_PAGES.STATUS="active");', 'Jolie Vu', '2016-06-14 19:02:00', '10.1.31.59'),
(410, 'SELECT  EMPLOYEE_ATTENDANCES.EMP_ATT_ID, EMPLOYEES.EMP_FIRST_NAME, EMPLOYEES.EMP_LAST_NAME, EMPLOYEE_ATTENDANCES.EVENT_TYPE, EMPLOYEE_ATTENDANCES.DATE_TIME, EMPLOYEE_ATTENDANCES.IP_ADDR FROM EMPLOYEE_ATTENDANCES, EMPLOYEES WHERE EMPLOYEE_ATTENDANCES.EMP_ID=2 AND EMPLOYEE_ATTENDANCES.EMP_ID=EMPLOYEES.EMP_ID ORDER BY EMPLOYEE_ATTENDANCES.DATE_TIME DESC;', 'Jolie Vu', '2016-06-14 19:02:02', '10.1.31.59'),
(411, 'SELECT WEB_PAGES.PAGE_ID, WEB_PAGES.TAG_CLASS, WEB_PAGES.TYPE, WEB_PAGES.HREF, WEB_PAGES.ICON_URL, WEB_PAGES.TITLE, WEB_PAGES.STATUS FROM WEB_PAGES WHERE (WEB_PAGES.STATUS="active");', 'Jolie Vu', '2016-06-14 19:02:04', '10.1.31.59'),
(412, 'SELECT  STUDENT_ATTENDANCES.STU_ATT_ID, CONCAT(STUDENTS.STU_FIRST_NAME, " ", STUDENTS.STU_LAST_NAME) AS STU_NAME, STUDENT_ATTENDANCES.EVENT_TYPE, STUDENT_ATTENDANCES.DATE_TIME, CONCAT(EMPLOYEES.EMP_FIRST_NAME, " ", EMPLOYEES.EMP_LAST_NAME) AS EMP_NAME, STUDENT_ATTENDANCES.IP_ADDR FROM STUDENT_ATTENDANCES, STUDENTS, EMPLOYEES WHERE STUDENTS.STU_ID = STUDENT_ATTENDANCES.STU_ID AND EMPLOYEES.EMP_ID = STUDENT_ATTENDANCES.EMP_ID ORDER BY STU_NAME ASC, STUDENT_ATTENDANCES.DATE_TIME DESC;', 'Jolie Vu', '2016-06-14 19:02:06', '10.1.31.59'),
(413, 'SELECT WEB_PAGES.PAGE_ID, WEB_PAGES.TAG_CLASS, WEB_PAGES.TYPE, WEB_PAGES.HREF, WEB_PAGES.ICON_URL, WEB_PAGES.TITLE, WEB_PAGES.STATUS FROM WEB_PAGES WHERE (WEB_PAGES.STATUS="active");', 'Jolie Vu', '2016-06-14 19:02:08', '10.1.31.59'),
(414, 'SELECT  * FROM EMPLOYEES ORDER BY EMP_FIRST_NAME ASC;', 'Jolie Vu', '2016-06-14 19:02:10', '10.1.31.59'),
(415, 'SELECT WEB_PAGES.PAGE_ID, WEB_PAGES.TAG_CLASS, WEB_PAGES.TYPE, WEB_PAGES.HREF, WEB_PAGES.ICON_URL, WEB_PAGES.TITLE, WEB_PAGES.STATUS FROM WEB_PAGES WHERE (WEB_PAGES.STATUS="active");', 'Jolie Vu', '2016-06-14 19:02:11', '10.1.31.59'),
(416, 'SELECT  * FROM STUDENTS ORDER BY STU_FIRST_NAME ASC;', 'Jolie Vu', '2016-06-14 19:02:12', '10.1.31.59'),
(417, 'SELECT WEB_PAGES.PAGE_ID, WEB_PAGES.TAG_CLASS, WEB_PAGES.TYPE, WEB_PAGES.HREF, WEB_PAGES.ICON_URL, WEB_PAGES.TITLE, WEB_PAGES.STATUS FROM WEB_PAGES WHERE (WEB_PAGES.STATUS="active");', 'Jolie Vu', '2016-06-14 19:02:14', '10.1.31.59'),
(418, 'SELECT  * FROM ACTIVITIES ORDER BY ACT_TYPE_ID ASC , ACT_SUBTYPE_ID ASC;', 'Jolie Vu', '2016-06-14 19:02:16', '10.1.31.59'),
(419, 'SELECT WEB_PAGES.PAGE_ID, WEB_PAGES.TAG_CLASS, WEB_PAGES.TYPE, WEB_PAGES.HREF, WEB_PAGES.ICON_URL, WEB_PAGES.TITLE, WEB_PAGES.STATUS FROM WEB_PAGES WHERE (WEB_PAGES.STATUS="active");', 'Jolie Vu', '2016-06-14 19:02:17', '10.1.31.59'),
(420, 'SELECT  EDUCATOR_STUDENT.EDU_STU_ID, CONCAT(EMPLOYEES.EMP_FIRST_NAME, " ", EMPLOYEES.EMP_LAST_NAME) AS EMPLOYEE_NAME, CONCAT(STUDENTS.STU_FIRST_NAME, " ", STUDENTS.STU_LAST_NAME) AS STU_NAME, EDUCATOR_STUDENT.RESPONSITIVTY, EDUCATOR_STUDENT.START_DATE, EDUCATOR_STUDENT.END_DATE, EDUCATOR_STUDENT.NOTES FROM EDUCATOR_STUDENT JOIN EMPLOYEES ON EMPLOYEES.EMP_ID=EDUCATOR_STUDENT.EMP_ID JOIN STUDENTS ON STUDENTS.STU_ID=EDUCATOR_STUDENT.STU_ID WHERE EDUCATOR_STUDENT.EMP_ID=2;', 'Jolie Vu', '2016-06-14 19:02:18', '10.1.31.59'),
(421, 'SELECT WEB_PAGES.PAGE_ID, WEB_PAGES.TAG_CLASS, WEB_PAGES.TYPE, WEB_PAGES.HREF, WEB_PAGES.ICON_URL, WEB_PAGES.TITLE, WEB_PAGES.STATUS FROM WEB_PAGES WHERE (WEB_PAGES.STATUS="active");', 'Jolie Vu', '2016-06-14 19:02:19', '10.1.31.59'),
(422, 'SELECT  EMPLOYEE_LOG_IOS.EMP_LOGS_ID, EMPLOYEES.EMP_FIRST_NAME, EMPLOYEES.EMP_LAST_NAME, EMPLOYEE_LOG_IOS.EVENT_TYPE, EMPLOYEE_LOG_IOS.DATE_TIME, EMPLOYEE_LOG_IOS.IP_ADDR FROM EMPLOYEE_LOG_IOS, EMPLOYEES WHERE EMPLOYEE_LOG_IOS.EMP_ID=2 AND EMPLOYEE_LOG_IOS.EMP_ID=EMPLOYEES.EMP_ID ORDER BY EMPLOYEE_LOG_IOS.DATE_TIME DESC;', 'Jolie Vu', '2016-06-14 19:02:20', '10.1.31.59'),
(423, 'SELECT WEB_PAGES.PAGE_ID, WEB_PAGES.TAG_CLASS, WEB_PAGES.TYPE, WEB_PAGES.HREF, WEB_PAGES.ICON_URL, WEB_PAGES.TITLE, WEB_PAGES.STATUS FROM WEB_PAGES WHERE (WEB_PAGES.STATUS="active");', 'Jolie Vu', '2016-06-14 19:02:21', '10.1.31.59'),
(424, 'SELECT  EM_LOG_F_ID, IP_ADDR, PASSCODE, DATE_TIME FROM EMPLOYEE_LOG_FAILURES ORDER BY DATE_TIME DESC;', 'Jolie Vu', '2016-06-14 19:02:22', '10.1.31.59'),
(425, 'SELECT WEB_PAGES.PAGE_ID, WEB_PAGES.TAG_CLASS, WEB_PAGES.TYPE, WEB_PAGES.HREF, WEB_PAGES.ICON_URL, WEB_PAGES.TITLE, WEB_PAGES.STATUS FROM WEB_PAGES WHERE (WEB_PAGES.STATUS="active");', 'Jolie Vu', '2016-06-14 19:02:24', '10.1.31.59'),
(426, 'SELECT  * FROM DB_QUERY_LOGS ORDER BY DATE_TIME DESC;', 'Jolie Vu', '2016-06-14 19:02:24', '10.1.31.59'),
(427, 'SELECT WEB_PAGES.PAGE_ID, WEB_PAGES.TAG_CLASS, WEB_PAGES.TYPE, WEB_PAGES.HREF, WEB_PAGES.ICON_URL, WEB_PAGES.TITLE, WEB_PAGES.STATUS FROM WEB_PAGES WHERE (WEB_PAGES.STATUS="active");', 'Jolie Vu', '2016-06-14 19:02:26', '10.1.31.59'),
(428, 'SELECT  * FROM ACTIVITY_TYPES ORDER BY ACT_TYPE_ID ASC;', 'Jolie Vu', '2016-06-14 19:02:27', '10.1.31.59'),
(429, 'SELECT WEB_PAGES.PAGE_ID, WEB_PAGES.TAG_CLASS, WEB_PAGES.TYPE, WEB_PAGES.HREF, WEB_PAGES.ICON_URL, WEB_PAGES.TITLE, WEB_PAGES.STATUS FROM WEB_PAGES WHERE (WEB_PAGES.STATUS="active");', 'Jolie Vu', '2016-06-14 19:02:28', '10.1.31.59'),
(430, 'SELECT  * FROM ACTIVITY_SUBTYPES ORDER BY ACT_SUBTYPE_ID ASC;', 'Jolie Vu', '2016-06-14 19:02:29', '10.1.31.59'),
(431, 'SELECT WEB_PAGES.PAGE_ID, WEB_PAGES.TAG_CLASS, WEB_PAGES.TYPE, WEB_PAGES.HREF, WEB_PAGES.ICON_URL, WEB_PAGES.TITLE, WEB_PAGES.STATUS FROM WEB_PAGES WHERE (WEB_PAGES.STATUS="active");', 'Jolie Vu', '2016-06-14 19:02:30', '10.1.31.59'),
(432, 'SELECT  * FROM EDUCATIONS ORDER BY EDU_ID ASC;', 'Jolie Vu', '2016-06-14 19:02:31', '10.1.31.59'),
(433, 'SELECT WEB_PAGES.PAGE_ID, WEB_PAGES.TAG_CLASS, WEB_PAGES.TYPE, WEB_PAGES.HREF, WEB_PAGES.ICON_URL, WEB_PAGES.TITLE, WEB_PAGES.STATUS FROM WEB_PAGES WHERE (WEB_PAGES.STATUS="active");', 'Jolie Vu', '2016-06-14 19:02:32', '10.1.31.59'),
(434, 'SELECT  * FROM POSITIONS ORDER BY POS_ID ASC;', 'Jolie Vu', '2016-06-14 19:02:33', '10.1.31.59'),
(435, 'SELECT WEB_PAGES.PAGE_ID, WEB_PAGES.TAG_CLASS, WEB_PAGES.TYPE, WEB_PAGES.HREF, WEB_PAGES.ICON_URL, WEB_PAGES.TITLE, WEB_PAGES.STATUS FROM WEB_PAGES WHERE (WEB_PAGES.STATUS="active");', 'Jolie Vu', '2016-06-14 19:02:34', '10.1.31.59'),
(436, 'INSERT INTO EMPLOYEE_LOG_IOS(EMP_ID, EVENT_TYPE, DATE_TIME, IP_ADDR) VALUES(2, "Out", NOW(), "10.1.31.59");', 'Jolie Vu', '2016-06-14 19:02:36', '10.1.31.59');

-- --------------------------------------------------------

--
-- Table structure for table `educations`
--

CREATE TABLE IF NOT EXISTS `educations` (
  `EDU_ID` int(11) NOT NULL,
  `EDU_DEGREE` varchar(50) NOT NULL
) ENGINE=InnoDB AUTO_INCREMENT=9 DEFAULT CHARSET=latin1;

--
-- Dumping data for table `educations`
--

INSERT INTO `educations` (`EDU_ID`, `EDU_DEGREE`) VALUES
(1, 'No Degree'),
(2, '3-month Attestation of Collegial Studies'),
(3, '6-month Attestation of Collegial Studies'),
(4, '1-year Attestation of Collegial Studies'),
(5, '3-year College'),
(6, '4-year University'),
(7, 'Master of Arts'),
(8, 'Doctor of Philosophy');

-- --------------------------------------------------------

--
-- Table structure for table `educator_student`
--

CREATE TABLE IF NOT EXISTS `educator_student` (
  `EDU_STU_ID` int(11) NOT NULL,
  `EMP_ID` int(11) NOT NULL,
  `STU_ID` int(11) NOT NULL,
  `RESPONSITIVTY` varchar(10) NOT NULL,
  `START_DATE` date NOT NULL,
  `END_DATE` date NOT NULL,
  `NOTES` text NOT NULL
) ENGINE=InnoDB AUTO_INCREMENT=21 DEFAULT CHARSET=latin1;

--
-- Dumping data for table `educator_student`
--

INSERT INTO `educator_student` (`EDU_STU_ID`, `EMP_ID`, `STU_ID`, `RESPONSITIVTY`, `START_DATE`, `END_DATE`, `NOTES`) VALUES
(1, 1, 1, 'Teach', '2016-06-13', '0000-00-00', ''),
(2, 1, 3, 'Teach', '2016-06-11', '0000-00-00', ''),
(3, 1, 5, 'Teach', '2016-05-02', '0000-00-00', ''),
(4, 1, 7, 'Teach', '2016-04-01', '0000-00-00', ''),
(5, 1, 9, 'Teach', '2016-04-09', '0000-00-00', ''),
(6, 1, 10, 'Teach', '2016-02-05', '0000-00-00', ''),
(7, 1, 12, 'Teach', '2016-05-20', '0000-00-00', ''),
(8, 1, 14, 'Teach', '2016-07-06', '0000-00-00', ''),
(9, 1, 16, 'Teach', '2016-04-03', '0000-00-00', ''),
(10, 1, 18, 'Teach', '2016-07-30', '0000-00-00', ''),
(11, 1, 20, 'Teach', '2015-04-19', '0000-00-00', ''),
(12, 2, 2, 'Teach', '2014-05-19', '0000-00-00', ''),
(13, 2, 4, 'Teach', '2014-05-31', '0000-00-00', ''),
(14, 2, 6, 'Teach', '2015-05-06', '0000-00-00', ''),
(15, 2, 8, 'Teach', '2015-05-30', '0000-00-00', ''),
(16, 2, 11, 'Teach', '2015-07-24', '0000-00-00', ''),
(17, 2, 13, 'Teach', '2016-09-25', '0000-00-00', ''),
(18, 2, 15, 'Teach', '2013-09-04', '0000-00-00', ''),
(19, 2, 17, 'Teach', '2015-12-31', '0000-00-00', ''),
(20, 2, 19, 'Teach', '2014-07-06', '0000-00-00', '');

-- --------------------------------------------------------

--
-- Table structure for table `employees`
--

CREATE TABLE IF NOT EXISTS `employees` (
  `EMP_ID` int(11) NOT NULL,
  `EMP_FIRST_NAME` varchar(50) NOT NULL,
  `EMP_LAST_NAME` varchar(25) NOT NULL,
  `EMP_BIRTHDATE` date NOT NULL,
  `EMP_SEX` varchar(1) NOT NULL,
  `EMP_ADDRESS` varchar(50) NOT NULL,
  `EMP_CITY` varchar(20) NOT NULL,
  `EMP_PROVINCE` varchar(20) NOT NULL,
  `EMP_POSTAL_CODE` varchar(10) NOT NULL,
  `EMP_COUNTRY` varchar(20) NOT NULL,
  `EMP_PHONE1` varchar(15) NOT NULL,
  `EMP_PHONE2` varchar(15) DEFAULT NULL,
  `EMP_EMAIL` varchar(50) NOT NULL,
  `EMP_HIRE_DATE` date NOT NULL,
  `EMP_END_DATE` date NOT NULL,
  `EMP_EDU_ID` int(11) NOT NULL,
  `EDU_DAYCARE_EXPERIENCE` tinyint(11) NOT NULL,
  `EDU_MONTESSORI_EXPERIENCE` tinyint(11) NOT NULL,
  `EMP_POST_ID1` int(11) NOT NULL,
  `EMP_POST_ID2` int(11) DEFAULT NULL,
  `EMP_BOSS_ID` int(11) DEFAULT NULL,
  `EMP_HOURLY_RATE` float NOT NULL,
  `EMP_PASSCODE` varchar(10) NOT NULL,
  `EMP_NOTES` text
) ENGINE=InnoDB AUTO_INCREMENT=3 DEFAULT CHARSET=latin1;

--
-- Dumping data for table `employees`
--

INSERT INTO `employees` (`EMP_ID`, `EMP_FIRST_NAME`, `EMP_LAST_NAME`, `EMP_BIRTHDATE`, `EMP_SEX`, `EMP_ADDRESS`, `EMP_CITY`, `EMP_PROVINCE`, `EMP_POSTAL_CODE`, `EMP_COUNTRY`, `EMP_PHONE1`, `EMP_PHONE2`, `EMP_EMAIL`, `EMP_HIRE_DATE`, `EMP_END_DATE`, `EMP_EDU_ID`, `EDU_DAYCARE_EXPERIENCE`, `EDU_MONTESSORI_EXPERIENCE`, `EMP_POST_ID1`, `EMP_POST_ID2`, `EMP_BOSS_ID`, `EMP_HOURLY_RATE`, `EMP_PASSCODE`, `EMP_NOTES`) VALUES
(1, 'Raphaelle', 'Philippe', '1973-06-08', 'F', '1887 Ch. du Tremblay #100', 'Longueuil', 'QC', 'J4N 1A4', 'Canada', ' 450-332-7255', NULL, 'raphaelle.philippe@gmail.com', '2009-06-19', '0000-00-00', 6, 7, 7, 1, 3, NULL, 35.75, '1887', 'The owner of the school'),
(2, 'Jolie', 'Vu', '1982-10-10', 'F', '7381 Av. Rehaume', 'Montreal', 'QC', 'H1K 2S6 ', 'Canada', '514-649-6731', NULL, 'jolie.vu@yahoo.com', '2013-07-04', '0000-00-00', 4, 5, 5, 4, NULL, 1, 15.5, '8772', NULL);

-- --------------------------------------------------------

--
-- Table structure for table `employee_attendances`
--

CREATE TABLE IF NOT EXISTS `employee_attendances` (
  `EMP_ATT_ID` int(11) NOT NULL,
  `EMP_ID` int(11) NOT NULL,
  `EVENT_TYPE` varchar(5) NOT NULL,
  `DATE_TIME` datetime NOT NULL,
  `IP_ADDR` varchar(50) NOT NULL,
  `NOTES` text NOT NULL
) ENGINE=InnoDB AUTO_INCREMENT=89 DEFAULT CHARSET=latin1;

--
-- Dumping data for table `employee_attendances`
--

INSERT INTO `employee_attendances` (`EMP_ATT_ID`, `EMP_ID`, `EVENT_TYPE`, `DATE_TIME`, `IP_ADDR`, `NOTES`) VALUES
(1, 2, 'In', '2016-06-09 21:19:27', '::1', ''),
(2, 2, 'In', '2016-06-09 21:21:06', '::1', ''),
(3, 1, 'In', '2016-06-09 21:21:27', '10.1.31.65', ''),
(4, 2, 'In', '2016-06-09 21:23:08', '::1', ''),
(5, 2, 'Out', '2016-06-09 21:33:13', '::1', ''),
(6, 1, 'In', '2016-06-09 21:33:35', '10.1.31.65', ''),
(7, 1, 'Out', '2016-06-09 21:33:36', '10.1.31.65', ''),
(8, 1, 'In', '2016-06-09 21:33:38', '10.1.31.65', ''),
(9, 1, 'Out', '2016-06-09 21:33:38', '10.1.31.65', ''),
(10, 1, 'In', '2016-06-09 21:33:39', '10.1.31.65', ''),
(11, 1, 'Out', '2016-06-09 21:33:39', '10.1.31.65', ''),
(12, 2, 'In', '2016-06-10 10:03:54', '::1', ''),
(13, 1, 'In', '2016-06-10 11:06:05', '::1', ''),
(14, 1, 'Out', '2016-06-10 11:09:55', '::1', ''),
(15, 2, 'In', '2016-06-10 11:56:29', '::1', ''),
(16, 2, 'In', '2016-06-10 11:56:58', '::1', ''),
(17, 2, 'In', '2016-06-10 11:58:39', '::1', ''),
(18, 2, 'In', '2016-06-10 12:00:09', '::1', ''),
(19, 2, 'In', '2016-06-10 12:02:51', '::1', ''),
(20, 2, 'In', '2016-06-10 12:03:20', '::1', ''),
(21, 2, 'Out', '2016-06-10 12:14:25', '::1', ''),
(22, 2, 'In', '2016-06-10 12:18:54', '::1', ''),
(23, 2, 'Out', '2016-06-10 12:18:57', '::1', ''),
(24, 2, 'In', '2016-06-10 12:26:39', '::1', ''),
(25, 2, 'In', '2016-06-10 12:27:11', '::1', ''),
(26, 2, 'In', '2016-06-10 12:27:56', '::1', ''),
(27, 2, 'Out', '2016-06-10 12:28:01', '::1', ''),
(28, 2, 'Out', '2016-06-10 12:28:27', '::1', ''),
(29, 2, 'In', '2016-06-10 12:41:46', '::1', ''),
(30, 2, 'In', '2016-06-10 12:42:20', '::1', ''),
(31, 2, 'Out', '2016-06-10 12:42:26', '::1', ''),
(32, 2, 'In', '2016-06-10 12:50:27', '::1', ''),
(33, 2, 'Out', '2016-06-10 12:50:38', '::1', ''),
(34, 2, 'In', '2016-06-10 13:04:58', '::1', ''),
(35, 2, 'In', '2016-06-10 13:06:57', '::1', ''),
(36, 2, 'In', '2016-06-10 13:12:38', '::1', ''),
(37, 2, 'In', '2016-06-10 13:16:12', '::1', ''),
(38, 2, 'In', '2016-06-10 13:16:59', '::1', ''),
(39, 2, 'Out', '2016-06-10 13:19:35', '::1', ''),
(40, 2, 'In', '2016-06-10 13:35:26', '::1', ''),
(41, 2, 'Out', '2016-06-10 13:35:31', '::1', ''),
(42, 2, 'Out', '2016-06-10 13:37:13', '::1', ''),
(43, 1, 'In', '2016-06-10 13:39:52', '::1', ''),
(44, 1, 'Out', '2016-06-10 13:39:55', '::1', ''),
(45, 2, 'In', '2016-06-10 17:25:05', '::1', ''),
(46, 2, 'Out', '2016-06-10 17:25:19', '::1', ''),
(47, 2, 'In', '2016-06-10 17:45:01', '::1', ''),
(48, 2, 'Out', '2016-06-10 17:46:06', '::1', ''),
(49, 2, 'In', '2016-06-10 17:51:40', '::1', ''),
(50, 2, 'Out', '2016-06-10 17:51:44', '::1', ''),
(51, 2, 'In', '2016-06-10 17:56:01', '::1', ''),
(52, 2, 'Out', '2016-06-10 17:56:14', '::1', ''),
(53, 1, 'In', '2016-06-10 18:22:42', '::1', ''),
(54, 2, 'In', '2016-06-10 22:45:30', '192.168.1.68', ''),
(55, 2, 'Out', '2016-06-10 22:46:06', '192.168.1.68', ''),
(56, 2, 'In', '2016-06-10 22:48:50', '192.168.1.68', ''),
(57, 2, 'In', '2016-06-10 22:49:04', '192.168.1.68', ''),
(58, 2, 'In', '2016-06-10 23:17:14', '192.168.1.69', ''),
(59, 2, 'Out', '2016-06-10 23:17:19', '192.168.1.69', ''),
(60, 1, 'In', '2016-06-10 23:19:55', '192.168.1.69', ''),
(61, 2, 'In', '2016-06-10 23:25:18', '192.168.1.68', ''),
(62, 1, 'In', '2016-06-13 10:26:27', '::1', ''),
(63, 2, 'In', '2016-06-13 11:20:20', '192.168.0.42', ''),
(64, 2, 'Out', '2016-06-13 11:20:24', '192.168.0.42', ''),
(65, 1, 'In', '2016-06-13 13:03:11', '10.1.31.59', ''),
(66, 1, 'In', '2016-06-13 14:03:19', '10.1.31.59', ''),
(67, 1, 'Out', '2016-06-13 14:03:56', '10.1.31.59', ''),
(68, 1, 'Out', '2016-06-13 14:04:15', '10.1.31.59', ''),
(69, 2, 'In', '2016-06-13 14:23:16', '10.1.31.59', ''),
(70, 2, 'Out', '2016-06-13 14:23:28', '10.1.31.59', ''),
(71, 2, 'In', '2016-06-13 15:01:42', '10.1.31.59', ''),
(72, 2, 'Out', '2016-06-13 15:01:44', '10.1.31.59', ''),
(73, 1, 'Out', '2016-06-13 17:16:42', '10.1.31.59', ''),
(74, 2, 'In', '2016-06-13 18:08:18', '10.1.31.59', ''),
(75, 2, 'Out', '2016-06-13 18:08:21', '10.1.31.59', ''),
(76, 2, 'In', '2016-06-13 22:31:03', '192.168.1.68', ''),
(77, 2, 'Out', '2016-06-14 02:05:58', '192.168.1.68', ''),
(78, 1, 'In', '2016-06-14 10:29:36', '192.168.0.42', ''),
(79, 1, 'Out', '2016-06-14 10:29:39', '192.168.0.42', ''),
(80, 2, 'In', '2016-06-14 15:17:56', '10.1.31.59', ''),
(81, 2, 'Out', '2016-06-14 15:17:59', '10.1.31.59', ''),
(82, 1, 'In', '2016-06-14 17:03:02', '10.1.31.59', ''),
(83, 2, 'In', '2016-06-14 17:58:38', '10.1.31.59', ''),
(84, 2, 'Out', '2016-06-14 17:58:43', '10.1.31.59', ''),
(85, 2, 'In', '2016-06-14 18:36:16', '10.1.31.59', ''),
(86, 2, 'Out', '2016-06-14 18:36:23', '10.1.31.59', ''),
(87, 2, 'In', '2016-06-14 19:01:44', '10.1.31.59', ''),
(88, 2, 'Out', '2016-06-14 19:01:46', '10.1.31.59', '');

-- --------------------------------------------------------

--
-- Table structure for table `employee_log_failures`
--

CREATE TABLE IF NOT EXISTS `employee_log_failures` (
  `EM_LOG_F_ID` int(11) NOT NULL,
  `IP_ADDR` varchar(50) NOT NULL,
  `PASSCODE` varchar(50) NOT NULL,
  `DATE_TIME` datetime NOT NULL
) ENGINE=InnoDB AUTO_INCREMENT=106 DEFAULT CHARSET=latin1;

--
-- Dumping data for table `employee_log_failures`
--

INSERT INTO `employee_log_failures` (`EM_LOG_F_ID`, `IP_ADDR`, `PASSCODE`, `DATE_TIME`) VALUES
(41, '::1', '11', '2016-06-10 12:37:36'),
(42, '::1', '12', '2016-06-10 12:37:46'),
(43, '::1', '13', '2016-06-10 12:37:54'),
(44, '::1', '14', '2016-06-10 12:38:05'),
(45, '::1', '15', '2016-06-10 12:38:13'),
(46, '::1', '16', '2016-06-10 12:39:08'),
(47, '::1', '17', '2016-06-10 12:39:11'),
(48, '::1', '18', '2016-06-10 12:39:13'),
(49, '::1', '19', '2016-06-10 12:39:15'),
(50, '::1', '20', '2016-06-10 12:39:17'),
(51, '::1', '21', '2016-06-10 12:39:20'),
(52, '::1', '22', '2016-06-10 12:39:22'),
(53, '::1', '23', '2016-06-10 12:39:25'),
(54, '::1', '78', '2016-06-10 12:40:42'),
(55, '::1', '12', '2016-06-10 12:43:26'),
(56, '::1', '25', '2016-06-10 12:44:54'),
(57, '::1', '12', '2016-06-10 12:45:09'),
(58, '::1', '', '2016-06-10 12:45:12'),
(59, '::1', '62', '2016-06-10 12:45:16'),
(60, '::1', '32', '2016-06-10 12:45:18'),
(61, '::1', '21', '2016-06-10 12:45:34'),
(62, '::1', '65', '2016-06-10 12:45:37'),
(63, '::1', '98', '2016-06-10 12:45:38'),
(64, '::1', '80', '2016-06-10 12:45:41'),
(65, '::1', '45', '2016-06-10 12:45:43'),
(66, '::1', '39', '2016-06-10 12:45:47'),
(67, '::1', '78', '2016-06-10 12:45:50'),
(68, '::1', '08', '2016-06-10 12:45:52'),
(69, '::1', '5880', '2016-06-10 12:45:54'),
(70, '::1', '21', '2016-06-10 12:46:14'),
(71, '::1', '25', '2016-06-10 12:47:42'),
(72, '::1', '12', '2016-06-10 12:49:26'),
(73, '::1', '12', '2016-06-10 12:50:04'),
(74, '::1', '45', '2016-06-10 13:18:29'),
(75, '::1', '632', '2016-06-10 13:19:12'),
(76, '::1', '65', '2016-06-10 13:24:54'),
(77, '::1', '21', '2016-06-10 13:35:05'),
(78, '::1', '985', '2016-06-10 13:35:08'),
(79, '::1', '123456', '2016-06-10 14:11:06'),
(80, '::1', '5623', '2016-06-10 17:51:17'),
(81, '::1', '3254', '2016-06-10 17:51:26'),
(82, '192.168.1.68', '569', '2016-06-10 22:22:25'),
(83, '192.168.1.68', '6598', '2016-06-10 22:40:29'),
(84, '192.168.1.68', '25896554', '2016-06-10 22:45:03'),
(85, '192.168.1.68', '562566', '2016-06-10 22:45:07'),
(86, '192.168.1.68', '5365125', '2016-06-10 22:48:30'),
(87, '192.168.1.68', '1872', '2016-06-10 22:49:27'),
(88, '::1', '78', '2016-06-13 10:55:31'),
(89, '::1', '', '2016-06-13 10:55:31'),
(90, '192.168.0.42', '6', '2016-06-13 11:19:40'),
(91, '192.168.0.42', '65', '2016-06-13 11:19:43'),
(92, 'localhost/unknown', '655', '2016-06-13 11:30:15'),
(93, 'localhost/unknown', '96589', '2016-06-13 11:30:17'),
(94, '10.1.31.59', '566546', '2016-06-13 13:08:55'),
(95, '10.1.31.59', '652365', '2016-06-13 13:08:57'),
(96, '10.1.31.59', '8569', '2016-06-13 13:54:15'),
(97, '10.1.31.59', '4587', '2016-06-13 13:54:18'),
(98, '10.1.31.59', '998566', '2016-06-13 13:58:32'),
(99, '10.1.31.59', '5236', '2016-06-13 14:07:00'),
(100, '10.1.31.59', '854', '2016-06-13 14:07:01'),
(101, '192.168.1.68', '872', '2016-06-14 00:08:02'),
(102, '10.1.31.59', '2365', '2016-06-14 18:35:21'),
(103, '10.1.31.59', '6632', '2016-06-14 18:35:23'),
(104, '10.1.31.59', '6589', '2016-06-14 18:35:25'),
(105, '10.1.31.59', '877', '2016-06-14 18:51:27');

-- --------------------------------------------------------

--
-- Table structure for table `employee_log_ios`
--

CREATE TABLE IF NOT EXISTS `employee_log_ios` (
  `EMP_LOGS_ID` int(11) NOT NULL,
  `EMP_ID` int(11) NOT NULL,
  `EVENT_TYPE` varchar(3) NOT NULL,
  `DATE_TIME` datetime NOT NULL,
  `IP_ADDR` varchar(50) NOT NULL
) ENGINE=InnoDB AUTO_INCREMENT=255 DEFAULT CHARSET=latin1;

--
-- Dumping data for table `employee_log_ios`
--

INSERT INTO `employee_log_ios` (`EMP_LOGS_ID`, `EMP_ID`, `EVENT_TYPE`, `DATE_TIME`, `IP_ADDR`) VALUES
(1, 1, 'In', '2016-06-01 07:00:00', ''),
(2, 1, 'Out', '2016-06-01 07:15:00', ''),
(3, 1, 'In', '2016-06-01 09:17:00', ''),
(4, 1, 'Out', '2016-06-01 09:49:00', ''),
(5, 2, 'In', '2016-06-01 08:30:00', ''),
(6, 2, 'Out', '2016-06-01 08:31:00', ''),
(7, 2, 'In', '2016-06-01 14:23:15', ''),
(8, 2, 'Out', '2016-06-01 14:31:45', ''),
(9, 2, 'In', '2016-06-09 19:32:55', ''),
(10, 1, 'In', '2016-06-09 19:33:54', ''),
(11, 2, 'In', '2016-06-09 19:42:32', ''),
(12, 2, 'Out', '2016-06-09 19:42:39', ''),
(13, 2, 'In', '2016-06-09 19:42:52', ''),
(14, 2, 'Out', '2016-06-09 19:45:54', ''),
(15, 1, 'In', '2016-06-09 19:45:59', ''),
(16, 1, 'Out', '2016-06-09 19:46:10', ''),
(17, 1, 'In', '2016-06-09 19:46:14', ''),
(18, 1, 'Out', '2016-06-09 19:46:21', ''),
(19, 2, 'In', '2016-06-09 19:46:25', ''),
(20, 2, 'Out', '2016-06-09 19:46:31', ''),
(21, 2, 'In', '2016-06-09 20:06:34', ''),
(22, 2, 'Out', '2016-06-09 20:07:40', ''),
(23, 2, 'In', '2016-06-09 20:07:44', ''),
(24, 1, 'In', '2016-06-09 20:08:19', ''),
(25, 1, 'Out', '2016-06-09 20:10:15', ''),
(26, 2, 'Out', '2016-06-09 20:12:29', ''),
(27, 2, 'In', '2016-06-09 20:20:47', ''),
(28, 2, 'Out', '2016-06-09 20:25:47', '::1'),
(29, 2, 'In', '2016-06-09 20:25:51', '::1'),
(30, 2, 'Out', '2016-06-09 20:27:45', '::1'),
(31, 2, 'In', '2016-06-09 20:27:59', '::1'),
(32, 2, 'Out', '2016-06-09 20:33:46', '::1'),
(33, 1, 'In', '2016-06-09 20:33:56', '::1'),
(34, 1, 'In', '2016-06-09 20:34:56', '::1'),
(35, 1, 'Out', '2016-06-09 20:35:46', '::1'),
(36, 1, 'In', '2016-06-09 20:35:50', '::1'),
(37, 2, 'Out', '2016-06-09 20:37:07', '10.1.31.65'),
(38, 1, 'In', '2016-06-09 20:37:23', '10.1.31.65'),
(39, 1, 'Out', '2016-06-09 20:38:19', '::1'),
(40, 1, 'In', '2016-06-09 20:38:25', '::1'),
(41, 1, 'Out', '2016-06-09 20:38:40', '10.1.31.65'),
(42, 1, 'Out', '2016-06-09 20:42:07', '::1'),
(43, 1, 'In', '2016-06-09 20:42:10', '::1'),
(44, 1, 'Out', '2016-06-09 20:42:12', '::1'),
(45, 1, 'In', '2016-06-09 20:42:15', '::1'),
(46, 1, 'Out', '2016-06-09 20:42:56', '::1'),
(47, 2, 'In', '2016-06-09 20:43:16', '::1'),
(48, 2, 'Out', '2016-06-09 21:15:35', '::1'),
(49, 2, 'In', '2016-06-09 21:15:39', '::1'),
(50, 2, 'In', '2016-06-09 21:16:12', '::1'),
(51, 2, 'Out', '2016-06-09 21:16:50', '::1'),
(52, 2, 'In', '2016-06-09 21:17:21', '::1'),
(53, 2, 'Out', '2016-06-09 21:18:13', '::1'),
(54, 2, 'In', '2016-06-09 21:18:15', '::1'),
(55, 2, 'Out', '2016-06-09 21:18:54', '::1'),
(56, 2, 'In', '2016-06-09 21:18:57', '::1'),
(57, 1, 'In', '2016-06-09 21:21:24', '10.1.31.65'),
(58, 2, 'Out', '2016-06-09 21:23:53', '::1'),
(59, 2, 'In', '2016-06-09 21:23:57', '::1'),
(60, 1, 'Out', '2016-06-09 21:35:52', '10.1.31.65'),
(61, 2, 'In', '2016-06-10 10:03:20', '::1'),
(62, 2, 'In', '2016-06-10 10:34:25', '::1'),
(63, 2, 'Out', '2016-06-10 10:34:34', '::1'),
(64, 1, 'In', '2016-06-10 10:37:07', '::1'),
(65, 2, 'In', '2016-06-10 11:33:40', '::1'),
(66, 2, 'Out', '2016-06-10 11:44:03', '::1'),
(67, 2, 'In', '2016-06-10 11:44:07', '::1'),
(68, 2, 'In', '2016-06-10 12:00:07', '::1'),
(69, 2, 'Out', '2016-06-10 12:29:45', '::1'),
(70, 2, 'In', '2016-06-10 12:40:45', '::1'),
(71, 2, 'Out', '2016-06-10 12:43:26', '::1'),
(72, 2, 'In', '2016-06-10 12:50:20', '::1'),
(73, 2, 'Out', '2016-06-10 13:18:08', '::1'),
(74, 2, 'In', '2016-06-10 13:19:19', '::1'),
(75, 2, 'Out', '2016-06-10 13:21:19', '::1'),
(76, 2, 'In', '2016-06-10 13:21:29', '::1'),
(77, 2, 'Out', '2016-06-10 13:21:33', '::1'),
(78, 2, 'In', '2016-06-10 13:21:52', '::1'),
(79, 2, 'Out', '2016-06-10 13:22:24', '::1'),
(80, 1, 'In', '2016-06-10 13:22:44', '::1'),
(81, 1, 'Out', '2016-06-10 13:22:47', '::1'),
(82, 2, 'In', '2016-06-10 13:22:56', '::1'),
(83, 2, 'Out', '2016-06-10 13:24:51', '::1'),
(84, 2, 'In', '2016-06-10 13:25:05', '::1'),
(85, 2, 'Out', '2016-06-10 13:26:14', '::1'),
(86, 1, 'In', '2016-06-10 13:33:48', '::1'),
(87, 1, 'Out', '2016-06-10 13:35:05', '::1'),
(88, 2, 'In', '2016-06-10 13:35:16', '::1'),
(89, 2, 'Out', '2016-06-10 13:36:39', '::1'),
(90, 2, 'In', '2016-06-10 13:37:11', '::1'),
(91, 2, 'In', '2016-06-10 13:39:44', '::1'),
(92, 1, 'In', '2016-06-10 13:39:49', '::1'),
(93, 1, 'Out', '2016-06-10 14:11:01', '::1'),
(94, 2, 'In', '2016-06-10 14:11:09', '::1'),
(95, 2, 'Out', '2016-06-10 17:48:23', '::1'),
(96, 2, 'In', '2016-06-10 17:48:30', '::1'),
(97, 2, 'Out', '2016-06-10 17:50:23', '::1'),
(98, 1, 'In', '2016-06-10 17:50:30', '::1'),
(99, 1, 'Out', '2016-06-10 17:51:12', '::1'),
(100, 2, 'In', '2016-06-10 17:51:36', '::1'),
(101, 2, 'Out', '2016-06-10 18:20:16', '::1'),
(102, 2, 'In', '2016-06-10 18:21:48', '::1'),
(103, 2, 'Out', '2016-06-10 18:22:07', '::1'),
(104, 1, 'In', '2016-06-10 18:22:13', '::1'),
(105, 2, 'In', '2016-06-10 21:54:20', '::1'),
(106, 2, 'Out', '2016-06-10 21:55:52', '::1'),
(107, 2, 'In', '2016-06-10 21:55:58', '::1'),
(108, 2, 'Out', '2016-06-10 22:10:39', '::1'),
(109, 1, 'In', '2016-06-10 22:10:49', '::1'),
(110, 1, 'Out', '2016-06-10 22:21:45', '::1'),
(111, 1, 'In', '2016-06-10 22:21:49', '::1'),
(112, 2, 'In', '2016-06-10 22:22:29', '192.168.1.68'),
(113, 2, 'Out', '2016-06-10 22:40:26', '192.168.1.68'),
(114, 1, 'In', '2016-06-10 22:40:34', '192.168.1.68'),
(115, 1, 'Out', '2016-06-10 22:44:53', '192.168.1.68'),
(116, 2, 'In', '2016-06-10 22:45:16', '192.168.1.68'),
(117, 2, 'Out', '2016-06-10 22:47:25', '192.168.1.68'),
(118, 1, 'In', '2016-06-10 22:47:38', '192.168.1.68'),
(119, 1, 'Out', '2016-06-10 22:48:16', '192.168.1.68'),
(120, 2, 'In', '2016-06-10 22:48:38', '192.168.1.68'),
(121, 2, 'Out', '2016-06-10 22:48:56', '192.168.1.68'),
(122, 2, 'In', '2016-06-10 22:49:02', '192.168.1.68'),
(123, 2, 'Out', '2016-06-10 22:49:08', '192.168.1.68'),
(124, 1, 'In', '2016-06-10 22:49:34', '192.168.1.68'),
(125, 2, 'In', '2016-06-10 22:50:43', '192.168.1.68'),
(126, 2, 'Out', '2016-06-10 23:14:23', '192.168.1.68'),
(127, 2, 'In', '2016-06-10 23:14:27', '192.168.1.68'),
(128, 2, 'In', '2016-06-10 23:15:46', '192.168.1.69'),
(129, 2, 'Out', '2016-06-10 23:18:19', '192.168.1.69'),
(130, 1, 'In', '2016-06-10 23:18:49', '192.168.1.69'),
(131, 1, 'Out', '2016-06-10 23:19:22', '192.168.1.69'),
(132, 1, 'In', '2016-06-10 23:19:44', '192.168.1.69'),
(133, 1, 'Out', '2016-06-10 23:22:04', '192.168.1.69'),
(134, 2, 'In', '2016-06-10 23:22:39', '192.168.1.69'),
(135, 2, 'Out', '2016-06-13 09:26:39', '::1'),
(136, 1, 'In', '2016-06-13 09:26:45', '::1'),
(137, 1, 'Out', '2016-06-13 10:29:40', '::1'),
(138, 2, 'In', '2016-06-13 10:29:46', '::1'),
(139, 1, 'In', '2016-06-13 10:55:35', '::1'),
(140, 2, 'In', '2016-06-13 10:57:41', '::1'),
(141, 2, 'In', '2016-06-13 10:58:36', '192.168.0.42'),
(142, 2, 'Out', '2016-06-13 11:03:09', '192.168.0.42'),
(143, 2, 'In', '2016-06-13 11:03:13', '192.168.0.42'),
(144, 2, 'Out', '2016-06-13 11:03:35', '192.168.0.42'),
(145, 2, 'In', '2016-06-13 11:03:44', '192.168.0.42'),
(146, 2, 'Out', '2016-06-13 11:06:11', '192.168.0.42'),
(147, 2, 'In', '2016-06-13 11:06:15', '192.168.0.42'),
(148, 2, 'Out', '2016-06-13 11:07:48', '192.168.0.42'),
(149, 2, 'In', '2016-06-13 11:09:18', '192.168.0.42'),
(150, 2, 'Out', '2016-06-13 11:11:44', '192.168.0.42'),
(151, 1, 'In', '2016-06-13 11:12:54', '192.168.0.42'),
(152, 2, 'In', '2016-06-13 11:13:54', '192.168.0.42'),
(153, 2, 'Out', '2016-06-13 11:19:37', '192.168.0.42'),
(154, 2, 'In', '2016-06-13 11:19:46', '192.168.0.42'),
(155, 2, 'Out', '2016-06-13 11:25:23', 'localhost/unknown'),
(156, 2, 'In', '2016-06-13 11:25:28', 'localhost/unknown'),
(157, 1, 'In', '2016-06-13 11:26:52', 'localhost/unknown'),
(158, 1, 'Out', '2016-06-13 11:28:00', 'localhost/unknown'),
(159, 2, 'In', '2016-06-13 11:28:05', 'localhost/unknown'),
(160, 2, 'Out', '2016-06-13 11:29:15', 'localhost/unknown'),
(161, 1, 'In', '2016-06-13 11:29:20', 'localhost/unknown'),
(162, 1, 'Out', '2016-06-13 11:29:53', 'localhost/unknown'),
(163, 2, 'In', '2016-06-13 11:29:57', 'localhost/unknown'),
(164, 2, 'Out', '2016-06-13 11:30:13', 'localhost/unknown'),
(165, 2, 'In', '2016-06-13 11:30:20', 'localhost/unknown'),
(166, 2, 'Out', '2016-06-13 11:30:51', '192.168.0.42'),
(167, 2, 'In', '2016-06-13 11:30:55', '192.168.0.42'),
(168, 2, 'In', '2016-06-13 12:48:56', '10.1.31.59'),
(169, 2, 'Out', '2016-06-13 12:49:00', '10.1.31.59'),
(170, 1, 'In', '2016-06-13 12:49:20', '10.1.31.59'),
(171, 1, 'Out', '2016-06-13 13:04:48', '10.1.31.59'),
(172, 2, 'In', '2016-06-13 13:07:37', '10.1.31.59'),
(173, 2, 'Out', '2016-06-13 13:07:40', '10.1.31.59'),
(174, 2, 'In', '2016-06-13 13:07:48', '10.1.31.59'),
(175, 2, 'Out', '2016-06-13 13:08:51', '10.1.31.59'),
(176, 2, 'In', '2016-06-13 13:09:03', '10.1.31.59'),
(177, 2, 'In', '2016-06-13 13:15:59', '10.1.31.65'),
(178, 2, 'Out', '2016-06-13 13:29:21', '10.1.31.59'),
(179, 2, 'In', '2016-06-13 13:29:25', '10.1.31.59'),
(180, 2, 'Out', '2016-06-13 13:29:29', '10.1.31.59'),
(181, 1, 'In', '2016-06-13 13:39:14', '10.1.31.59'),
(182, 1, 'Out', '2016-06-13 13:46:44', '10.1.31.59'),
(183, 2, 'In', '2016-06-13 13:46:50', '10.1.31.59'),
(184, 2, 'Out', '2016-06-13 13:54:00', '10.1.31.59'),
(185, 2, 'In', '2016-06-13 13:54:21', '10.1.31.59'),
(186, 2, 'Out', '2016-06-13 13:56:15', '10.1.31.59'),
(187, 1, 'In', '2016-06-13 13:56:30', '10.1.31.59'),
(188, 1, 'Out', '2016-06-13 13:57:08', '10.1.31.59'),
(189, 1, 'In', '2016-06-13 14:00:01', '10.1.31.59'),
(190, 1, 'Out', '2016-06-13 14:06:21', '10.1.31.59'),
(191, 1, 'In', '2016-06-13 14:06:52', '10.1.31.59'),
(192, 1, 'Out', '2016-06-13 14:06:57', '10.1.31.59'),
(193, 2, 'In', '2016-06-13 14:07:05', '10.1.31.59'),
(194, 2, 'Out', '2016-06-13 14:25:26', '10.1.31.59'),
(195, 2, 'In', '2016-06-13 14:28:31', '10.1.31.59'),
(196, 2, 'Out', '2016-06-13 15:03:07', '10.1.31.59'),
(197, 1, 'In', '2016-06-13 15:06:41', '10.1.31.59'),
(198, 1, 'Out', '2016-06-13 16:09:36', '10.1.31.59'),
(199, 2, 'In', '2016-06-13 16:09:39', '10.1.31.59'),
(200, 2, 'In', '2016-06-13 16:18:41', '10.1.31.59'),
(201, 2, 'Out', '2016-06-13 16:21:17', '10.1.31.59'),
(202, 2, 'In', '2016-06-13 16:21:23', '10.1.31.59'),
(203, 2, 'Out', '2016-06-13 16:31:33', '10.1.31.59'),
(204, 2, 'In', '2016-06-13 16:31:36', '10.1.31.59'),
(205, 2, 'Out', '2016-06-13 17:01:52', '10.1.31.59'),
(206, 1, 'In', '2016-06-13 17:01:56', '10.1.31.59'),
(207, 2, 'In', '2016-06-13 18:03:00', '10.1.31.59'),
(208, 2, 'Out', '2016-06-13 18:11:08', '10.1.31.59'),
(209, 1, 'In', '2016-06-13 18:11:12', '10.1.31.59'),
(210, 2, 'In', '2016-06-13 22:30:20', '192.168.1.68'),
(211, 2, 'Out', '2016-06-13 22:51:58', '192.168.1.68'),
(212, 1, 'In', '2016-06-13 22:52:02', '192.168.1.68'),
(213, 1, 'Out', '2016-06-14 00:07:58', '192.168.1.68'),
(214, 2, 'In', '2016-06-14 00:08:06', '192.168.1.68'),
(215, 2, 'Out', '2016-06-14 09:59:14', '192.168.0.42'),
(216, 1, 'In', '2016-06-14 09:59:17', '192.168.0.42'),
(217, 1, 'Out', '2016-06-14 10:22:10', '192.168.0.42'),
(218, 2, 'In', '2016-06-14 10:22:13', '192.168.0.42'),
(219, 2, 'Out', '2016-06-14 10:22:41', '192.168.0.42'),
(220, 1, 'In', '2016-06-14 10:22:46', '192.168.0.42'),
(221, 1, 'Out', '2016-06-14 10:27:46', '192.168.0.42'),
(222, 2, 'In', '2016-06-14 10:27:49', '192.168.0.42'),
(223, 2, 'Out', '2016-06-14 10:28:20', '192.168.0.42'),
(224, 1, 'In', '2016-06-14 10:28:24', '192.168.0.42'),
(225, 2, 'In', '2016-06-14 13:05:14', '10.1.31.59'),
(226, 2, 'In', '2016-06-14 13:26:37', '10.1.31.59'),
(227, 2, 'Out', '2016-06-14 14:37:15', '10.1.31.59'),
(228, 1, 'In', '2016-06-14 14:37:20', '10.1.31.59'),
(229, 1, 'Out', '2016-06-14 14:37:39', '10.1.31.59'),
(230, 2, 'In', '2016-06-14 14:37:42', '10.1.31.59'),
(231, 2, 'Out', '2016-06-14 16:36:15', '10.1.31.59'),
(232, 1, 'In', '2016-06-14 16:36:19', '10.1.31.59'),
(233, 1, 'Out', '2016-06-14 17:57:32', '10.1.31.59'),
(234, 2, 'In', '2016-06-14 17:57:36', '10.1.31.59'),
(235, 2, 'Out', '2016-06-14 18:31:08', '10.1.31.59'),
(236, 1, 'In', '2016-06-14 18:31:11', '10.1.31.59'),
(237, 1, 'Out', '2016-06-14 18:32:33', '10.1.31.59'),
(238, 2, 'In', '2016-06-14 18:32:35', '10.1.31.59'),
(239, 2, 'Out', '2016-06-14 18:33:13', '10.1.31.59'),
(240, 1, 'In', '2016-06-14 18:33:17', '10.1.31.59'),
(241, 1, 'Out', '2016-06-14 18:35:16', '10.1.31.59'),
(242, 2, 'In', '2016-06-14 18:35:28', '10.1.31.59'),
(243, 2, 'Out', '2016-06-14 18:39:56', '10.1.31.59'),
(244, 2, 'In', '2016-06-14 18:39:59', '10.1.31.59'),
(245, 2, 'In', '2016-06-14 18:42:02', '10.1.31.59'),
(246, 2, 'In', '2016-06-14 18:46:23', '10.1.31.59'),
(247, 2, 'Out', '2016-06-14 18:49:43', '10.1.31.59'),
(248, 2, 'In', '2016-06-14 18:49:47', '10.1.31.59'),
(249, 2, 'In', '2016-06-14 18:51:30', '10.1.31.59'),
(250, 2, 'Out', '2016-06-14 18:57:33', '10.1.31.59'),
(251, 1, 'In', '2016-06-14 18:57:37', '10.1.31.59'),
(252, 1, 'Out', '2016-06-14 19:01:38', '10.1.31.59'),
(253, 2, 'In', '2016-06-14 19:01:42', '10.1.31.59'),
(254, 2, 'Out', '2016-06-14 19:02:36', '10.1.31.59');

-- --------------------------------------------------------

--
-- Table structure for table `positions`
--

CREATE TABLE IF NOT EXISTS `positions` (
  `POS_ID` int(11) NOT NULL,
  `POS_NAME` varchar(50) NOT NULL,
  `POS_DESCR` text NOT NULL,
  `POS_NOTES` text NOT NULL
) ENGINE=InnoDB AUTO_INCREMENT=9 DEFAULT CHARSET=latin1;

--
-- Dumping data for table `positions`
--

INSERT INTO `positions` (`POS_ID`, `POS_NAME`, `POS_DESCR`, `POS_NOTES`) VALUES
(1, 'Director/Directress', '', ''),
(2, 'Manager', '', ''),
(3, 'Educator/Educatress', '', ''),
(4, 'Assistance Educator/Educatress', '', ''),
(5, 'General Assisstance', '', ''),
(6, 'Casual Worker', '', ''),
(7, 'System Admin', '', ''),
(8, 'Super User', '', '');

-- --------------------------------------------------------

--
-- Table structure for table `students`
--

CREATE TABLE IF NOT EXISTS `students` (
  `STU_ID` int(11) NOT NULL,
  `STU_FIRST_NAME` varchar(50) NOT NULL,
  `STU_LAST_NAME` varchar(25) NOT NULL,
  `STU_BIRTHDATE` date NOT NULL,
  `STU_SEX` varchar(1) NOT NULL,
  `STU_PHOTO` varchar(50) NOT NULL,
  `STU_START_DATE` date NOT NULL,
  `STU_GRAD_DATE` date NOT NULL,
  `STU_DAILY_FEE` float NOT NULL,
  `STU_CREDENTIAL` varchar(10) NOT NULL,
  `STU_NOTES` text NOT NULL
) ENGINE=InnoDB AUTO_INCREMENT=21 DEFAULT CHARSET=latin1;

--
-- Dumping data for table `students`
--

INSERT INTO `students` (`STU_ID`, `STU_FIRST_NAME`, `STU_LAST_NAME`, `STU_BIRTHDATE`, `STU_SEX`, `STU_PHOTO`, `STU_START_DATE`, `STU_GRAD_DATE`, `STU_DAILY_FEE`, `STU_CREDENTIAL`, `STU_NOTES`) VALUES
(1, 'Aiden', '	Tremblay', '2011-04-07', 'M', 'images/student_photos/1.png', '0000-00-00', '0000-00-00', 0, '', ''),
(2, 'Emma', 'Smith', '2013-06-24', 'F', 'images/student_photos/2.png', '0000-00-00', '0000-00-00', 0, '', ''),
(3, 'Jackson', 'Lam', '2013-09-20', 'M', 'images/student_photos/3.png', '0000-00-00', '0000-00-00', 0, '', ''),
(4, 'Sophia', 'Martin', '2014-01-10', 'F', 'images/student_photos/4.png', '0000-00-00', '0000-00-00', 0, '', ''),
(5, 'Ethan', 'Brown', '2011-11-19', 'M', 'images/student_photos/5.png', '0000-00-00', '0000-00-00', 0, '', ''),
(6, 'Olivia', 'Roy', '2012-09-21', 'F', 'images/student_photos/6.png', '0000-00-00', '0000-00-00', 0, '', ''),
(7, 'Liam', 'Gagnon', '2013-11-21', 'M', 'images/student_photos/7.png', '0000-00-00', '0000-00-00', 0, '', ''),
(8, 'Isabella', 'Li', '2014-12-24', 'F', 'images/student_photos/8.png', '0000-00-00', '0000-00-00', 0, '', ''),
(9, 'Mason', 'Wilson', '2014-03-14', 'M', 'images/student_photos/9.png', '0000-00-00', '0000-00-00', 0, '', ''),
(10, 'Ava', 'Miller', '2011-07-13', 'F', 'images/student_photos/10.png', '0000-00-00', '0000-00-00', 0, '', ''),
(11, 'Daniel', 'Burk', '2013-06-15', 'M', 'images/student_photos/11.png', '0000-00-00', '0000-00-00', 0, '', ''),
(12, 'Rossy', 'Tweed', '2011-07-17', 'F', 'images/student_photos/12.png', '0000-00-00', '0000-00-00', 0, '', ''),
(13, 'Jacky', 'Lee', '2012-07-03', 'M', 'images/student_photos/13.png', '0000-00-00', '0000-00-00', 0, '', ''),
(14, 'Yun', 'Kang', '2015-04-10', 'F', 'images/student_photos/14.png', '0000-00-00', '0000-00-00', 0, '', ''),
(15, 'Vicky', 'Mohamed', '2012-01-09', 'M', 'images/student_photos/15.png', '0000-00-00', '0000-00-00', 0, '', ''),
(16, 'Alfred', 'Kenny', '2015-03-28', 'F', 'images/student_photos/16.png', '0000-00-00', '0000-00-00', 0, '', ''),
(17, 'Vincent', 'Nguyen', '2015-03-01', 'M', 'images/student_photos/17.png', '0000-00-00', '0000-00-00', 0, '', ''),
(18, 'Angela', 'Li', '2014-05-30', 'F', 'images/student_photos/18.png', '0000-00-00', '0000-00-00', 0, '', ''),
(19, 'Jacob', 'Walker', '2013-05-04', 'M', 'images/student_photos/19.png', '0000-00-00', '0000-00-00', 0, '', ''),
(20, 'Cathy', 'Allen', '2011-11-23', 'F', 'images/student_photos/20.png', '0000-00-00', '0000-00-00', 0, '', '');

-- --------------------------------------------------------

--
-- Table structure for table `student_activity_educator`
--

CREATE TABLE IF NOT EXISTS `student_activity_educator` (
  `STU_ACT_EDR_ID` int(11) NOT NULL,
  `STU_ID` int(11) NOT NULL,
  `ACT_ID` int(11) NOT NULL,
  `EDR_ID` int(11) NOT NULL,
  `DATE` date NOT NULL,
  `DURATION_MINS` smallint(6) NOT NULL,
  `COMPLETENESS_PCT` smallint(6) NOT NULL,
  `EVALUATION` smallint(6) NOT NULL
) ENGINE=InnoDB DEFAULT CHARSET=latin1;

-- --------------------------------------------------------

--
-- Table structure for table `student_attendances`
--

CREATE TABLE IF NOT EXISTS `student_attendances` (
  `STU_ATT_ID` int(11) NOT NULL,
  `STU_ID` int(11) NOT NULL,
  `EVENT_TYPE` varchar(5) NOT NULL,
  `DATE_TIME` datetime NOT NULL,
  `EMP_ID` int(11) NOT NULL,
  `IP_ADDR` varchar(50) NOT NULL,
  `NOTES` text NOT NULL
) ENGINE=InnoDB AUTO_INCREMENT=313 DEFAULT CHARSET=latin1;

--
-- Dumping data for table `student_attendances`
--

INSERT INTO `student_attendances` (`STU_ATT_ID`, `STU_ID`, `EVENT_TYPE`, `DATE_TIME`, `EMP_ID`, `IP_ADDR`, `NOTES`) VALUES
(311, 4, 'In', '2016-06-14 19:01:49', 2, '10.1.31.59', ''),
(312, 4, 'Out', '2016-06-14 19:01:58', 2, '10.1.31.59', '');

-- --------------------------------------------------------

--
-- Table structure for table `web_pages`
--

CREATE TABLE IF NOT EXISTS `web_pages` (
  `PAGE_ID` int(11) NOT NULL,
  `TAG_CLASS` varchar(50) NOT NULL,
  `TYPE` varchar(20) NOT NULL,
  `HREF` varchar(500) NOT NULL,
  `ICON_URL` varchar(500) NOT NULL,
  `TITLE` varchar(200) NOT NULL,
  `STATUS` varchar(20) NOT NULL
) ENGINE=InnoDB DEFAULT CHARSET=latin1;

--
-- Dumping data for table `web_pages`
--

INSERT INTO `web_pages` (`PAGE_ID`, `TAG_CLASS`, `TYPE`, `HREF`, `ICON_URL`, `TITLE`, `STATUS`) VALUES
(1, 'active', '', 'login.php', 'images/icons/keypad_small.jpg', 'User Login', 'active'),
(2, '', '', 'logout.php', 'images/icons/logout.jpg', 'User Logout', 'active'),
(101, '', '', 'record_employee_attendance_in.php', 'images/icons/attendance_in.jpg', 'Check In Employee Attendance', 'active'),
(102, '', '', 'record_employee_attendance_out.php', 'images/icons/attendance_out.png', 'Check Out Employee Attendance', 'active'),
(103, '', '', 'record_student_attendance_in.php', 'images/icons/student_attendance_in.png', 'Check In Student Attendance', 'active'),
(104, '', '', 'record_student_attendance_out.php', 'images/icons/student_attendance_out.png', 'Check Out Student Attendance', 'active'),
(1001, '', '', 'report_employee_attendances.php', 'images/icons/report.jpg', 'Employee Attendance-Ins/Outs', 'active'),
(1002, '', '', 'report_student_attendances.php', 'images/icons/report.jpg', 'Student Attendance-Ins/Outs', 'active'),
(1201, '', '', 'report_employees.php', 'images/icons/report.jpg', 'Employees', 'active'),
(1202, '', '', 'report_students.php', 'images/icons/report.jpg', 'Students', 'active'),
(1203, '', '', 'report_activities.php', 'images/icons/report.jpg', 'Activities', 'active'),
(1301, '', '', 'report_educator_student.php', 'images/icons/report.jpg', 'Educator-Student', 'active'),
(2001, '', '', 'report_employee_log_ios.php', 'images/icons/security.png', 'Employee Log-Ins/Outs', 'active'),
(2002, '', '', 'report_employee_log_failures.php', 'images/icons/security.png', 'Employee Log Failures', 'active'),
(3001, '', '', 'report_dp_query_logs.php', 'images/icons/security.png', 'Executed Database Queries', 'active'),
(4001, '', '', 'report_activity_types.php', 'images/icons/base_table.png', 'Activity Types', 'active'),
(4002, '', '', 'report_activity_subtypes.php', 'images/icons/base_table.png', 'Activity Sub-Types', 'active'),
(4003, '', '', 'report_educations.php', 'images/icons/base_table.png', 'Educations', 'active'),
(4004, '', '', 'report_positions.php', 'images/icons/base_table.png', 'Positions', 'active');

--
-- Indexes for dumped tables
--

--
-- Indexes for table `activities`
--
ALTER TABLE `activities`
  ADD PRIMARY KEY (`ACT_ID`), ADD KEY `ACT_TYPE_ID` (`ACT_TYPE_ID`), ADD KEY `ACT_SUBTYPE_ID` (`ACT_SUBTYPE_ID`), ADD KEY `ACT_ID` (`ACT_ID`);

--
-- Indexes for table `activity_subtypes`
--
ALTER TABLE `activity_subtypes`
  ADD PRIMARY KEY (`ACT_SUBTYPE_ID`), ADD KEY `ACT_SUBTYPE_ID` (`ACT_SUBTYPE_ID`);

--
-- Indexes for table `activity_types`
--
ALTER TABLE `activity_types`
  ADD PRIMARY KEY (`ACT_TYPE_ID`), ADD KEY `ACT_TYPE_ID` (`ACT_TYPE_ID`);

--
-- Indexes for table `db_query_logs`
--
ALTER TABLE `db_query_logs`
  ADD PRIMARY KEY (`DB_QL_ID`);

--
-- Indexes for table `educations`
--
ALTER TABLE `educations`
  ADD PRIMARY KEY (`EDU_ID`), ADD KEY `EDU_ID` (`EDU_ID`);

--
-- Indexes for table `educator_student`
--
ALTER TABLE `educator_student`
  ADD PRIMARY KEY (`EDU_STU_ID`), ADD KEY `EMP_ID` (`EMP_ID`), ADD KEY `STU_ID` (`STU_ID`);

--
-- Indexes for table `employees`
--
ALTER TABLE `employees`
  ADD PRIMARY KEY (`EMP_ID`), ADD KEY `EMP_EDU_ID` (`EMP_EDU_ID`), ADD KEY `EMP_POST_ID1` (`EMP_POST_ID1`), ADD KEY `EMP_POST_ID2` (`EMP_POST_ID2`), ADD KEY `EMP_ID` (`EMP_ID`), ADD KEY `EMP_ID_2` (`EMP_ID`), ADD KEY `EMP_BOSS_ID` (`EMP_BOSS_ID`), ADD KEY `EMP_ID_3` (`EMP_ID`), ADD KEY `EMP_ID_4` (`EMP_ID`), ADD KEY `EMP_ID_5` (`EMP_ID`), ADD KEY `EMP_ID_6` (`EMP_ID`), ADD KEY `EMP_ID_7` (`EMP_ID`), ADD KEY `EMP_ID_8` (`EMP_ID`), ADD KEY `EMP_ID_9` (`EMP_ID`), ADD KEY `EMP_ID_10` (`EMP_ID`);

--
-- Indexes for table `employee_attendances`
--
ALTER TABLE `employee_attendances`
  ADD PRIMARY KEY (`EMP_ATT_ID`), ADD KEY `EMP_ID` (`EMP_ID`);

--
-- Indexes for table `employee_log_failures`
--
ALTER TABLE `employee_log_failures`
  ADD PRIMARY KEY (`EM_LOG_F_ID`);

--
-- Indexes for table `employee_log_ios`
--
ALTER TABLE `employee_log_ios`
  ADD PRIMARY KEY (`EMP_LOGS_ID`), ADD KEY `EMP_ID` (`EMP_ID`);

--
-- Indexes for table `positions`
--
ALTER TABLE `positions`
  ADD PRIMARY KEY (`POS_ID`), ADD KEY `POS_ID` (`POS_ID`), ADD KEY `POS_ID_2` (`POS_ID`);

--
-- Indexes for table `students`
--
ALTER TABLE `students`
  ADD PRIMARY KEY (`STU_ID`), ADD KEY `STU_ID` (`STU_ID`), ADD KEY `STU_ID_2` (`STU_ID`), ADD KEY `STU_ID_3` (`STU_ID`), ADD KEY `STU_ID_4` (`STU_ID`), ADD KEY `STU_ID_5` (`STU_ID`);

--
-- Indexes for table `student_activity_educator`
--
ALTER TABLE `student_activity_educator`
  ADD PRIMARY KEY (`STU_ACT_EDR_ID`), ADD KEY `STU_ID` (`STU_ID`), ADD KEY `EDR_ID` (`EDR_ID`), ADD KEY `ACT_ID` (`ACT_ID`);

--
-- Indexes for table `student_attendances`
--
ALTER TABLE `student_attendances`
  ADD PRIMARY KEY (`STU_ATT_ID`), ADD KEY `STU_ID` (`STU_ID`);

--
-- Indexes for table `web_pages`
--
ALTER TABLE `web_pages`
  ADD PRIMARY KEY (`PAGE_ID`), ADD KEY `PAGE_ID` (`PAGE_ID`);

--
-- AUTO_INCREMENT for dumped tables
--

--
-- AUTO_INCREMENT for table `activities`
--
ALTER TABLE `activities`
  MODIFY `ACT_ID` int(11) NOT NULL AUTO_INCREMENT,AUTO_INCREMENT=13;
--
-- AUTO_INCREMENT for table `activity_types`
--
ALTER TABLE `activity_types`
  MODIFY `ACT_TYPE_ID` int(11) NOT NULL AUTO_INCREMENT,AUTO_INCREMENT=4;
--
-- AUTO_INCREMENT for table `db_query_logs`
--
ALTER TABLE `db_query_logs`
  MODIFY `DB_QL_ID` int(11) NOT NULL AUTO_INCREMENT,AUTO_INCREMENT=437;
--
-- AUTO_INCREMENT for table `educations`
--
ALTER TABLE `educations`
  MODIFY `EDU_ID` int(11) NOT NULL AUTO_INCREMENT,AUTO_INCREMENT=9;
--
-- AUTO_INCREMENT for table `educator_student`
--
ALTER TABLE `educator_student`
  MODIFY `EDU_STU_ID` int(11) NOT NULL AUTO_INCREMENT,AUTO_INCREMENT=21;
--
-- AUTO_INCREMENT for table `employees`
--
ALTER TABLE `employees`
  MODIFY `EMP_ID` int(11) NOT NULL AUTO_INCREMENT,AUTO_INCREMENT=3;
--
-- AUTO_INCREMENT for table `employee_attendances`
--
ALTER TABLE `employee_attendances`
  MODIFY `EMP_ATT_ID` int(11) NOT NULL AUTO_INCREMENT,AUTO_INCREMENT=89;
--
-- AUTO_INCREMENT for table `employee_log_failures`
--
ALTER TABLE `employee_log_failures`
  MODIFY `EM_LOG_F_ID` int(11) NOT NULL AUTO_INCREMENT,AUTO_INCREMENT=106;
--
-- AUTO_INCREMENT for table `employee_log_ios`
--
ALTER TABLE `employee_log_ios`
  MODIFY `EMP_LOGS_ID` int(11) NOT NULL AUTO_INCREMENT,AUTO_INCREMENT=255;
--
-- AUTO_INCREMENT for table `positions`
--
ALTER TABLE `positions`
  MODIFY `POS_ID` int(11) NOT NULL AUTO_INCREMENT,AUTO_INCREMENT=9;
--
-- AUTO_INCREMENT for table `students`
--
ALTER TABLE `students`
  MODIFY `STU_ID` int(11) NOT NULL AUTO_INCREMENT,AUTO_INCREMENT=21;
--
-- AUTO_INCREMENT for table `student_activity_educator`
--
ALTER TABLE `student_activity_educator`
  MODIFY `STU_ACT_EDR_ID` int(11) NOT NULL AUTO_INCREMENT;
--
-- AUTO_INCREMENT for table `student_attendances`
--
ALTER TABLE `student_attendances`
  MODIFY `STU_ATT_ID` int(11) NOT NULL AUTO_INCREMENT,AUTO_INCREMENT=313;
--
-- Constraints for dumped tables
--

--
-- Constraints for table `activities`
--
ALTER TABLE `activities`
ADD CONSTRAINT `activities_ibfk_1` FOREIGN KEY (`ACT_TYPE_ID`) REFERENCES `activity_types` (`ACT_TYPE_ID`),
ADD CONSTRAINT `activities_ibfk_2` FOREIGN KEY (`ACT_SUBTYPE_ID`) REFERENCES `activity_subtypes` (`ACT_SUBTYPE_ID`);

--
-- Constraints for table `educator_student`
--
ALTER TABLE `educator_student`
ADD CONSTRAINT `educator_student_ibfk_1` FOREIGN KEY (`EMP_ID`) REFERENCES `employees` (`EMP_ID`),
ADD CONSTRAINT `educator_student_ibfk_2` FOREIGN KEY (`STU_ID`) REFERENCES `students` (`STU_ID`);

--
-- Constraints for table `employees`
--
ALTER TABLE `employees`
ADD CONSTRAINT `employees_ibfk_1` FOREIGN KEY (`EMP_EDU_ID`) REFERENCES `educations` (`EDU_ID`),
ADD CONSTRAINT `employees_ibfk_2` FOREIGN KEY (`EMP_POST_ID1`) REFERENCES `positions` (`POS_ID`),
ADD CONSTRAINT `employees_ibfk_3` FOREIGN KEY (`EMP_POST_ID2`) REFERENCES `positions` (`POS_ID`),
ADD CONSTRAINT `employees_ibfk_4` FOREIGN KEY (`EMP_BOSS_ID`) REFERENCES `employees` (`EMP_ID`);

--
-- Constraints for table `employee_attendances`
--
ALTER TABLE `employee_attendances`
ADD CONSTRAINT `employee_attendances_ibfk_1` FOREIGN KEY (`EMP_ID`) REFERENCES `employees` (`EMP_ID`);

--
-- Constraints for table `employee_log_ios`
--
ALTER TABLE `employee_log_ios`
ADD CONSTRAINT `employee_log_ios_ibfk_1` FOREIGN KEY (`EMP_ID`) REFERENCES `employees` (`EMP_ID`),
ADD CONSTRAINT `employee_log_ios_ibfk_2` FOREIGN KEY (`EMP_ID`) REFERENCES `employees` (`EMP_ID`);

--
-- Constraints for table `student_activity_educator`
--
ALTER TABLE `student_activity_educator`
ADD CONSTRAINT `student_activity_educator_ibfk_1` FOREIGN KEY (`STU_ID`) REFERENCES `students` (`STU_ID`),
ADD CONSTRAINT `student_activity_educator_ibfk_2` FOREIGN KEY (`EDR_ID`) REFERENCES `employees` (`EMP_ID`),
ADD CONSTRAINT `student_activity_educator_ibfk_3` FOREIGN KEY (`ACT_ID`) REFERENCES `activities` (`ACT_ID`);

--
-- Constraints for table `student_attendances`
--
ALTER TABLE `student_attendances`
ADD CONSTRAINT `student_attendances_ibfk_1` FOREIGN KEY (`STU_ID`) REFERENCES `students` (`STU_ID`);

/*!40101 SET CHARACTER_SET_CLIENT=@OLD_CHARACTER_SET_CLIENT */;
/*!40101 SET CHARACTER_SET_RESULTS=@OLD_CHARACTER_SET_RESULTS */;
/*!40101 SET COLLATION_CONNECTION=@OLD_COLLATION_CONNECTION */;
