-- phpMyAdmin SQL Dump
-- version 4.5.1
-- http://www.phpmyadmin.net
--
-- Host: 127.0.0.1
-- Generation Time: Jun 16, 2016 at 05:24 PM
-- Server version: 10.1.13-MariaDB
-- PHP Version: 5.6.21

SET SQL_MODE = "NO_AUTO_VALUE_ON_ZERO";
SET time_zone = "+00:00";


/*!40101 SET @OLD_CHARACTER_SET_CLIENT=@@CHARACTER_SET_CLIENT */;
/*!40101 SET @OLD_CHARACTER_SET_RESULTS=@@CHARACTER_SET_RESULTS */;
/*!40101 SET @OLD_COLLATION_CONNECTION=@@COLLATION_CONNECTION */;
/*!40101 SET NAMES utf8mb4 */;

--
-- Database: `montessori`
--

-- --------------------------------------------------------

--
-- Table structure for table `activities`
--

CREATE TABLE `activities` (
  `ACT_ID` int(11) NOT NULL,
  `ACT_TYPE_ID` int(11) NOT NULL,
  `ACT_SUBTYPE_ID` int(11) NOT NULL,
  `ACT_NAME` varchar(250) NOT NULL,
  `ACT_MIN_AGE` int(11) DEFAULT NULL,
  `ACT_MAX_AGE` int(11) DEFAULT NULL,
  `ACT_DESCR` text,
  `ACT_NOTES` text
) ENGINE=InnoDB DEFAULT CHARSET=latin1;

--
-- Dumping data for table `activities`
--

INSERT INTO `activities` (`ACT_ID`, `ACT_TYPE_ID`, `ACT_SUBTYPE_ID`, `ACT_NAME`, `ACT_MIN_AGE`, `ACT_MAX_AGE`, `ACT_DESCR`, `ACT_NOTES`) VALUES
(1, 1, 101, 'To extinguish a candle with a snuffer', NULL, NULL, NULL, NULL),
(2, 1, 101, 'To carry a glass of coloured water', NULL, NULL, NULL, NULL),
(3, 1, 102, 'To sit at a table', NULL, NULL, NULL, NULL),
(4, 1, 102, 'To carry a chair', NULL, NULL, NULL, NULL),
(5, 2, 201, 'Sizes > the cylinder blocks (knobbed cylinders or solid insets)', NULL, NULL, NULL, NULL),
(6, 2, 201, 'Sizes > pink tower', NULL, NULL, NULL, NULL),
(7, 2, 202, 'Rough and Smooth > rough and smooth boards 1, 2, and 3', NULL, NULL, NULL, NULL),
(8, 2, 202, 'Rough and Smooth > rough and smooth tablets', NULL, NULL, NULL, NULL),
(9, 3, 301, 'Quantities > number rods (1 - 10)', NULL, NULL, NULL, NULL),
(10, 3, 301, 'Symbols > sandpaper numerals (1 - 9 and 0)', NULL, NULL, NULL, NULL),
(11, 3, 302, 'Quantities > the golden beads (1 - 9,999)', NULL, NULL, NULL, NULL),
(12, 3, 302, 'Quantities > introduction to the decimal system (quantities 1, 10, 100, 1000)', NULL, NULL, NULL, NULL);

-- --------------------------------------------------------

--
-- Table structure for table `activity_subtypes`
--

CREATE TABLE `activity_subtypes` (
  `ACT_SUBTYPE_ID` int(11) NOT NULL,
  `ACT_SUBTYPE_NAME` varchar(100) NOT NULL,
  `ACT_SUBTYPE_DESCR` text NOT NULL,
  `ACT_SYBTYPE_NOTES` text NOT NULL
) ENGINE=InnoDB DEFAULT CHARSET=latin1;

--
-- Dumping data for table `activity_subtypes`
--

INSERT INTO `activity_subtypes` (`ACT_SUBTYPE_ID`, `ACT_SUBTYPE_NAME`, `ACT_SUBTYPE_DESCR`, `ACT_SYBTYPE_NOTES`) VALUES
(101, 'The Very First Three Activities of the Very First Day', '', ''),
(102, 'Preliminary Activities', '', ''),
(103, 'Motor Skills', '', ''),
(104, 'Care of Self', '', ''),
(105, 'Care of the Environment', '', ''),
(201, 'Sight', '', ''),
(202, 'Touch', '', ''),
(203, 'Smell', '', ''),
(204, 'Taste', '', ''),
(205, 'Sound', '', ''),
(301, 'Level I: Quantities and Symbols: 1 to 9 and 0', '', ''),
(302, 'Level II: Introduction to the Decimal System', '', ''),
(303, 'Level III: Quantities and Symbols: 11-99', '', '');

-- --------------------------------------------------------

--
-- Table structure for table `activity_types`
--

CREATE TABLE `activity_types` (
  `ACT_TYPE_ID` int(11) NOT NULL,
  `ACT_TYPE_NAME` varchar(100) NOT NULL,
  `ACT_TYPE_DESCR` text NOT NULL,
  `ACT_TYPE_NOTES` text NOT NULL
) ENGINE=InnoDB DEFAULT CHARSET=latin1;

--
-- Dumping data for table `activity_types`
--

INSERT INTO `activity_types` (`ACT_TYPE_ID`, `ACT_TYPE_NAME`, `ACT_TYPE_DESCR`, `ACT_TYPE_NOTES`) VALUES
(1, 'Daily Life Activities', '', ''),
(2, 'Sensorial Activities Leading to Mental Development', '', ''),
(3, 'Activities Leading to Mathematical and Logical Mind', '', '');

-- --------------------------------------------------------

--
-- Table structure for table `db_query_logs`
--

CREATE TABLE `db_query_logs` (
  `DB_QL_ID` int(11) NOT NULL,
  `QUERY_STR` varchar(2000) NOT NULL,
  `USER_NAME` varchar(50) NOT NULL,
  `DATE_TIME` datetime NOT NULL,
  `IP_ADDR` varchar(50) NOT NULL
) ENGINE=InnoDB DEFAULT CHARSET=latin1;

--
-- Dumping data for table `db_query_logs`
--

INSERT INTO `db_query_logs` (`DB_QL_ID`, `QUERY_STR`, `USER_NAME`, `DATE_TIME`, `IP_ADDR`) VALUES
(1, 'SELECT  EMP_ID, EMP_FIRST_NAME, EMP_LAST_NAME, EMP_BIRTHDATE, EMP_PHONE1 FROM EMPLOYEES  WHERE EMP_PASSCODE="7381";', 'system', '2016-06-15 16:22:59', '192.168.0.42'),
(2, 'INSERT INTO EMPLOYEE_LOG_IOS(EMP_ID, EVENT_TYPE, DATE_TIME, IP_ADDR) VALUES(5, "In", NOW(), "192.168.0.42");', 'Jenifer Taylor', '2016-06-15 16:23:00', '192.168.0.42'),
(3, 'SELECT WEB_PAGES.PAGE_ID, WEB_PAGES.TAG_CLASS, WEB_PAGES.TYPE, WEB_PAGES.HREF, WEB_PAGES.ICON_URL, WEB_PAGES.TITLE, WEB_PAGES.STATUS FROM WEB_PAGES WHERE (WEB_PAGES.PAGE_ID IN \r\n									(SELECT PAGE_ID FROM EMPLOYEE_WEBPAGE \r\n										WHERE EMP_ID = 5)) AND (WEB_PAGES.STATUS = "active");', 'Jenifer Taylor', '2016-06-15 16:23:00', '192.168.0.42'),
(4, 'SELECT WEB_PAGES.PAGE_ID, WEB_PAGES.TAG_CLASS, WEB_PAGES.TYPE, WEB_PAGES.HREF, WEB_PAGES.ICON_URL, WEB_PAGES.TITLE, WEB_PAGES.STATUS FROM WEB_PAGES WHERE (WEB_PAGES.PAGE_ID IN \r\n									(SELECT PAGE_ID FROM EMPLOYEE_WEBPAGE \r\n										WHERE EMP_ID = 5)) AND (WEB_PAGES.STATUS = "active");', 'Jenifer Taylor', '2016-06-15 16:25:16', '192.168.0.42'),
(5, 'SELECT HREF FROM WEB_PAGES WHERE (PAGE_ID IN \r\n									(SELECT PAGE_ID FROM EMPLOYEE_WEBPAGE \r\n										WHERE EMP_ID = 5)) AND (WEB_PAGES.STATUS = "active");', 'Jenifer Taylor', '2016-06-15 16:25:18', '192.168.0.42'),
(6, 'SELECT WEB_PAGES.PAGE_ID, WEB_PAGES.TAG_CLASS, WEB_PAGES.TYPE, WEB_PAGES.HREF, WEB_PAGES.ICON_URL, WEB_PAGES.TITLE, WEB_PAGES.STATUS FROM WEB_PAGES WHERE (WEB_PAGES.PAGE_ID IN \r\n									(SELECT PAGE_ID FROM EMPLOYEE_WEBPAGE \r\n										WHERE EMP_ID = 5)) AND (WEB_PAGES.STATUS = "active");', 'Jenifer Taylor', '2016-06-15 16:25:20', '192.168.0.42'),
(7, 'SELECT WEB_PAGES.PAGE_ID, WEB_PAGES.TAG_CLASS, WEB_PAGES.TYPE, WEB_PAGES.HREF, WEB_PAGES.ICON_URL, WEB_PAGES.TITLE, WEB_PAGES.STATUS FROM WEB_PAGES WHERE (WEB_PAGES.PAGE_ID IN \r\n									(SELECT PAGE_ID FROM EMPLOYEE_WEBPAGE \r\n										WHERE EMP_ID = 5)) AND (WEB_PAGES.STATUS = "active");', 'Jenifer Taylor', '2016-06-15 16:43:08', '192.168.0.42'),
(8, 'INSERT INTO EMPLOYEE_LOG_IOS(EMP_ID, EVENT_TYPE, DATE_TIME, IP_ADDR) VALUES(5, "Out", NOW(), "192.168.0.42");', 'Jenifer Taylor', '2016-06-15 16:44:02', '192.168.0.42'),
(9, 'SELECT  EMP_ID, EMP_FIRST_NAME, EMP_LAST_NAME, EMP_BIRTHDATE, EMP_PHONE1 FROM EMPLOYEES  WHERE EMP_PASSCODE="8772";', 'system', '2016-06-15 16:49:58', '192.168.0.42'),
(10, 'INSERT INTO EMPLOYEE_LOG_IOS(EMP_ID, EVENT_TYPE, DATE_TIME, IP_ADDR) VALUES(2, "In", NOW(), "192.168.0.42");', 'Linda Tweed', '2016-06-15 16:49:58', '192.168.0.42'),
(11, 'SELECT WEB_PAGES.PAGE_ID, WEB_PAGES.TAG_CLASS, WEB_PAGES.TYPE, WEB_PAGES.HREF, WEB_PAGES.ICON_URL, WEB_PAGES.TITLE, WEB_PAGES.STATUS FROM WEB_PAGES WHERE (WEB_PAGES.PAGE_ID IN \r\n									(SELECT PAGE_ID FROM EMPLOYEE_WEBPAGE \r\n										WHERE EMP_ID = 2)) AND (WEB_PAGES.STATUS = "active");', 'Linda Tweed', '2016-06-15 16:49:58', '192.168.0.42'),
(12, 'SELECT WEB_PAGES.PAGE_ID, WEB_PAGES.TAG_CLASS, WEB_PAGES.TYPE, WEB_PAGES.HREF, WEB_PAGES.ICON_URL, WEB_PAGES.TITLE, WEB_PAGES.STATUS FROM WEB_PAGES WHERE (WEB_PAGES.PAGE_ID IN \r\n									(SELECT PAGE_ID FROM EMPLOYEE_WEBPAGE \r\n										WHERE EMP_ID = 2)) AND (WEB_PAGES.STATUS = "active");', 'Linda Tweed', '2016-06-15 16:50:28', '192.168.0.42'),
(13, 'SELECT WEB_PAGES.PAGE_ID, WEB_PAGES.TAG_CLASS, WEB_PAGES.TYPE, WEB_PAGES.HREF, WEB_PAGES.ICON_URL, WEB_PAGES.TITLE, WEB_PAGES.STATUS FROM WEB_PAGES WHERE (WEB_PAGES.PAGE_ID IN \r\n									(SELECT PAGE_ID FROM EMPLOYEE_WEBPAGE \r\n										WHERE EMP_ID = 2)) AND (WEB_PAGES.STATUS = "active");', 'Linda Tweed', '2016-06-15 16:51:48', '192.168.0.42'),
(14, 'SELECT WEB_PAGES.PAGE_ID, WEB_PAGES.TAG_CLASS, WEB_PAGES.TYPE, WEB_PAGES.HREF, WEB_PAGES.ICON_URL, WEB_PAGES.TITLE, WEB_PAGES.STATUS FROM WEB_PAGES WHERE (WEB_PAGES.PAGE_ID IN \r\n									(SELECT PAGE_ID FROM EMPLOYEE_WEBPAGE \r\n										WHERE EMP_ID = 2)) AND (WEB_PAGES.STATUS = "active");', 'Linda Tweed', '2016-06-15 16:52:11', '192.168.0.42'),
(15, 'INSERT INTO EMPLOYEE_LOG_IOS(EMP_ID, EVENT_TYPE, DATE_TIME, IP_ADDR) VALUES(2, "Out", NOW(), "192.168.0.42");', 'Linda Tweed', '2016-06-15 16:52:15', '192.168.0.42'),
(16, 'SELECT  EMP_ID, EMP_FIRST_NAME, EMP_LAST_NAME, EMP_BIRTHDATE, EMP_PHONE1 FROM EMPLOYEES  WHERE EMP_PASSCODE="8772";', 'system', '2016-06-15 16:52:44', '192.168.0.42'),
(17, 'INSERT INTO EMPLOYEE_LOG_IOS(EMP_ID, EVENT_TYPE, DATE_TIME, IP_ADDR) VALUES(2, "In", NOW(), "192.168.0.42");', 'Linda Tweed', '2016-06-15 16:52:44', '192.168.0.42'),
(18, 'SELECT WEB_PAGES.PAGE_ID, WEB_PAGES.TAG_CLASS, WEB_PAGES.TYPE, WEB_PAGES.HREF, WEB_PAGES.ICON_URL, WEB_PAGES.TITLE, WEB_PAGES.STATUS FROM WEB_PAGES WHERE (WEB_PAGES.PAGE_ID IN \r\n									(SELECT PAGE_ID FROM EMPLOYEE_WEBPAGE \r\n										WHERE EMP_ID = 2)) AND (WEB_PAGES.STATUS = "active");', 'Linda Tweed', '2016-06-15 16:52:44', '192.168.0.42'),
(19, 'SELECT WEB_PAGES.PAGE_ID, WEB_PAGES.TAG_CLASS, WEB_PAGES.TYPE, WEB_PAGES.HREF, WEB_PAGES.ICON_URL, WEB_PAGES.TITLE, WEB_PAGES.STATUS FROM WEB_PAGES WHERE (WEB_PAGES.PAGE_ID IN \r\n									(SELECT PAGE_ID FROM EMPLOYEE_WEBPAGE \r\n										WHERE EMP_ID = 2)) AND (WEB_PAGES.STATUS = "active");', 'Linda Tweed', '2016-06-15 16:54:50', '192.168.0.42'),
(20, 'SELECT HREF FROM WEB_PAGES WHERE (PAGE_ID IN \r\n									(SELECT PAGE_ID FROM EMPLOYEE_WEBPAGE \r\n										WHERE EMP_ID = 2)) AND (WEB_PAGES.STATUS = "active");', 'Linda Tweed', '2016-06-15 16:54:58', '192.168.0.42'),
(21, 'SELECT  STUDENTS.STU_ID, CONCAT(STUDENTS.STU_FIRST_NAME, " ", STUDENTS.STU_LAST_NAME) AS STU_NAME, STUDENTS.STU_BIRTHDATE, FLOOR(DATEDIFF(NOW(), STUDENTS.STU_BIRTHDATE)/365.25) AS STU_AGE, STUDENTS.STU_PHOTO FROM STUDENTS WHERE  STUDENTS.STU_ID NOT IN (SELECT STUDENT_ATTENDANCES.STU_ID FROM STUDENT_ATTENDANCES WHERE \r\n										STUDENT_ATTENDANCES.DATE_TIME >= CURDATE() AND \r\n										STUDENT_ATTENDANCES.DATE_TIME < (CURDATE() + INTERVAL 1 DAY) AND\r\n										STUDENT_ATTENDANCES.EVENT_TYPE = "In");', 'Linda Tweed', '2016-06-15 16:54:58', '192.168.0.42'),
(22, 'SELECT STUDENTS.STU_ID, CONCAT(STUDENTS.STU_FIRST_NAME, " ", STUDENTS.STU_LAST_NAME) AS STU_NAME, STUDENTS.STU_BIRTHDATE, FLOOR(DATEDIFF(NOW(), STUDENTS.STU_BIRTHDATE)/365.25) AS STU_AGE, STUDENTS.STU_PHOTO FROM STUDENTS WHERE (STUDENTS.STU_ID IN (SELECT STUDENT_ATTENDANCES.STU_ID FROM STUDENT_ATTENDANCES WHERE STUDENT_ATTENDANCES.DATE_TIME >= CURDATE() AND STUDENT_ATTENDANCES.DATE_TIME < (CURDATE() + INTERVAL 1 DAY) AND STUDENT_ATTENDANCES.EVENT_TYPE = "In")) AND (STUDENTS.STU_ID NOT IN (SELECT STUDENT_ATTENDANCES.STU_ID FROM STUDENT_ATTENDANCES WHERE STUDENT_ATTENDANCES.DATE_TIME >= CURDATE() AND STUDENT_ATTENDANCES.DATE_TIME < (CURDATE() + INTERVAL 1 DAY) AND STUDENT_ATTENDANCES.EVENT_TYPE = "Out"));', 'Linda Tweed', '2016-06-15 16:54:58', '192.168.0.42'),
(23, 'SELECT HREF FROM WEB_PAGES WHERE (PAGE_ID IN \r\n									(SELECT PAGE_ID FROM EMPLOYEE_WEBPAGE \r\n										WHERE EMP_ID = 2)) AND (WEB_PAGES.STATUS = "active");', 'Linda Tweed', '2016-06-15 16:55:07', '192.168.0.42'),
(24, 'INSERT INTO STUDENT_ATTENDANCES(STU_ID, EVENT_TYPE, DATE_TIME, EMP_ID, IP_ADDR, NOTES) VALUES(17, "In", NOW(), 2, "192.168.0.42", "");', 'Linda Tweed', '2016-06-15 16:55:07', '192.168.0.42'),
(25, 'SELECT HREF FROM WEB_PAGES WHERE (PAGE_ID IN \r\n									(SELECT PAGE_ID FROM EMPLOYEE_WEBPAGE \r\n										WHERE EMP_ID = 2)) AND (WEB_PAGES.STATUS = "active");', 'Linda Tweed', '2016-06-15 16:55:08', '192.168.0.42'),
(26, 'SELECT  STUDENTS.STU_ID, CONCAT(STUDENTS.STU_FIRST_NAME, " ", STUDENTS.STU_LAST_NAME) AS STU_NAME, STUDENTS.STU_BIRTHDATE, FLOOR(DATEDIFF(NOW(), STUDENTS.STU_BIRTHDATE)/365.25) AS STU_AGE, STUDENTS.STU_PHOTO FROM STUDENTS WHERE  STUDENTS.STU_ID NOT IN (SELECT STUDENT_ATTENDANCES.STU_ID FROM STUDENT_ATTENDANCES WHERE \r\n										STUDENT_ATTENDANCES.DATE_TIME >= CURDATE() AND \r\n										STUDENT_ATTENDANCES.DATE_TIME < (CURDATE() + INTERVAL 1 DAY) AND\r\n										STUDENT_ATTENDANCES.EVENT_TYPE = "In");', 'Linda Tweed', '2016-06-15 16:55:08', '192.168.0.42'),
(27, 'SELECT STUDENTS.STU_ID, CONCAT(STUDENTS.STU_FIRST_NAME, " ", STUDENTS.STU_LAST_NAME) AS STU_NAME, STUDENTS.STU_BIRTHDATE, FLOOR(DATEDIFF(NOW(), STUDENTS.STU_BIRTHDATE)/365.25) AS STU_AGE, STUDENTS.STU_PHOTO FROM STUDENTS WHERE (STUDENTS.STU_ID IN (SELECT STUDENT_ATTENDANCES.STU_ID FROM STUDENT_ATTENDANCES WHERE STUDENT_ATTENDANCES.DATE_TIME >= CURDATE() AND STUDENT_ATTENDANCES.DATE_TIME < (CURDATE() + INTERVAL 1 DAY) AND STUDENT_ATTENDANCES.EVENT_TYPE = "In")) AND (STUDENTS.STU_ID NOT IN (SELECT STUDENT_ATTENDANCES.STU_ID FROM STUDENT_ATTENDANCES WHERE STUDENT_ATTENDANCES.DATE_TIME >= CURDATE() AND STUDENT_ATTENDANCES.DATE_TIME < (CURDATE() + INTERVAL 1 DAY) AND STUDENT_ATTENDANCES.EVENT_TYPE = "Out"));', 'Linda Tweed', '2016-06-15 16:55:09', '192.168.0.42'),
(28, 'SELECT HREF FROM WEB_PAGES WHERE (PAGE_ID IN \r\n									(SELECT PAGE_ID FROM EMPLOYEE_WEBPAGE \r\n										WHERE EMP_ID = 2)) AND (WEB_PAGES.STATUS = "active");', 'Linda Tweed', '2016-06-15 16:56:03', '192.168.0.42'),
(29, 'SELECT  STUDENTS.STU_ID, CONCAT(STUDENTS.STU_FIRST_NAME, " ", STUDENTS.STU_LAST_NAME) AS STU_NAME, STUDENTS.STU_BIRTHDATE, FLOOR(DATEDIFF(NOW(), STUDENTS.STU_BIRTHDATE)/365.25) AS STU_AGE, STUDENTS.STU_PHOTO FROM STUDENTS WHERE  STUDENTS.STU_ID NOT IN (SELECT STUDENT_ATTENDANCES.STU_ID FROM STUDENT_ATTENDANCES WHERE \r\n										STUDENT_ATTENDANCES.DATE_TIME >= CURDATE() AND \r\n										STUDENT_ATTENDANCES.DATE_TIME < (CURDATE() + INTERVAL 1 DAY) AND\r\n										STUDENT_ATTENDANCES.EVENT_TYPE = "In");', 'Linda Tweed', '2016-06-15 16:56:03', '192.168.0.42'),
(30, 'SELECT STUDENTS.STU_ID, CONCAT(STUDENTS.STU_FIRST_NAME, " ", STUDENTS.STU_LAST_NAME) AS STU_NAME, STUDENTS.STU_BIRTHDATE, FLOOR(DATEDIFF(NOW(), STUDENTS.STU_BIRTHDATE)/365.25) AS STU_AGE, STUDENTS.STU_PHOTO FROM STUDENTS WHERE (STUDENTS.STU_ID IN (SELECT STUDENT_ATTENDANCES.STU_ID FROM STUDENT_ATTENDANCES WHERE STUDENT_ATTENDANCES.DATE_TIME >= CURDATE() AND STUDENT_ATTENDANCES.DATE_TIME < (CURDATE() + INTERVAL 1 DAY) AND STUDENT_ATTENDANCES.EVENT_TYPE = "In")) AND (STUDENTS.STU_ID NOT IN (SELECT STUDENT_ATTENDANCES.STU_ID FROM STUDENT_ATTENDANCES WHERE STUDENT_ATTENDANCES.DATE_TIME >= CURDATE() AND STUDENT_ATTENDANCES.DATE_TIME < (CURDATE() + INTERVAL 1 DAY) AND STUDENT_ATTENDANCES.EVENT_TYPE = "Out"));', 'Linda Tweed', '2016-06-15 16:56:03', '192.168.0.42'),
(31, 'SELECT HREF FROM WEB_PAGES WHERE (PAGE_ID IN \r\n									(SELECT PAGE_ID FROM EMPLOYEE_WEBPAGE \r\n										WHERE EMP_ID = 2)) AND (WEB_PAGES.STATUS = "active");', 'Linda Tweed', '2016-06-15 16:57:34', '192.168.0.42'),
(32, 'SELECT  STUDENTS.STU_ID, CONCAT(STUDENTS.STU_FIRST_NAME, " ", STUDENTS.STU_LAST_NAME) AS STU_NAME, STUDENTS.STU_BIRTHDATE, FLOOR(DATEDIFF(NOW(), STUDENTS.STU_BIRTHDATE)/365.25) AS STU_AGE, STUDENTS.STU_PHOTO FROM STUDENTS WHERE  STUDENTS.STU_ID NOT IN (SELECT STUDENT_ATTENDANCES.STU_ID FROM STUDENT_ATTENDANCES WHERE \r\n										STUDENT_ATTENDANCES.DATE_TIME >= CURDATE() AND \r\n										STUDENT_ATTENDANCES.DATE_TIME < (CURDATE() + INTERVAL 1 DAY) AND\r\n										STUDENT_ATTENDANCES.EVENT_TYPE = "In");', 'Linda Tweed', '2016-06-15 16:57:34', '192.168.0.42'),
(33, 'SELECT STUDENTS.STU_ID, CONCAT(STUDENTS.STU_FIRST_NAME, " ", STUDENTS.STU_LAST_NAME) AS STU_NAME, STUDENTS.STU_BIRTHDATE, FLOOR(DATEDIFF(NOW(), STUDENTS.STU_BIRTHDATE)/365.25) AS STU_AGE, STUDENTS.STU_PHOTO FROM STUDENTS WHERE (STUDENTS.STU_ID IN (SELECT STUDENT_ATTENDANCES.STU_ID FROM STUDENT_ATTENDANCES WHERE STUDENT_ATTENDANCES.DATE_TIME >= CURDATE() AND STUDENT_ATTENDANCES.DATE_TIME < (CURDATE() + INTERVAL 1 DAY) AND STUDENT_ATTENDANCES.EVENT_TYPE = "In")) AND (STUDENTS.STU_ID NOT IN (SELECT STUDENT_ATTENDANCES.STU_ID FROM STUDENT_ATTENDANCES WHERE STUDENT_ATTENDANCES.DATE_TIME >= CURDATE() AND STUDENT_ATTENDANCES.DATE_TIME < (CURDATE() + INTERVAL 1 DAY) AND STUDENT_ATTENDANCES.EVENT_TYPE = "Out"));', 'Linda Tweed', '2016-06-15 16:57:34', '192.168.0.42'),
(34, 'SELECT WEB_PAGES.PAGE_ID, WEB_PAGES.TAG_CLASS, WEB_PAGES.TYPE, WEB_PAGES.HREF, WEB_PAGES.ICON_URL, WEB_PAGES.TITLE, WEB_PAGES.STATUS FROM WEB_PAGES WHERE (WEB_PAGES.PAGE_ID IN \r\n									(SELECT PAGE_ID FROM EMPLOYEE_WEBPAGE \r\n										WHERE EMP_ID = 2)) AND (WEB_PAGES.STATUS = "active");', 'Linda Tweed', '2016-06-15 16:57:44', '192.168.0.42'),
(35, 'SELECT HREF FROM WEB_PAGES WHERE (PAGE_ID IN \r\n									(SELECT PAGE_ID FROM EMPLOYEE_WEBPAGE \r\n										WHERE EMP_ID = 2)) AND (WEB_PAGES.STATUS = "active");', 'Linda Tweed', '2016-06-15 16:57:58', '192.168.0.42'),
(36, 'SELECT  EMPLOYEE_ATTENDANCES.EMP_ATT_ID, EMPLOYEES.EMP_FIRST_NAME, EMPLOYEES.EMP_LAST_NAME, EMPLOYEE_ATTENDANCES.EVENT_TYPE, EMPLOYEE_ATTENDANCES.DATE_TIME, EMPLOYEE_ATTENDANCES.IP_ADDR FROM EMPLOYEE_ATTENDANCES, EMPLOYEES WHERE EMPLOYEE_ATTENDANCES.EMP_ID=2 AND EMPLOYEE_ATTENDANCES.EMP_ID=EMPLOYEES.EMP_ID ORDER BY EMPLOYEE_ATTENDANCES.DATE_TIME DESC;', 'Linda Tweed', '2016-06-15 16:57:58', '192.168.0.42'),
(37, 'SELECT WEB_PAGES.PAGE_ID, WEB_PAGES.TAG_CLASS, WEB_PAGES.TYPE, WEB_PAGES.HREF, WEB_PAGES.ICON_URL, WEB_PAGES.TITLE, WEB_PAGES.STATUS FROM WEB_PAGES WHERE (WEB_PAGES.PAGE_ID IN \r\n									(SELECT PAGE_ID FROM EMPLOYEE_WEBPAGE \r\n										WHERE EMP_ID = 2)) AND (WEB_PAGES.STATUS = "active");', 'Linda Tweed', '2016-06-15 16:58:00', '192.168.0.42'),
(38, 'SELECT WEB_PAGES.PAGE_ID, WEB_PAGES.TAG_CLASS, WEB_PAGES.TYPE, WEB_PAGES.HREF, WEB_PAGES.ICON_URL, WEB_PAGES.TITLE, WEB_PAGES.STATUS FROM WEB_PAGES WHERE (WEB_PAGES.PAGE_ID IN \r\n									(SELECT PAGE_ID FROM EMPLOYEE_WEBPAGE \r\n										WHERE EMP_ID = 2)) AND (WEB_PAGES.STATUS = "active");', 'Linda Tweed', '2016-06-15 16:58:19', '192.168.0.42'),
(39, 'INSERT INTO EMPLOYEE_LOG_IOS(EMP_ID, EVENT_TYPE, DATE_TIME, IP_ADDR) VALUES(2, "Out", NOW(), "192.168.0.42");', 'Linda Tweed', '2016-06-15 16:58:27', '192.168.0.42'),
(40, 'SELECT  EMP_ID, EMP_FIRST_NAME, EMP_LAST_NAME, EMP_BIRTHDATE, EMP_PHONE1 FROM EMPLOYEES  WHERE EMP_PASSCODE="8772";', 'system', '2016-06-15 16:59:45', '192.168.0.42'),
(41, 'INSERT INTO EMPLOYEE_LOG_IOS(EMP_ID, EVENT_TYPE, DATE_TIME, IP_ADDR) VALUES(2, "In", NOW(), "192.168.0.42");', 'Linda Tweed', '2016-06-15 16:59:45', '192.168.0.42'),
(42, 'SELECT WEB_PAGES.PAGE_ID, WEB_PAGES.TAG_CLASS, WEB_PAGES.TYPE, WEB_PAGES.HREF, WEB_PAGES.ICON_URL, WEB_PAGES.TITLE, WEB_PAGES.STATUS FROM WEB_PAGES WHERE (WEB_PAGES.PAGE_ID IN \r\n									(SELECT PAGE_ID FROM EMPLOYEE_WEBPAGE \r\n										WHERE EMP_ID = 2)) AND (WEB_PAGES.STATUS = "active");', 'Linda Tweed', '2016-06-15 16:59:45', '192.168.0.42'),
(43, 'SELECT WEB_PAGES.PAGE_ID, WEB_PAGES.TAG_CLASS, WEB_PAGES.TYPE, WEB_PAGES.HREF, WEB_PAGES.ICON_URL, WEB_PAGES.TITLE, WEB_PAGES.STATUS FROM WEB_PAGES WHERE (WEB_PAGES.PAGE_ID IN \r\n									(SELECT PAGE_ID FROM EMPLOYEE_WEBPAGE \r\n										WHERE EMP_ID = 2)) AND (WEB_PAGES.STATUS = "active");', 'Linda Tweed', '2016-06-15 17:00:47', '192.168.0.42'),
(44, 'INSERT INTO EMPLOYEE_LOG_IOS(EMP_ID, EVENT_TYPE, DATE_TIME, IP_ADDR) VALUES(2, "Out", NOW(), "192.168.0.42");', 'Linda Tweed', '2016-06-15 17:01:02', '192.168.0.42'),
(45, 'SELECT  EMP_ID, EMP_FIRST_NAME, EMP_LAST_NAME, EMP_BIRTHDATE, EMP_PHONE1 FROM EMPLOYEES  WHERE EMP_PASSCODE="1887";', 'system', '2016-06-15 17:01:08', '192.168.0.42'),
(46, 'INSERT INTO EMPLOYEE_LOG_IOS(EMP_ID, EVENT_TYPE, DATE_TIME, IP_ADDR) VALUES(1, "In", NOW(), "192.168.0.42");', 'Raphaelle Philippe', '2016-06-15 17:01:09', '192.168.0.42'),
(47, 'SELECT WEB_PAGES.PAGE_ID, WEB_PAGES.TAG_CLASS, WEB_PAGES.TYPE, WEB_PAGES.HREF, WEB_PAGES.ICON_URL, WEB_PAGES.TITLE, WEB_PAGES.STATUS FROM WEB_PAGES WHERE (WEB_PAGES.PAGE_ID IN \r\n									(SELECT PAGE_ID FROM EMPLOYEE_WEBPAGE \r\n										WHERE EMP_ID = 1)) AND (WEB_PAGES.STATUS = "active");', 'Raphaelle Philippe', '2016-06-15 17:01:09', '192.168.0.42'),
(48, 'SELECT HREF FROM WEB_PAGES WHERE (PAGE_ID IN \r\n									(SELECT PAGE_ID FROM EMPLOYEE_WEBPAGE \r\n										WHERE EMP_ID = 1)) AND (WEB_PAGES.STATUS = "active");', 'Raphaelle Philippe', '2016-06-15 17:14:07', '192.168.0.42'),
(49, 'INSERT INTO EMPLOYEE_ATTENDANCES(EMP_ID, EVENT_TYPE, DATE_TIME, IP_ADDR, NOTES) VALUES(1, "Out", NOW(), "192.168.0.42", "");', 'Raphaelle Philippe', '2016-06-15 17:14:07', '192.168.0.42'),
(50, 'SELECT WEB_PAGES.PAGE_ID, WEB_PAGES.TAG_CLASS, WEB_PAGES.TYPE, WEB_PAGES.HREF, WEB_PAGES.ICON_URL, WEB_PAGES.TITLE, WEB_PAGES.STATUS FROM WEB_PAGES WHERE (WEB_PAGES.PAGE_ID IN \r\n									(SELECT PAGE_ID FROM EMPLOYEE_WEBPAGE \r\n										WHERE EMP_ID = 1)) AND (WEB_PAGES.STATUS = "active");', 'Raphaelle Philippe', '2016-06-15 17:14:09', '192.168.0.42'),
(51, 'INSERT INTO EMPLOYEE_LOG_IOS(EMP_ID, EVENT_TYPE, DATE_TIME, IP_ADDR) VALUES(1, "Out", NOW(), "192.168.0.42");', 'Raphaelle Philippe', '2016-06-15 17:14:20', '192.168.0.42'),
(52, 'SELECT  EMP_ID, EMP_FIRST_NAME, EMP_LAST_NAME, EMP_BIRTHDATE, EMP_PHONE1 FROM EMPLOYEES  WHERE EMP_PASSCODE="1357";', 'system', '2016-06-15 17:14:23', '192.168.0.42'),
(53, 'INSERT INTO EMPLOYEE_LOG_IOS(EMP_ID, EVENT_TYPE, DATE_TIME, IP_ADDR) VALUES(6, "In", NOW(), "192.168.0.42");', 'Super User', '2016-06-15 17:14:23', '192.168.0.42'),
(54, 'SELECT WEB_PAGES.PAGE_ID, WEB_PAGES.TAG_CLASS, WEB_PAGES.TYPE, WEB_PAGES.HREF, WEB_PAGES.ICON_URL, WEB_PAGES.TITLE, WEB_PAGES.STATUS FROM WEB_PAGES WHERE (WEB_PAGES.PAGE_ID IN \r\n									(SELECT PAGE_ID FROM EMPLOYEE_WEBPAGE \r\n										WHERE EMP_ID = 6)) AND (WEB_PAGES.STATUS = "active");', 'Super User', '2016-06-15 17:14:24', '192.168.0.42'),
(55, 'SELECT HREF FROM WEB_PAGES WHERE (PAGE_ID IN \r\n									(SELECT PAGE_ID FROM EMPLOYEE_WEBPAGE \r\n										WHERE EMP_ID = 6)) AND (WEB_PAGES.STATUS = "active");', 'Super User', '2016-06-15 17:14:25', '192.168.0.42'),
(56, 'SELECT  * FROM DB_QUERY_LOGS ORDER BY DATE_TIME DESC;', 'Super User', '2016-06-15 17:14:25', '192.168.0.42'),
(57, 'SELECT WEB_PAGES.PAGE_ID, WEB_PAGES.TAG_CLASS, WEB_PAGES.TYPE, WEB_PAGES.HREF, WEB_PAGES.ICON_URL, WEB_PAGES.TITLE, WEB_PAGES.STATUS FROM WEB_PAGES WHERE (WEB_PAGES.PAGE_ID IN \r\n									(SELECT PAGE_ID FROM EMPLOYEE_WEBPAGE \r\n										WHERE EMP_ID = 6)) AND (WEB_PAGES.STATUS = "active");', 'Super User', '2016-06-15 17:15:41', '192.168.0.42'),
(58, 'INSERT INTO EMPLOYEE_LOG_IOS(EMP_ID, EVENT_TYPE, DATE_TIME, IP_ADDR) VALUES(6, "Out", NOW(), "192.168.0.42");', 'Super User', '2016-06-15 17:15:42', '192.168.0.42'),
(59, 'SELECT  EMP_ID, EMP_FIRST_NAME, EMP_LAST_NAME, EMP_BIRTHDATE, EMP_PHONE1 FROM EMPLOYEES  WHERE EMP_PASSCODE="8772";', 'system', '2016-06-15 17:15:45', '192.168.0.42'),
(60, 'INSERT INTO EMPLOYEE_LOG_IOS(EMP_ID, EVENT_TYPE, DATE_TIME, IP_ADDR) VALUES(2, "In", NOW(), "192.168.0.42");', 'Linda Tweed', '2016-06-15 17:15:45', '192.168.0.42'),
(61, 'SELECT WEB_PAGES.PAGE_ID, WEB_PAGES.TAG_CLASS, WEB_PAGES.TYPE, WEB_PAGES.HREF, WEB_PAGES.ICON_URL, WEB_PAGES.TITLE, WEB_PAGES.STATUS FROM WEB_PAGES WHERE (WEB_PAGES.PAGE_ID IN \r\n									(SELECT PAGE_ID FROM EMPLOYEE_WEBPAGE \r\n										WHERE EMP_ID = 2)) AND (WEB_PAGES.STATUS = "active");', 'Linda Tweed', '2016-06-15 17:15:46', '192.168.0.42'),
(62, 'SELECT HREF FROM WEB_PAGES WHERE (PAGE_ID IN \r\n									(SELECT PAGE_ID FROM EMPLOYEE_WEBPAGE \r\n										WHERE EMP_ID = 2)) AND (WEB_PAGES.STATUS = "active");', 'Linda Tweed', '2016-06-15 17:15:47', '192.168.0.42'),
(63, 'SELECT  EMPLOYEE_ATTENDANCES.EMP_ATT_ID, EMPLOYEES.EMP_FIRST_NAME, EMPLOYEES.EMP_LAST_NAME, EMPLOYEE_ATTENDANCES.EVENT_TYPE, EMPLOYEE_ATTENDANCES.DATE_TIME, EMPLOYEE_ATTENDANCES.IP_ADDR FROM EMPLOYEE_ATTENDANCES, EMPLOYEES WHERE EMPLOYEE_ATTENDANCES.EMP_ID=2 AND EMPLOYEE_ATTENDANCES.EMP_ID=EMPLOYEES.EMP_ID ORDER BY EMPLOYEE_ATTENDANCES.DATE_TIME DESC;', 'Linda Tweed', '2016-06-15 17:15:48', '192.168.0.42'),
(64, 'SELECT WEB_PAGES.PAGE_ID, WEB_PAGES.TAG_CLASS, WEB_PAGES.TYPE, WEB_PAGES.HREF, WEB_PAGES.ICON_URL, WEB_PAGES.TITLE, WEB_PAGES.STATUS FROM WEB_PAGES WHERE (WEB_PAGES.PAGE_ID IN \r\n									(SELECT PAGE_ID FROM EMPLOYEE_WEBPAGE \r\n										WHERE EMP_ID = 2)) AND (WEB_PAGES.STATUS = "active");', 'Linda Tweed', '2016-06-15 17:15:49', '192.168.0.42'),
(65, 'SELECT HREF FROM WEB_PAGES WHERE (PAGE_ID IN \r\n									(SELECT PAGE_ID FROM EMPLOYEE_WEBPAGE \r\n										WHERE EMP_ID = 2)) AND (WEB_PAGES.STATUS = "active");', 'Linda Tweed', '2016-06-15 17:15:50', '192.168.0.42'),
(66, 'SELECT  STUDENT_ATTENDANCES.STU_ATT_ID, CONCAT(STUDENTS.STU_FIRST_NAME, " ", STUDENTS.STU_LAST_NAME) AS STU_NAME, STUDENT_ATTENDANCES.EVENT_TYPE, STUDENT_ATTENDANCES.DATE_TIME, CONCAT(EMPLOYEES.EMP_FIRST_NAME, " ", EMPLOYEES.EMP_LAST_NAME) AS EMP_NAME, STUDENT_ATTENDANCES.IP_ADDR FROM STUDENT_ATTENDANCES, STUDENTS, EMPLOYEES WHERE STUDENTS.STU_ID = STUDENT_ATTENDANCES.STU_ID AND EMPLOYEES.EMP_ID = STUDENT_ATTENDANCES.EMP_ID ORDER BY STU_NAME ASC, STUDENT_ATTENDANCES.DATE_TIME DESC;', 'Linda Tweed', '2016-06-15 17:15:50', '192.168.0.42'),
(67, 'SELECT WEB_PAGES.PAGE_ID, WEB_PAGES.TAG_CLASS, WEB_PAGES.TYPE, WEB_PAGES.HREF, WEB_PAGES.ICON_URL, WEB_PAGES.TITLE, WEB_PAGES.STATUS FROM WEB_PAGES WHERE (WEB_PAGES.PAGE_ID IN \r\n									(SELECT PAGE_ID FROM EMPLOYEE_WEBPAGE \r\n										WHERE EMP_ID = 2)) AND (WEB_PAGES.STATUS = "active");', 'Linda Tweed', '2016-06-15 17:15:52', '192.168.0.42'),
(68, 'SELECT HREF FROM WEB_PAGES WHERE (PAGE_ID IN \r\n									(SELECT PAGE_ID FROM EMPLOYEE_WEBPAGE \r\n										WHERE EMP_ID = 2)) AND (WEB_PAGES.STATUS = "active");', 'Linda Tweed', '2016-06-15 17:15:53', '192.168.0.42'),
(69, 'SELECT STUDENTS.STU_ID, CONCAT(STUDENTS.STU_FIRST_NAME, " ", STUDENTS.STU_LAST_NAME) AS STU_NAME, STUDENTS.STU_BIRTHDATE, FLOOR(DATEDIFF(NOW(), STUDENTS.STU_BIRTHDATE)/365.25) AS STU_AGE, STUDENTS.STU_PHOTO FROM STUDENTS WHERE (STUDENTS.STU_ID IN (SELECT STUDENT_ATTENDANCES.STU_ID FROM STUDENT_ATTENDANCES WHERE STUDENT_ATTENDANCES.DATE_TIME >= CURDATE() AND STUDENT_ATTENDANCES.DATE_TIME < (CURDATE() + INTERVAL 1 DAY) AND STUDENT_ATTENDANCES.EVENT_TYPE = "In")) AND (STUDENTS.STU_ID NOT IN (SELECT STUDENT_ATTENDANCES.STU_ID FROM STUDENT_ATTENDANCES WHERE STUDENT_ATTENDANCES.DATE_TIME >= CURDATE() AND STUDENT_ATTENDANCES.DATE_TIME < (CURDATE() + INTERVAL 1 DAY) AND STUDENT_ATTENDANCES.EVENT_TYPE = "Out"));', 'Linda Tweed', '2016-06-15 17:15:53', '192.168.0.42'),
(70, 'SELECT EMPLOYEES.EMP_ID, CONCAT(EMPLOYEES.EMP_FIRST_NAME, " ", EMPLOYEES.EMP_LAST_NAME) AS EMP_NAME, EMPLOYEES.EMP_BIRTHDATE, EMPLOYEES.EMP_PHONE1 EMP_PHONE, EMPLOYEES.EMP_PHOTO FROM EMPLOYEES WHERE (EMPLOYEES.EMP_ID IN (SELECT EMPLOYEE_ATTENDANCES.EMP_ID FROM EMPLOYEE_ATTENDANCES WHERE EMPLOYEE_ATTENDANCES.DATE_TIME >= CURDATE() AND EMPLOYEE_ATTENDANCES.DATE_TIME < (CURDATE() + INTERVAL 1 DAY) AND EMPLOYEE_ATTENDANCES.EVENT_TYPE = "In")) AND (EMPLOYEES.EMP_ID NOT IN (SELECT EMPLOYEE_ATTENDANCES.EMP_ID FROM EMPLOYEE_ATTENDANCES WHERE EMPLOYEE_ATTENDANCES.DATE_TIME >= CURDATE() AND EMPLOYEE_ATTENDANCES.DATE_TIME < (CURDATE() + INTERVAL 1 DAY) AND EMPLOYEE_ATTENDANCES.EVENT_TYPE = "Out")) AND (EMPLOYEES.EMP_POST_ID1 IN (3,4 ));', 'Linda Tweed', '2016-06-15 17:15:53', '192.168.0.42'),
(71, 'SELECT DISTINCT EMPLOYEES.EMP_ID, CONCAT(EMPLOYEES.EMP_FIRST_NAME, " ", EMPLOYEES.EMP_LAST_NAME) AS EMP_NAME, EMPLOYEES.EMP_BIRTHDATE, EMPLOYEES.EMP_PHONE1 EMP_PHONE, EMPLOYEES.EMP_PHOTO FROM EMPLOYEES WHERE ((EMPLOYEES.EMP_ID NOT IN (SELECT EMPLOYEE_ATTENDANCES.EMP_ID FROM EMPLOYEE_ATTENDANCES WHERE EMPLOYEE_ATTENDANCES.DATE_TIME >= CURDATE() AND EMPLOYEE_ATTENDANCES.DATE_TIME < (CURDATE() + INTERVAL 1 DAY) AND EMPLOYEE_ATTENDANCES.EVENT_TYPE = "In")) OR (EMPLOYEES.EMP_ID IN (SELECT EMPLOYEE_ATTENDANCES.EMP_ID FROM EMPLOYEE_ATTENDANCES WHERE EMPLOYEE_ATTENDANCES.DATE_TIME >= CURDATE() AND EMPLOYEE_ATTENDANCES.DATE_TIME < (CURDATE() + INTERVAL 1 DAY) AND EMPLOYEE_ATTENDANCES.EVENT_TYPE = "Out"))) AND (EMPLOYEES.EMP_POST_ID1 IN (3,4 ));', 'Linda Tweed', '2016-06-15 17:15:53', '192.168.0.42'),
(72, 'SELECT WEB_PAGES.PAGE_ID, WEB_PAGES.TAG_CLASS, WEB_PAGES.TYPE, WEB_PAGES.HREF, WEB_PAGES.ICON_URL, WEB_PAGES.TITLE, WEB_PAGES.STATUS FROM WEB_PAGES WHERE (WEB_PAGES.PAGE_ID IN \r\n									(SELECT PAGE_ID FROM EMPLOYEE_WEBPAGE \r\n										WHERE EMP_ID = 2)) AND (WEB_PAGES.STATUS = "active");', 'Linda Tweed', '2016-06-15 17:16:00', '192.168.0.42'),
(73, 'SELECT WEB_PAGES.PAGE_ID, WEB_PAGES.TAG_CLASS, WEB_PAGES.TYPE, WEB_PAGES.HREF, WEB_PAGES.ICON_URL, WEB_PAGES.TITLE, WEB_PAGES.STATUS FROM WEB_PAGES WHERE (WEB_PAGES.PAGE_ID IN \r\n									(SELECT PAGE_ID FROM EMPLOYEE_WEBPAGE \r\n										WHERE EMP_ID = 2)) AND (WEB_PAGES.STATUS = "active");', 'Linda Tweed', '2016-06-15 17:22:40', '192.168.0.42'),
(74, 'SELECT HREF FROM WEB_PAGES WHERE (PAGE_ID IN \r\n									(SELECT PAGE_ID FROM EMPLOYEE_WEBPAGE \r\n										WHERE EMP_ID = 2)) AND (WEB_PAGES.STATUS = "active");', 'Linda Tweed', '2016-06-15 17:22:42', '192.168.0.42'),
(75, 'SELECT EMPLOYEES.EMP_ID, CONCAT(EMPLOYEES.EMP_FIRST_NAME, " ", EMPLOYEES.EMP_LAST_NAME) AS EMP_NAME, EMPLOYEES.EMP_BIRTHDATE, EMPLOYEES.EMP_PHONE1 EMP_PHONE, EMPLOYEES.EMP_PHOTO FROM EMPLOYEES WHERE (EMPLOYEES.EMP_ID IN (SELECT EMPLOYEE_ATTENDANCES.EMP_ID FROM EMPLOYEE_ATTENDANCES WHERE EMPLOYEE_ATTENDANCES.DATE_TIME >= CURDATE() AND EMPLOYEE_ATTENDANCES.DATE_TIME < (CURDATE() + INTERVAL 1 DAY) AND EMPLOYEE_ATTENDANCES.EVENT_TYPE = "In")) AND (EMPLOYEES.EMP_ID NOT IN (SELECT EMPLOYEE_ATTENDANCES.EMP_ID FROM EMPLOYEE_ATTENDANCES WHERE EMPLOYEE_ATTENDANCES.DATE_TIME >= CURDATE() AND EMPLOYEE_ATTENDANCES.DATE_TIME < (CURDATE() + INTERVAL 1 DAY) AND EMPLOYEE_ATTENDANCES.EVENT_TYPE = "Out")) AND (EMPLOYEES.EMP_POST_ID1 IN (3,4 ));', 'Linda Tweed', '2016-06-15 17:22:42', '192.168.0.42'),
(76, 'SELECT STUDENTS.STU_ID, CONCAT(STUDENTS.STU_FIRST_NAME, " ", STUDENTS.STU_LAST_NAME) AS STU_NAME, STUDENTS.STU_BIRTHDATE, FLOOR(DATEDIFF(NOW(), STUDENTS.STU_BIRTHDATE)/365.25) AS STU_AGE, STUDENTS.STU_PHOTO FROM STUDENTS WHERE (STUDENTS.STU_ID IN (SELECT STUDENT_ATTENDANCES.STU_ID FROM STUDENT_ATTENDANCES WHERE STUDENT_ATTENDANCES.DATE_TIME >= CURDATE() AND STUDENT_ATTENDANCES.DATE_TIME < (CURDATE() + INTERVAL 1 DAY) AND STUDENT_ATTENDANCES.EVENT_TYPE = "In")) AND (STUDENTS.STU_ID NOT IN (SELECT STUDENT_ATTENDANCES.STU_ID FROM STUDENT_ATTENDANCES WHERE STUDENT_ATTENDANCES.DATE_TIME >= CURDATE() AND STUDENT_ATTENDANCES.DATE_TIME < (CURDATE() + INTERVAL 1 DAY) AND STUDENT_ATTENDANCES.EVENT_TYPE = "Out"));', 'Linda Tweed', '2016-06-15 17:22:42', '192.168.0.42'),
(77, 'SELECT DISTINCT EMPLOYEES.EMP_ID, CONCAT(EMPLOYEES.EMP_FIRST_NAME, " ", EMPLOYEES.EMP_LAST_NAME) AS EMP_NAME, EMPLOYEES.EMP_BIRTHDATE, EMPLOYEES.EMP_PHONE1 EMP_PHONE, EMPLOYEES.EMP_PHOTO FROM EMPLOYEES WHERE ((EMPLOYEES.EMP_ID NOT IN (SELECT EMPLOYEE_ATTENDANCES.EMP_ID FROM EMPLOYEE_ATTENDANCES WHERE EMPLOYEE_ATTENDANCES.DATE_TIME >= CURDATE() AND EMPLOYEE_ATTENDANCES.DATE_TIME < (CURDATE() + INTERVAL 1 DAY) AND EMPLOYEE_ATTENDANCES.EVENT_TYPE = "In")) OR (EMPLOYEES.EMP_ID IN (SELECT EMPLOYEE_ATTENDANCES.EMP_ID FROM EMPLOYEE_ATTENDANCES WHERE EMPLOYEE_ATTENDANCES.DATE_TIME >= CURDATE() AND EMPLOYEE_ATTENDANCES.DATE_TIME < (CURDATE() + INTERVAL 1 DAY) AND EMPLOYEE_ATTENDANCES.EVENT_TYPE = "Out"))) AND (EMPLOYEES.EMP_POST_ID1 IN (3,4 ));', 'Linda Tweed', '2016-06-15 17:22:42', '192.168.0.42'),
(78, 'SELECT WEB_PAGES.PAGE_ID, WEB_PAGES.TAG_CLASS, WEB_PAGES.TYPE, WEB_PAGES.HREF, WEB_PAGES.ICON_URL, WEB_PAGES.TITLE, WEB_PAGES.STATUS FROM WEB_PAGES WHERE (WEB_PAGES.PAGE_ID IN \r\n									(SELECT PAGE_ID FROM EMPLOYEE_WEBPAGE \r\n										WHERE EMP_ID = 2)) AND (WEB_PAGES.STATUS = "active");', 'Linda Tweed', '2016-06-15 17:22:44', '192.168.0.42'),
(79, 'SELECT HREF FROM WEB_PAGES WHERE (PAGE_ID IN \r\n									(SELECT PAGE_ID FROM EMPLOYEE_WEBPAGE \r\n										WHERE EMP_ID = 2)) AND (WEB_PAGES.STATUS = "active");', 'Linda Tweed', '2016-06-15 17:22:46', '192.168.0.42'),
(80, 'INSERT INTO EMPLOYEE_ATTENDANCES(EMP_ID, EVENT_TYPE, DATE_TIME, IP_ADDR, NOTES) VALUES(2, "In", NOW(), "192.168.0.42", "");', 'Linda Tweed', '2016-06-15 17:22:46', '192.168.0.42'),
(81, 'SELECT WEB_PAGES.PAGE_ID, WEB_PAGES.TAG_CLASS, WEB_PAGES.TYPE, WEB_PAGES.HREF, WEB_PAGES.ICON_URL, WEB_PAGES.TITLE, WEB_PAGES.STATUS FROM WEB_PAGES WHERE (WEB_PAGES.PAGE_ID IN \r\n									(SELECT PAGE_ID FROM EMPLOYEE_WEBPAGE \r\n										WHERE EMP_ID = 2)) AND (WEB_PAGES.STATUS = "active");', 'Linda Tweed', '2016-06-15 17:22:48', '192.168.0.42'),
(82, 'SELECT HREF FROM WEB_PAGES WHERE (PAGE_ID IN \r\n									(SELECT PAGE_ID FROM EMPLOYEE_WEBPAGE \r\n										WHERE EMP_ID = 2)) AND (WEB_PAGES.STATUS = "active");', 'Linda Tweed', '2016-06-15 17:22:49', '192.168.0.42'),
(83, 'SELECT  STUDENTS.STU_ID, CONCAT(STUDENTS.STU_FIRST_NAME, " ", STUDENTS.STU_LAST_NAME) AS STU_NAME, STUDENTS.STU_BIRTHDATE, FLOOR(DATEDIFF(NOW(), STUDENTS.STU_BIRTHDATE)/365.25) AS STU_AGE, STUDENTS.STU_PHOTO FROM STUDENTS WHERE  STUDENTS.STU_ID NOT IN (SELECT STUDENT_ATTENDANCES.STU_ID FROM STUDENT_ATTENDANCES WHERE \r\n										STUDENT_ATTENDANCES.DATE_TIME >= CURDATE() AND \r\n										STUDENT_ATTENDANCES.DATE_TIME < (CURDATE() + INTERVAL 1 DAY) AND\r\n										STUDENT_ATTENDANCES.EVENT_TYPE = "In");', 'Linda Tweed', '2016-06-15 17:22:49', '192.168.0.42'),
(84, 'SELECT STUDENTS.STU_ID, CONCAT(STUDENTS.STU_FIRST_NAME, " ", STUDENTS.STU_LAST_NAME) AS STU_NAME, STUDENTS.STU_BIRTHDATE, FLOOR(DATEDIFF(NOW(), STUDENTS.STU_BIRTHDATE)/365.25) AS STU_AGE, STUDENTS.STU_PHOTO FROM STUDENTS WHERE (STUDENTS.STU_ID IN (SELECT STUDENT_ATTENDANCES.STU_ID FROM STUDENT_ATTENDANCES WHERE STUDENT_ATTENDANCES.DATE_TIME >= CURDATE() AND STUDENT_ATTENDANCES.DATE_TIME < (CURDATE() + INTERVAL 1 DAY) AND STUDENT_ATTENDANCES.EVENT_TYPE = "In")) AND (STUDENTS.STU_ID NOT IN (SELECT STUDENT_ATTENDANCES.STU_ID FROM STUDENT_ATTENDANCES WHERE STUDENT_ATTENDANCES.DATE_TIME >= CURDATE() AND STUDENT_ATTENDANCES.DATE_TIME < (CURDATE() + INTERVAL 1 DAY) AND STUDENT_ATTENDANCES.EVENT_TYPE = "Out"));', 'Linda Tweed', '2016-06-15 17:22:49', '192.168.0.42'),
(85, 'SELECT HREF FROM WEB_PAGES WHERE (PAGE_ID IN \r\n									(SELECT PAGE_ID FROM EMPLOYEE_WEBPAGE \r\n										WHERE EMP_ID = 2)) AND (WEB_PAGES.STATUS = "active");', 'Linda Tweed', '2016-06-15 17:22:53', '192.168.0.42'),
(86, 'INSERT INTO STUDENT_ATTENDANCES(STU_ID, EVENT_TYPE, DATE_TIME, EMP_ID, IP_ADDR, NOTES) VALUES(1, "In", NOW(), 2, "192.168.0.42", "");', 'Linda Tweed', '2016-06-15 17:22:53', '192.168.0.42'),
(87, 'INSERT INTO STUDENT_ATTENDANCES(STU_ID, EVENT_TYPE, DATE_TIME, EMP_ID, IP_ADDR, NOTES) VALUES(2, "In", NOW(), 2, "192.168.0.42", "");', 'Linda Tweed', '2016-06-15 17:22:53', '192.168.0.42'),
(88, 'INSERT INTO STUDENT_ATTENDANCES(STU_ID, EVENT_TYPE, DATE_TIME, EMP_ID, IP_ADDR, NOTES) VALUES(3, "In", NOW(), 2, "192.168.0.42", "");', 'Linda Tweed', '2016-06-15 17:22:53', '192.168.0.42'),
(89, 'SELECT HREF FROM WEB_PAGES WHERE (PAGE_ID IN \r\n									(SELECT PAGE_ID FROM EMPLOYEE_WEBPAGE \r\n										WHERE EMP_ID = 2)) AND (WEB_PAGES.STATUS = "active");', 'Linda Tweed', '2016-06-15 17:22:55', '192.168.0.42'),
(90, 'SELECT  STUDENTS.STU_ID, CONCAT(STUDENTS.STU_FIRST_NAME, " ", STUDENTS.STU_LAST_NAME) AS STU_NAME, STUDENTS.STU_BIRTHDATE, FLOOR(DATEDIFF(NOW(), STUDENTS.STU_BIRTHDATE)/365.25) AS STU_AGE, STUDENTS.STU_PHOTO FROM STUDENTS WHERE  STUDENTS.STU_ID NOT IN (SELECT STUDENT_ATTENDANCES.STU_ID FROM STUDENT_ATTENDANCES WHERE \r\n										STUDENT_ATTENDANCES.DATE_TIME >= CURDATE() AND \r\n										STUDENT_ATTENDANCES.DATE_TIME < (CURDATE() + INTERVAL 1 DAY) AND\r\n										STUDENT_ATTENDANCES.EVENT_TYPE = "In");', 'Linda Tweed', '2016-06-15 17:22:55', '192.168.0.42'),
(91, 'SELECT STUDENTS.STU_ID, CONCAT(STUDENTS.STU_FIRST_NAME, " ", STUDENTS.STU_LAST_NAME) AS STU_NAME, STUDENTS.STU_BIRTHDATE, FLOOR(DATEDIFF(NOW(), STUDENTS.STU_BIRTHDATE)/365.25) AS STU_AGE, STUDENTS.STU_PHOTO FROM STUDENTS WHERE (STUDENTS.STU_ID IN (SELECT STUDENT_ATTENDANCES.STU_ID FROM STUDENT_ATTENDANCES WHERE STUDENT_ATTENDANCES.DATE_TIME >= CURDATE() AND STUDENT_ATTENDANCES.DATE_TIME < (CURDATE() + INTERVAL 1 DAY) AND STUDENT_ATTENDANCES.EVENT_TYPE = "In")) AND (STUDENTS.STU_ID NOT IN (SELECT STUDENT_ATTENDANCES.STU_ID FROM STUDENT_ATTENDANCES WHERE STUDENT_ATTENDANCES.DATE_TIME >= CURDATE() AND STUDENT_ATTENDANCES.DATE_TIME < (CURDATE() + INTERVAL 1 DAY) AND STUDENT_ATTENDANCES.EVENT_TYPE = "Out"));', 'Linda Tweed', '2016-06-15 17:22:55', '192.168.0.42'),
(92, 'SELECT WEB_PAGES.PAGE_ID, WEB_PAGES.TAG_CLASS, WEB_PAGES.TYPE, WEB_PAGES.HREF, WEB_PAGES.ICON_URL, WEB_PAGES.TITLE, WEB_PAGES.STATUS FROM WEB_PAGES WHERE (WEB_PAGES.PAGE_ID IN \r\n									(SELECT PAGE_ID FROM EMPLOYEE_WEBPAGE \r\n										WHERE EMP_ID = 2)) AND (WEB_PAGES.STATUS = "active");', 'Linda Tweed', '2016-06-15 17:22:57', '192.168.0.42'),
(93, 'SELECT HREF FROM WEB_PAGES WHERE (PAGE_ID IN \r\n									(SELECT PAGE_ID FROM EMPLOYEE_WEBPAGE \r\n										WHERE EMP_ID = 2)) AND (WEB_PAGES.STATUS = "active");', 'Linda Tweed', '2016-06-15 17:22:59', '192.168.0.42'),
(94, 'SELECT EMPLOYEES.EMP_ID, CONCAT(EMPLOYEES.EMP_FIRST_NAME, " ", EMPLOYEES.EMP_LAST_NAME) AS EMP_NAME, EMPLOYEES.EMP_BIRTHDATE, EMPLOYEES.EMP_PHONE1 EMP_PHONE, EMPLOYEES.EMP_PHOTO FROM EMPLOYEES WHERE (EMPLOYEES.EMP_ID IN (SELECT EMPLOYEE_ATTENDANCES.EMP_ID FROM EMPLOYEE_ATTENDANCES WHERE EMPLOYEE_ATTENDANCES.DATE_TIME >= CURDATE() AND EMPLOYEE_ATTENDANCES.DATE_TIME < (CURDATE() + INTERVAL 1 DAY) AND EMPLOYEE_ATTENDANCES.EVENT_TYPE = "In")) AND (EMPLOYEES.EMP_ID NOT IN (SELECT EMPLOYEE_ATTENDANCES.EMP_ID FROM EMPLOYEE_ATTENDANCES WHERE EMPLOYEE_ATTENDANCES.DATE_TIME >= CURDATE() AND EMPLOYEE_ATTENDANCES.DATE_TIME < (CURDATE() + INTERVAL 1 DAY) AND EMPLOYEE_ATTENDANCES.EVENT_TYPE = "Out")) AND (EMPLOYEES.EMP_POST_ID1 IN (3,4 ));', 'Linda Tweed', '2016-06-15 17:22:59', '192.168.0.42'),
(95, 'SELECT STUDENTS.STU_ID, CONCAT(STUDENTS.STU_FIRST_NAME, " ", STUDENTS.STU_LAST_NAME) AS STU_NAME, STUDENTS.STU_BIRTHDATE, FLOOR(DATEDIFF(NOW(), STUDENTS.STU_BIRTHDATE)/365.25) AS STU_AGE, STUDENTS.STU_PHOTO FROM STUDENTS WHERE (STUDENTS.STU_ID IN (SELECT STUDENT_ATTENDANCES.STU_ID FROM STUDENT_ATTENDANCES WHERE STUDENT_ATTENDANCES.DATE_TIME >= CURDATE() AND STUDENT_ATTENDANCES.DATE_TIME < (CURDATE() + INTERVAL 1 DAY) AND STUDENT_ATTENDANCES.EVENT_TYPE = "In")) AND (STUDENTS.STU_ID NOT IN (SELECT STUDENT_ATTENDANCES.STU_ID FROM STUDENT_ATTENDANCES WHERE STUDENT_ATTENDANCES.DATE_TIME >= CURDATE() AND STUDENT_ATTENDANCES.DATE_TIME < (CURDATE() + INTERVAL 1 DAY) AND STUDENT_ATTENDANCES.EVENT_TYPE = "Out"));', 'Linda Tweed', '2016-06-15 17:22:59', '192.168.0.42'),
(96, 'SELECT DISTINCT EMPLOYEES.EMP_ID, CONCAT(EMPLOYEES.EMP_FIRST_NAME, " ", EMPLOYEES.EMP_LAST_NAME) AS EMP_NAME, EMPLOYEES.EMP_BIRTHDATE, EMPLOYEES.EMP_PHONE1 EMP_PHONE, EMPLOYEES.EMP_PHOTO FROM EMPLOYEES WHERE ((EMPLOYEES.EMP_ID NOT IN (SELECT EMPLOYEE_ATTENDANCES.EMP_ID FROM EMPLOYEE_ATTENDANCES WHERE EMPLOYEE_ATTENDANCES.DATE_TIME >= CURDATE() AND EMPLOYEE_ATTENDANCES.DATE_TIME < (CURDATE() + INTERVAL 1 DAY) AND EMPLOYEE_ATTENDANCES.EVENT_TYPE = "In")) OR (EMPLOYEES.EMP_ID IN (SELECT EMPLOYEE_ATTENDANCES.EMP_ID FROM EMPLOYEE_ATTENDANCES WHERE EMPLOYEE_ATTENDANCES.DATE_TIME >= CURDATE() AND EMPLOYEE_ATTENDANCES.DATE_TIME < (CURDATE() + INTERVAL 1 DAY) AND EMPLOYEE_ATTENDANCES.EVENT_TYPE = "Out"))) AND (EMPLOYEES.EMP_POST_ID1 IN (3,4 ));', 'Linda Tweed', '2016-06-15 17:22:59', '192.168.0.42'),
(97, 'SELECT WEB_PAGES.PAGE_ID, WEB_PAGES.TAG_CLASS, WEB_PAGES.TYPE, WEB_PAGES.HREF, WEB_PAGES.ICON_URL, WEB_PAGES.TITLE, WEB_PAGES.STATUS FROM WEB_PAGES WHERE (WEB_PAGES.PAGE_ID IN \r\n									(SELECT PAGE_ID FROM EMPLOYEE_WEBPAGE \r\n										WHERE EMP_ID = 2)) AND (WEB_PAGES.STATUS = "active");', 'Linda Tweed', '2016-06-15 17:23:03', '192.168.0.42'),
(98, 'SELECT HREF FROM WEB_PAGES WHERE (PAGE_ID IN \r\n									(SELECT PAGE_ID FROM EMPLOYEE_WEBPAGE \r\n										WHERE EMP_ID = 2)) AND (WEB_PAGES.STATUS = "active");', 'Linda Tweed', '2016-06-15 17:23:05', '192.168.0.42'),
(99, 'SELECT  STUDENTS.STU_ID, CONCAT(STUDENTS.STU_FIRST_NAME, " ", STUDENTS.STU_LAST_NAME) AS STU_NAME, STUDENTS.STU_BIRTHDATE, FLOOR(DATEDIFF(NOW(), STUDENTS.STU_BIRTHDATE)/365.25) AS STU_AGE, STUDENTS.STU_PHOTO FROM STUDENTS WHERE  STUDENTS.STU_ID NOT IN (SELECT STUDENT_ATTENDANCES.STU_ID FROM STUDENT_ATTENDANCES WHERE \r\n										STUDENT_ATTENDANCES.DATE_TIME >= CURDATE() AND \r\n										STUDENT_ATTENDANCES.DATE_TIME < (CURDATE() + INTERVAL 1 DAY) AND\r\n										STUDENT_ATTENDANCES.EVENT_TYPE = "In");', 'Linda Tweed', '2016-06-15 17:23:05', '192.168.0.42'),
(100, 'SELECT STUDENTS.STU_ID, CONCAT(STUDENTS.STU_FIRST_NAME, " ", STUDENTS.STU_LAST_NAME) AS STU_NAME, STUDENTS.STU_BIRTHDATE, FLOOR(DATEDIFF(NOW(), STUDENTS.STU_BIRTHDATE)/365.25) AS STU_AGE, STUDENTS.STU_PHOTO FROM STUDENTS WHERE (STUDENTS.STU_ID IN (SELECT STUDENT_ATTENDANCES.STU_ID FROM STUDENT_ATTENDANCES WHERE STUDENT_ATTENDANCES.DATE_TIME >= CURDATE() AND STUDENT_ATTENDANCES.DATE_TIME < (CURDATE() + INTERVAL 1 DAY) AND STUDENT_ATTENDANCES.EVENT_TYPE = "In")) AND (STUDENTS.STU_ID NOT IN (SELECT STUDENT_ATTENDANCES.STU_ID FROM STUDENT_ATTENDANCES WHERE STUDENT_ATTENDANCES.DATE_TIME >= CURDATE() AND STUDENT_ATTENDANCES.DATE_TIME < (CURDATE() + INTERVAL 1 DAY) AND STUDENT_ATTENDANCES.EVENT_TYPE = "Out"));', 'Linda Tweed', '2016-06-15 17:23:05', '192.168.0.42'),
(101, 'SELECT HREF FROM WEB_PAGES WHERE (PAGE_ID IN \r\n									(SELECT PAGE_ID FROM EMPLOYEE_WEBPAGE \r\n										WHERE EMP_ID = 2)) AND (WEB_PAGES.STATUS = "active");', 'Linda Tweed', '2016-06-15 17:23:10', '192.168.0.42'),
(102, 'INSERT INTO STUDENT_ATTENDANCES(STU_ID, EVENT_TYPE, DATE_TIME, EMP_ID, IP_ADDR, NOTES) VALUES(6, "In", NOW(), 2, "192.168.0.42", "");', 'Linda Tweed', '2016-06-15 17:23:10', '192.168.0.42'),
(103, 'SELECT HREF FROM WEB_PAGES WHERE (PAGE_ID IN \r\n									(SELECT PAGE_ID FROM EMPLOYEE_WEBPAGE \r\n										WHERE EMP_ID = 2)) AND (WEB_PAGES.STATUS = "active");', 'Linda Tweed', '2016-06-15 17:23:12', '192.168.0.42'),
(104, 'SELECT  STUDENTS.STU_ID, CONCAT(STUDENTS.STU_FIRST_NAME, " ", STUDENTS.STU_LAST_NAME) AS STU_NAME, STUDENTS.STU_BIRTHDATE, FLOOR(DATEDIFF(NOW(), STUDENTS.STU_BIRTHDATE)/365.25) AS STU_AGE, STUDENTS.STU_PHOTO FROM STUDENTS WHERE  STUDENTS.STU_ID NOT IN (SELECT STUDENT_ATTENDANCES.STU_ID FROM STUDENT_ATTENDANCES WHERE \r\n										STUDENT_ATTENDANCES.DATE_TIME >= CURDATE() AND \r\n										STUDENT_ATTENDANCES.DATE_TIME < (CURDATE() + INTERVAL 1 DAY) AND\r\n										STUDENT_ATTENDANCES.EVENT_TYPE = "In");', 'Linda Tweed', '2016-06-15 17:23:12', '192.168.0.42'),
(105, 'SELECT STUDENTS.STU_ID, CONCAT(STUDENTS.STU_FIRST_NAME, " ", STUDENTS.STU_LAST_NAME) AS STU_NAME, STUDENTS.STU_BIRTHDATE, FLOOR(DATEDIFF(NOW(), STUDENTS.STU_BIRTHDATE)/365.25) AS STU_AGE, STUDENTS.STU_PHOTO FROM STUDENTS WHERE (STUDENTS.STU_ID IN (SELECT STUDENT_ATTENDANCES.STU_ID FROM STUDENT_ATTENDANCES WHERE STUDENT_ATTENDANCES.DATE_TIME >= CURDATE() AND STUDENT_ATTENDANCES.DATE_TIME < (CURDATE() + INTERVAL 1 DAY) AND STUDENT_ATTENDANCES.EVENT_TYPE = "In")) AND (STUDENTS.STU_ID NOT IN (SELECT STUDENT_ATTENDANCES.STU_ID FROM STUDENT_ATTENDANCES WHERE STUDENT_ATTENDANCES.DATE_TIME >= CURDATE() AND STUDENT_ATTENDANCES.DATE_TIME < (CURDATE() + INTERVAL 1 DAY) AND STUDENT_ATTENDANCES.EVENT_TYPE = "Out"));', 'Linda Tweed', '2016-06-15 17:23:12', '192.168.0.42'),
(106, 'SELECT WEB_PAGES.PAGE_ID, WEB_PAGES.TAG_CLASS, WEB_PAGES.TYPE, WEB_PAGES.HREF, WEB_PAGES.ICON_URL, WEB_PAGES.TITLE, WEB_PAGES.STATUS FROM WEB_PAGES WHERE (WEB_PAGES.PAGE_ID IN \r\n									(SELECT PAGE_ID FROM EMPLOYEE_WEBPAGE \r\n										WHERE EMP_ID = 2)) AND (WEB_PAGES.STATUS = "active");', 'Linda Tweed', '2016-06-15 17:23:18', '192.168.0.42'),
(107, 'SELECT HREF FROM WEB_PAGES WHERE (PAGE_ID IN \r\n									(SELECT PAGE_ID FROM EMPLOYEE_WEBPAGE \r\n										WHERE EMP_ID = 2)) AND (WEB_PAGES.STATUS = "active");', 'Linda Tweed', '2016-06-15 17:23:19', '192.168.0.42'),
(108, 'SELECT EMPLOYEES.EMP_ID, CONCAT(EMPLOYEES.EMP_FIRST_NAME, " ", EMPLOYEES.EMP_LAST_NAME) AS EMP_NAME, EMPLOYEES.EMP_BIRTHDATE, EMPLOYEES.EMP_PHONE1 EMP_PHONE, EMPLOYEES.EMP_PHOTO FROM EMPLOYEES WHERE (EMPLOYEES.EMP_ID IN (SELECT EMPLOYEE_ATTENDANCES.EMP_ID FROM EMPLOYEE_ATTENDANCES WHERE EMPLOYEE_ATTENDANCES.DATE_TIME >= CURDATE() AND EMPLOYEE_ATTENDANCES.DATE_TIME < (CURDATE() + INTERVAL 1 DAY) AND EMPLOYEE_ATTENDANCES.EVENT_TYPE = "In")) AND (EMPLOYEES.EMP_ID NOT IN (SELECT EMPLOYEE_ATTENDANCES.EMP_ID FROM EMPLOYEE_ATTENDANCES WHERE EMPLOYEE_ATTENDANCES.DATE_TIME >= CURDATE() AND EMPLOYEE_ATTENDANCES.DATE_TIME < (CURDATE() + INTERVAL 1 DAY) AND EMPLOYEE_ATTENDANCES.EVENT_TYPE = "Out")) AND (EMPLOYEES.EMP_POST_ID1 IN (3,4 ));', 'Linda Tweed', '2016-06-15 17:23:19', '192.168.0.42'),
(109, 'SELECT STUDENTS.STU_ID, CONCAT(STUDENTS.STU_FIRST_NAME, " ", STUDENTS.STU_LAST_NAME) AS STU_NAME, STUDENTS.STU_BIRTHDATE, FLOOR(DATEDIFF(NOW(), STUDENTS.STU_BIRTHDATE)/365.25) AS STU_AGE, STUDENTS.STU_PHOTO FROM STUDENTS WHERE (STUDENTS.STU_ID IN (SELECT STUDENT_ATTENDANCES.STU_ID FROM STUDENT_ATTENDANCES WHERE STUDENT_ATTENDANCES.DATE_TIME >= CURDATE() AND STUDENT_ATTENDANCES.DATE_TIME < (CURDATE() + INTERVAL 1 DAY) AND STUDENT_ATTENDANCES.EVENT_TYPE = "In")) AND (STUDENTS.STU_ID NOT IN (SELECT STUDENT_ATTENDANCES.STU_ID FROM STUDENT_ATTENDANCES WHERE STUDENT_ATTENDANCES.DATE_TIME >= CURDATE() AND STUDENT_ATTENDANCES.DATE_TIME < (CURDATE() + INTERVAL 1 DAY) AND STUDENT_ATTENDANCES.EVENT_TYPE = "Out"));', 'Linda Tweed', '2016-06-15 17:23:19', '192.168.0.42'),
(110, 'SELECT DISTINCT EMPLOYEES.EMP_ID, CONCAT(EMPLOYEES.EMP_FIRST_NAME, " ", EMPLOYEES.EMP_LAST_NAME) AS EMP_NAME, EMPLOYEES.EMP_BIRTHDATE, EMPLOYEES.EMP_PHONE1 EMP_PHONE, EMPLOYEES.EMP_PHOTO FROM EMPLOYEES WHERE ((EMPLOYEES.EMP_ID NOT IN (SELECT EMPLOYEE_ATTENDANCES.EMP_ID FROM EMPLOYEE_ATTENDANCES WHERE EMPLOYEE_ATTENDANCES.DATE_TIME >= CURDATE() AND EMPLOYEE_ATTENDANCES.DATE_TIME < (CURDATE() + INTERVAL 1 DAY) AND EMPLOYEE_ATTENDANCES.EVENT_TYPE = "In")) OR (EMPLOYEES.EMP_ID IN (SELECT EMPLOYEE_ATTENDANCES.EMP_ID FROM EMPLOYEE_ATTENDANCES WHERE EMPLOYEE_ATTENDANCES.DATE_TIME >= CURDATE() AND EMPLOYEE_ATTENDANCES.DATE_TIME < (CURDATE() + INTERVAL 1 DAY) AND EMPLOYEE_ATTENDANCES.EVENT_TYPE = "Out"))) AND (EMPLOYEES.EMP_POST_ID1 IN (3,4 ));', 'Linda Tweed', '2016-06-15 17:23:19', '192.168.0.42'),
(111, 'SELECT WEB_PAGES.PAGE_ID, WEB_PAGES.TAG_CLASS, WEB_PAGES.TYPE, WEB_PAGES.HREF, WEB_PAGES.ICON_URL, WEB_PAGES.TITLE, WEB_PAGES.STATUS FROM WEB_PAGES WHERE (WEB_PAGES.PAGE_ID IN \r\n									(SELECT PAGE_ID FROM EMPLOYEE_WEBPAGE \r\n										WHERE EMP_ID = 2)) AND (WEB_PAGES.STATUS = "active");', 'Linda Tweed', '2016-06-15 17:23:21', '192.168.0.42'),
(112, 'SELECT HREF FROM WEB_PAGES WHERE (PAGE_ID IN \r\n									(SELECT PAGE_ID FROM EMPLOYEE_WEBPAGE \r\n										WHERE EMP_ID = 2)) AND (WEB_PAGES.STATUS = "active");', 'Linda Tweed', '2016-06-15 17:23:22', '192.168.0.42'),
(113, 'SELECT  STUDENTS.STU_ID, CONCAT(STUDENTS.STU_FIRST_NAME, " ", STUDENTS.STU_LAST_NAME) AS STU_NAME, STUDENTS.STU_BIRTHDATE, FLOOR(DATEDIFF(NOW(), STUDENTS.STU_BIRTHDATE)/365.25) AS STU_AGE, STUDENTS.STU_PHOTO FROM STUDENTS WHERE  STUDENTS.STU_ID NOT IN (SELECT STUDENT_ATTENDANCES.STU_ID FROM STUDENT_ATTENDANCES WHERE \r\n										STUDENT_ATTENDANCES.DATE_TIME >= CURDATE() AND \r\n										STUDENT_ATTENDANCES.DATE_TIME < (CURDATE() + INTERVAL 1 DAY) AND\r\n										STUDENT_ATTENDANCES.EVENT_TYPE = "In");', 'Linda Tweed', '2016-06-15 17:23:22', '192.168.0.42'),
(114, 'SELECT STUDENTS.STU_ID, CONCAT(STUDENTS.STU_FIRST_NAME, " ", STUDENTS.STU_LAST_NAME) AS STU_NAME, STUDENTS.STU_BIRTHDATE, FLOOR(DATEDIFF(NOW(), STUDENTS.STU_BIRTHDATE)/365.25) AS STU_AGE, STUDENTS.STU_PHOTO FROM STUDENTS WHERE (STUDENTS.STU_ID IN (SELECT STUDENT_ATTENDANCES.STU_ID FROM STUDENT_ATTENDANCES WHERE STUDENT_ATTENDANCES.DATE_TIME >= CURDATE() AND STUDENT_ATTENDANCES.DATE_TIME < (CURDATE() + INTERVAL 1 DAY) AND STUDENT_ATTENDANCES.EVENT_TYPE = "In")) AND (STUDENTS.STU_ID NOT IN (SELECT STUDENT_ATTENDANCES.STU_ID FROM STUDENT_ATTENDANCES WHERE STUDENT_ATTENDANCES.DATE_TIME >= CURDATE() AND STUDENT_ATTENDANCES.DATE_TIME < (CURDATE() + INTERVAL 1 DAY) AND STUDENT_ATTENDANCES.EVENT_TYPE = "Out"));', 'Linda Tweed', '2016-06-15 17:23:22', '192.168.0.42'),
(115, 'SELECT HREF FROM WEB_PAGES WHERE (PAGE_ID IN \r\n									(SELECT PAGE_ID FROM EMPLOYEE_WEBPAGE \r\n										WHERE EMP_ID = 2)) AND (WEB_PAGES.STATUS = "active");', 'Linda Tweed', '2016-06-15 17:23:25', '192.168.0.42'),
(116, 'INSERT INTO STUDENT_ATTENDANCES(STU_ID, EVENT_TYPE, DATE_TIME, EMP_ID, IP_ADDR, NOTES) VALUES(8, "In", NOW(), 2, "192.168.0.42", "");', 'Linda Tweed', '2016-06-15 17:23:25', '192.168.0.42'),
(117, 'SELECT HREF FROM WEB_PAGES WHERE (PAGE_ID IN \r\n									(SELECT PAGE_ID FROM EMPLOYEE_WEBPAGE \r\n										WHERE EMP_ID = 2)) AND (WEB_PAGES.STATUS = "active");', 'Linda Tweed', '2016-06-15 17:23:26', '192.168.0.42'),
(118, 'SELECT  STUDENTS.STU_ID, CONCAT(STUDENTS.STU_FIRST_NAME, " ", STUDENTS.STU_LAST_NAME) AS STU_NAME, STUDENTS.STU_BIRTHDATE, FLOOR(DATEDIFF(NOW(), STUDENTS.STU_BIRTHDATE)/365.25) AS STU_AGE, STUDENTS.STU_PHOTO FROM STUDENTS WHERE  STUDENTS.STU_ID NOT IN (SELECT STUDENT_ATTENDANCES.STU_ID FROM STUDENT_ATTENDANCES WHERE \r\n										STUDENT_ATTENDANCES.DATE_TIME >= CURDATE() AND \r\n										STUDENT_ATTENDANCES.DATE_TIME < (CURDATE() + INTERVAL 1 DAY) AND\r\n										STUDENT_ATTENDANCES.EVENT_TYPE = "In");', 'Linda Tweed', '2016-06-15 17:23:26', '192.168.0.42'),
(119, 'SELECT STUDENTS.STU_ID, CONCAT(STUDENTS.STU_FIRST_NAME, " ", STUDENTS.STU_LAST_NAME) AS STU_NAME, STUDENTS.STU_BIRTHDATE, FLOOR(DATEDIFF(NOW(), STUDENTS.STU_BIRTHDATE)/365.25) AS STU_AGE, STUDENTS.STU_PHOTO FROM STUDENTS WHERE (STUDENTS.STU_ID IN (SELECT STUDENT_ATTENDANCES.STU_ID FROM STUDENT_ATTENDANCES WHERE STUDENT_ATTENDANCES.DATE_TIME >= CURDATE() AND STUDENT_ATTENDANCES.DATE_TIME < (CURDATE() + INTERVAL 1 DAY) AND STUDENT_ATTENDANCES.EVENT_TYPE = "In")) AND (STUDENTS.STU_ID NOT IN (SELECT STUDENT_ATTENDANCES.STU_ID FROM STUDENT_ATTENDANCES WHERE STUDENT_ATTENDANCES.DATE_TIME >= CURDATE() AND STUDENT_ATTENDANCES.DATE_TIME < (CURDATE() + INTERVAL 1 DAY) AND STUDENT_ATTENDANCES.EVENT_TYPE = "Out"));', 'Linda Tweed', '2016-06-15 17:23:27', '192.168.0.42'),
(120, 'SELECT WEB_PAGES.PAGE_ID, WEB_PAGES.TAG_CLASS, WEB_PAGES.TYPE, WEB_PAGES.HREF, WEB_PAGES.ICON_URL, WEB_PAGES.TITLE, WEB_PAGES.STATUS FROM WEB_PAGES WHERE (WEB_PAGES.PAGE_ID IN \r\n									(SELECT PAGE_ID FROM EMPLOYEE_WEBPAGE \r\n										WHERE EMP_ID = 2)) AND (WEB_PAGES.STATUS = "active");', 'Linda Tweed', '2016-06-15 17:23:29', '192.168.0.42'),
(121, 'SELECT HREF FROM WEB_PAGES WHERE (PAGE_ID IN \r\n									(SELECT PAGE_ID FROM EMPLOYEE_WEBPAGE \r\n										WHERE EMP_ID = 2)) AND (WEB_PAGES.STATUS = "active");', 'Linda Tweed', '2016-06-15 17:23:31', '192.168.0.42'),
(122, 'SELECT EMPLOYEES.EMP_ID, CONCAT(EMPLOYEES.EMP_FIRST_NAME, " ", EMPLOYEES.EMP_LAST_NAME) AS EMP_NAME, EMPLOYEES.EMP_BIRTHDATE, EMPLOYEES.EMP_PHONE1 EMP_PHONE, EMPLOYEES.EMP_PHOTO FROM EMPLOYEES WHERE (EMPLOYEES.EMP_ID IN (SELECT EMPLOYEE_ATTENDANCES.EMP_ID FROM EMPLOYEE_ATTENDANCES WHERE EMPLOYEE_ATTENDANCES.DATE_TIME >= CURDATE() AND EMPLOYEE_ATTENDANCES.DATE_TIME < (CURDATE() + INTERVAL 1 DAY) AND EMPLOYEE_ATTENDANCES.EVENT_TYPE = "In")) AND (EMPLOYEES.EMP_ID NOT IN (SELECT EMPLOYEE_ATTENDANCES.EMP_ID FROM EMPLOYEE_ATTENDANCES WHERE EMPLOYEE_ATTENDANCES.DATE_TIME >= CURDATE() AND EMPLOYEE_ATTENDANCES.DATE_TIME < (CURDATE() + INTERVAL 1 DAY) AND EMPLOYEE_ATTENDANCES.EVENT_TYPE = "Out")) AND (EMPLOYEES.EMP_POST_ID1 IN (3,4 ));', 'Linda Tweed', '2016-06-15 17:23:31', '192.168.0.42'),
(123, 'SELECT STUDENTS.STU_ID, CONCAT(STUDENTS.STU_FIRST_NAME, " ", STUDENTS.STU_LAST_NAME) AS STU_NAME, STUDENTS.STU_BIRTHDATE, FLOOR(DATEDIFF(NOW(), STUDENTS.STU_BIRTHDATE)/365.25) AS STU_AGE, STUDENTS.STU_PHOTO FROM STUDENTS WHERE (STUDENTS.STU_ID IN (SELECT STUDENT_ATTENDANCES.STU_ID FROM STUDENT_ATTENDANCES WHERE STUDENT_ATTENDANCES.DATE_TIME >= CURDATE() AND STUDENT_ATTENDANCES.DATE_TIME < (CURDATE() + INTERVAL 1 DAY) AND STUDENT_ATTENDANCES.EVENT_TYPE = "In")) AND (STUDENTS.STU_ID NOT IN (SELECT STUDENT_ATTENDANCES.STU_ID FROM STUDENT_ATTENDANCES WHERE STUDENT_ATTENDANCES.DATE_TIME >= CURDATE() AND STUDENT_ATTENDANCES.DATE_TIME < (CURDATE() + INTERVAL 1 DAY) AND STUDENT_ATTENDANCES.EVENT_TYPE = "Out"));', 'Linda Tweed', '2016-06-15 17:23:31', '192.168.0.42'),
(124, 'SELECT DISTINCT EMPLOYEES.EMP_ID, CONCAT(EMPLOYEES.EMP_FIRST_NAME, " ", EMPLOYEES.EMP_LAST_NAME) AS EMP_NAME, EMPLOYEES.EMP_BIRTHDATE, EMPLOYEES.EMP_PHONE1 EMP_PHONE, EMPLOYEES.EMP_PHOTO FROM EMPLOYEES WHERE ((EMPLOYEES.EMP_ID NOT IN (SELECT EMPLOYEE_ATTENDANCES.EMP_ID FROM EMPLOYEE_ATTENDANCES WHERE EMPLOYEE_ATTENDANCES.DATE_TIME >= CURDATE() AND EMPLOYEE_ATTENDANCES.DATE_TIME < (CURDATE() + INTERVAL 1 DAY) AND EMPLOYEE_ATTENDANCES.EVENT_TYPE = "In")) OR (EMPLOYEES.EMP_ID IN (SELECT EMPLOYEE_ATTENDANCES.EMP_ID FROM EMPLOYEE_ATTENDANCES WHERE EMPLOYEE_ATTENDANCES.DATE_TIME >= CURDATE() AND EMPLOYEE_ATTENDANCES.DATE_TIME < (CURDATE() + INTERVAL 1 DAY) AND EMPLOYEE_ATTENDANCES.EVENT_TYPE = "Out"))) AND (EMPLOYEES.EMP_POST_ID1 IN (3,4 ));', 'Linda Tweed', '2016-06-15 17:23:31', '192.168.0.42'),
(125, 'SELECT WEB_PAGES.PAGE_ID, WEB_PAGES.TAG_CLASS, WEB_PAGES.TYPE, WEB_PAGES.HREF, WEB_PAGES.ICON_URL, WEB_PAGES.TITLE, WEB_PAGES.STATUS FROM WEB_PAGES WHERE (WEB_PAGES.PAGE_ID IN \r\n									(SELECT PAGE_ID FROM EMPLOYEE_WEBPAGE \r\n										WHERE EMP_ID = 2)) AND (WEB_PAGES.STATUS = "active");', 'Linda Tweed', '2016-06-15 17:23:33', '192.168.0.42'),
(126, 'SELECT HREF FROM WEB_PAGES WHERE (PAGE_ID IN \r\n									(SELECT PAGE_ID FROM EMPLOYEE_WEBPAGE \r\n										WHERE EMP_ID = 2)) AND (WEB_PAGES.STATUS = "active");', 'Linda Tweed', '2016-06-15 17:23:34', '192.168.0.42');
INSERT INTO `db_query_logs` (`DB_QL_ID`, `QUERY_STR`, `USER_NAME`, `DATE_TIME`, `IP_ADDR`) VALUES
(127, 'SELECT  STUDENTS.STU_ID, CONCAT(STUDENTS.STU_FIRST_NAME, " ", STUDENTS.STU_LAST_NAME) AS STU_NAME, STUDENTS.STU_BIRTHDATE, FLOOR(DATEDIFF(NOW(), STUDENTS.STU_BIRTHDATE)/365.25) AS STU_AGE, STUDENTS.STU_PHOTO FROM STUDENTS WHERE  STUDENTS.STU_ID NOT IN (SELECT STUDENT_ATTENDANCES.STU_ID FROM STUDENT_ATTENDANCES WHERE \r\n										STUDENT_ATTENDANCES.DATE_TIME >= CURDATE() AND \r\n										STUDENT_ATTENDANCES.DATE_TIME < (CURDATE() + INTERVAL 1 DAY) AND\r\n										STUDENT_ATTENDANCES.EVENT_TYPE = "In");', 'Linda Tweed', '2016-06-15 17:23:34', '192.168.0.42'),
(128, 'SELECT STUDENTS.STU_ID, CONCAT(STUDENTS.STU_FIRST_NAME, " ", STUDENTS.STU_LAST_NAME) AS STU_NAME, STUDENTS.STU_BIRTHDATE, FLOOR(DATEDIFF(NOW(), STUDENTS.STU_BIRTHDATE)/365.25) AS STU_AGE, STUDENTS.STU_PHOTO FROM STUDENTS WHERE (STUDENTS.STU_ID IN (SELECT STUDENT_ATTENDANCES.STU_ID FROM STUDENT_ATTENDANCES WHERE STUDENT_ATTENDANCES.DATE_TIME >= CURDATE() AND STUDENT_ATTENDANCES.DATE_TIME < (CURDATE() + INTERVAL 1 DAY) AND STUDENT_ATTENDANCES.EVENT_TYPE = "In")) AND (STUDENTS.STU_ID NOT IN (SELECT STUDENT_ATTENDANCES.STU_ID FROM STUDENT_ATTENDANCES WHERE STUDENT_ATTENDANCES.DATE_TIME >= CURDATE() AND STUDENT_ATTENDANCES.DATE_TIME < (CURDATE() + INTERVAL 1 DAY) AND STUDENT_ATTENDANCES.EVENT_TYPE = "Out"));', 'Linda Tweed', '2016-06-15 17:23:34', '192.168.0.42'),
(129, 'SELECT HREF FROM WEB_PAGES WHERE (PAGE_ID IN \r\n									(SELECT PAGE_ID FROM EMPLOYEE_WEBPAGE \r\n										WHERE EMP_ID = 2)) AND (WEB_PAGES.STATUS = "active");', 'Linda Tweed', '2016-06-15 17:23:36', '192.168.0.42'),
(130, 'INSERT INTO STUDENT_ATTENDANCES(STU_ID, EVENT_TYPE, DATE_TIME, EMP_ID, IP_ADDR, NOTES) VALUES(11, "In", NOW(), 2, "192.168.0.42", "");', 'Linda Tweed', '2016-06-15 17:23:36', '192.168.0.42'),
(131, 'SELECT HREF FROM WEB_PAGES WHERE (PAGE_ID IN \r\n									(SELECT PAGE_ID FROM EMPLOYEE_WEBPAGE \r\n										WHERE EMP_ID = 2)) AND (WEB_PAGES.STATUS = "active");', 'Linda Tweed', '2016-06-15 17:23:39', '192.168.0.42'),
(132, 'SELECT  STUDENTS.STU_ID, CONCAT(STUDENTS.STU_FIRST_NAME, " ", STUDENTS.STU_LAST_NAME) AS STU_NAME, STUDENTS.STU_BIRTHDATE, FLOOR(DATEDIFF(NOW(), STUDENTS.STU_BIRTHDATE)/365.25) AS STU_AGE, STUDENTS.STU_PHOTO FROM STUDENTS WHERE  STUDENTS.STU_ID NOT IN (SELECT STUDENT_ATTENDANCES.STU_ID FROM STUDENT_ATTENDANCES WHERE \r\n										STUDENT_ATTENDANCES.DATE_TIME >= CURDATE() AND \r\n										STUDENT_ATTENDANCES.DATE_TIME < (CURDATE() + INTERVAL 1 DAY) AND\r\n										STUDENT_ATTENDANCES.EVENT_TYPE = "In");', 'Linda Tweed', '2016-06-15 17:23:39', '192.168.0.42'),
(133, 'SELECT STUDENTS.STU_ID, CONCAT(STUDENTS.STU_FIRST_NAME, " ", STUDENTS.STU_LAST_NAME) AS STU_NAME, STUDENTS.STU_BIRTHDATE, FLOOR(DATEDIFF(NOW(), STUDENTS.STU_BIRTHDATE)/365.25) AS STU_AGE, STUDENTS.STU_PHOTO FROM STUDENTS WHERE (STUDENTS.STU_ID IN (SELECT STUDENT_ATTENDANCES.STU_ID FROM STUDENT_ATTENDANCES WHERE STUDENT_ATTENDANCES.DATE_TIME >= CURDATE() AND STUDENT_ATTENDANCES.DATE_TIME < (CURDATE() + INTERVAL 1 DAY) AND STUDENT_ATTENDANCES.EVENT_TYPE = "In")) AND (STUDENTS.STU_ID NOT IN (SELECT STUDENT_ATTENDANCES.STU_ID FROM STUDENT_ATTENDANCES WHERE STUDENT_ATTENDANCES.DATE_TIME >= CURDATE() AND STUDENT_ATTENDANCES.DATE_TIME < (CURDATE() + INTERVAL 1 DAY) AND STUDENT_ATTENDANCES.EVENT_TYPE = "Out"));', 'Linda Tweed', '2016-06-15 17:23:39', '192.168.0.42'),
(134, 'SELECT WEB_PAGES.PAGE_ID, WEB_PAGES.TAG_CLASS, WEB_PAGES.TYPE, WEB_PAGES.HREF, WEB_PAGES.ICON_URL, WEB_PAGES.TITLE, WEB_PAGES.STATUS FROM WEB_PAGES WHERE (WEB_PAGES.PAGE_ID IN \r\n									(SELECT PAGE_ID FROM EMPLOYEE_WEBPAGE \r\n										WHERE EMP_ID = 2)) AND (WEB_PAGES.STATUS = "active");', 'Linda Tweed', '2016-06-15 17:23:42', '192.168.0.42'),
(135, 'SELECT HREF FROM WEB_PAGES WHERE (PAGE_ID IN \r\n									(SELECT PAGE_ID FROM EMPLOYEE_WEBPAGE \r\n										WHERE EMP_ID = 2)) AND (WEB_PAGES.STATUS = "active");', 'Linda Tweed', '2016-06-15 17:23:43', '192.168.0.42'),
(136, 'SELECT EMPLOYEES.EMP_ID, CONCAT(EMPLOYEES.EMP_FIRST_NAME, " ", EMPLOYEES.EMP_LAST_NAME) AS EMP_NAME, EMPLOYEES.EMP_BIRTHDATE, EMPLOYEES.EMP_PHONE1 EMP_PHONE, EMPLOYEES.EMP_PHOTO FROM EMPLOYEES WHERE (EMPLOYEES.EMP_ID IN (SELECT EMPLOYEE_ATTENDANCES.EMP_ID FROM EMPLOYEE_ATTENDANCES WHERE EMPLOYEE_ATTENDANCES.DATE_TIME >= CURDATE() AND EMPLOYEE_ATTENDANCES.DATE_TIME < (CURDATE() + INTERVAL 1 DAY) AND EMPLOYEE_ATTENDANCES.EVENT_TYPE = "In")) AND (EMPLOYEES.EMP_ID NOT IN (SELECT EMPLOYEE_ATTENDANCES.EMP_ID FROM EMPLOYEE_ATTENDANCES WHERE EMPLOYEE_ATTENDANCES.DATE_TIME >= CURDATE() AND EMPLOYEE_ATTENDANCES.DATE_TIME < (CURDATE() + INTERVAL 1 DAY) AND EMPLOYEE_ATTENDANCES.EVENT_TYPE = "Out")) AND (EMPLOYEES.EMP_POST_ID1 IN (3,4 ));', 'Linda Tweed', '2016-06-15 17:23:43', '192.168.0.42'),
(137, 'SELECT STUDENTS.STU_ID, CONCAT(STUDENTS.STU_FIRST_NAME, " ", STUDENTS.STU_LAST_NAME) AS STU_NAME, STUDENTS.STU_BIRTHDATE, FLOOR(DATEDIFF(NOW(), STUDENTS.STU_BIRTHDATE)/365.25) AS STU_AGE, STUDENTS.STU_PHOTO FROM STUDENTS WHERE (STUDENTS.STU_ID IN (SELECT STUDENT_ATTENDANCES.STU_ID FROM STUDENT_ATTENDANCES WHERE STUDENT_ATTENDANCES.DATE_TIME >= CURDATE() AND STUDENT_ATTENDANCES.DATE_TIME < (CURDATE() + INTERVAL 1 DAY) AND STUDENT_ATTENDANCES.EVENT_TYPE = "In")) AND (STUDENTS.STU_ID NOT IN (SELECT STUDENT_ATTENDANCES.STU_ID FROM STUDENT_ATTENDANCES WHERE STUDENT_ATTENDANCES.DATE_TIME >= CURDATE() AND STUDENT_ATTENDANCES.DATE_TIME < (CURDATE() + INTERVAL 1 DAY) AND STUDENT_ATTENDANCES.EVENT_TYPE = "Out"));', 'Linda Tweed', '2016-06-15 17:23:43', '192.168.0.42'),
(138, 'SELECT DISTINCT EMPLOYEES.EMP_ID, CONCAT(EMPLOYEES.EMP_FIRST_NAME, " ", EMPLOYEES.EMP_LAST_NAME) AS EMP_NAME, EMPLOYEES.EMP_BIRTHDATE, EMPLOYEES.EMP_PHONE1 EMP_PHONE, EMPLOYEES.EMP_PHOTO FROM EMPLOYEES WHERE ((EMPLOYEES.EMP_ID NOT IN (SELECT EMPLOYEE_ATTENDANCES.EMP_ID FROM EMPLOYEE_ATTENDANCES WHERE EMPLOYEE_ATTENDANCES.DATE_TIME >= CURDATE() AND EMPLOYEE_ATTENDANCES.DATE_TIME < (CURDATE() + INTERVAL 1 DAY) AND EMPLOYEE_ATTENDANCES.EVENT_TYPE = "In")) OR (EMPLOYEES.EMP_ID IN (SELECT EMPLOYEE_ATTENDANCES.EMP_ID FROM EMPLOYEE_ATTENDANCES WHERE EMPLOYEE_ATTENDANCES.DATE_TIME >= CURDATE() AND EMPLOYEE_ATTENDANCES.DATE_TIME < (CURDATE() + INTERVAL 1 DAY) AND EMPLOYEE_ATTENDANCES.EVENT_TYPE = "Out"))) AND (EMPLOYEES.EMP_POST_ID1 IN (3,4 ));', 'Linda Tweed', '2016-06-15 17:23:43', '192.168.0.42'),
(139, 'SELECT WEB_PAGES.PAGE_ID, WEB_PAGES.TAG_CLASS, WEB_PAGES.TYPE, WEB_PAGES.HREF, WEB_PAGES.ICON_URL, WEB_PAGES.TITLE, WEB_PAGES.STATUS FROM WEB_PAGES WHERE (WEB_PAGES.PAGE_ID IN \r\n									(SELECT PAGE_ID FROM EMPLOYEE_WEBPAGE \r\n										WHERE EMP_ID = 2)) AND (WEB_PAGES.STATUS = "active");', 'Linda Tweed', '2016-06-15 17:23:45', '192.168.0.42'),
(140, 'SELECT HREF FROM WEB_PAGES WHERE (PAGE_ID IN \r\n									(SELECT PAGE_ID FROM EMPLOYEE_WEBPAGE \r\n										WHERE EMP_ID = 2)) AND (WEB_PAGES.STATUS = "active");', 'Linda Tweed', '2016-06-15 17:23:51', '192.168.0.42'),
(141, 'SELECT  EMP_ID, EMP_FIRST_NAME, EMP_LAST_NAME, EMP_BIRTHDATE, EMP_PHONE1 FROM EMPLOYEES  WHERE EMP_PASSCODE="4072";', 'Linda Tweed', '2016-06-15 17:23:58', '192.168.0.42'),
(142, 'INSERT INTO EMPLOYEE_LOG_IOS(EMP_ID, EVENT_TYPE, DATE_TIME, IP_ADDR) VALUES(3, "In", NOW(), "192.168.0.42");', 'Cathy Kim', '2016-06-15 17:23:58', '192.168.0.42'),
(143, 'SELECT WEB_PAGES.PAGE_ID, WEB_PAGES.TAG_CLASS, WEB_PAGES.TYPE, WEB_PAGES.HREF, WEB_PAGES.ICON_URL, WEB_PAGES.TITLE, WEB_PAGES.STATUS FROM WEB_PAGES WHERE (WEB_PAGES.PAGE_ID IN \r\n									(SELECT PAGE_ID FROM EMPLOYEE_WEBPAGE \r\n										WHERE EMP_ID = 3)) AND (WEB_PAGES.STATUS = "active");', 'Cathy Kim', '2016-06-15 17:23:58', '192.168.0.42'),
(144, 'SELECT HREF FROM WEB_PAGES WHERE (PAGE_ID IN \r\n									(SELECT PAGE_ID FROM EMPLOYEE_WEBPAGE \r\n										WHERE EMP_ID = 3)) AND (WEB_PAGES.STATUS = "active");', 'Cathy Kim', '2016-06-15 17:24:01', '192.168.0.42'),
(145, 'SELECT EMPLOYEES.EMP_ID, CONCAT(EMPLOYEES.EMP_FIRST_NAME, " ", EMPLOYEES.EMP_LAST_NAME) AS EMP_NAME, EMPLOYEES.EMP_BIRTHDATE, EMPLOYEES.EMP_PHONE1 EMP_PHONE, EMPLOYEES.EMP_PHOTO FROM EMPLOYEES WHERE (EMPLOYEES.EMP_ID IN (SELECT EMPLOYEE_ATTENDANCES.EMP_ID FROM EMPLOYEE_ATTENDANCES WHERE EMPLOYEE_ATTENDANCES.DATE_TIME >= CURDATE() AND EMPLOYEE_ATTENDANCES.DATE_TIME < (CURDATE() + INTERVAL 1 DAY) AND EMPLOYEE_ATTENDANCES.EVENT_TYPE = "In")) AND (EMPLOYEES.EMP_ID NOT IN (SELECT EMPLOYEE_ATTENDANCES.EMP_ID FROM EMPLOYEE_ATTENDANCES WHERE EMPLOYEE_ATTENDANCES.DATE_TIME >= CURDATE() AND EMPLOYEE_ATTENDANCES.DATE_TIME < (CURDATE() + INTERVAL 1 DAY) AND EMPLOYEE_ATTENDANCES.EVENT_TYPE = "Out")) AND (EMPLOYEES.EMP_POST_ID1 IN (3,4 ));', 'Cathy Kim', '2016-06-15 17:24:01', '192.168.0.42'),
(146, 'SELECT STUDENTS.STU_ID, CONCAT(STUDENTS.STU_FIRST_NAME, " ", STUDENTS.STU_LAST_NAME) AS STU_NAME, STUDENTS.STU_BIRTHDATE, FLOOR(DATEDIFF(NOW(), STUDENTS.STU_BIRTHDATE)/365.25) AS STU_AGE, STUDENTS.STU_PHOTO FROM STUDENTS WHERE (STUDENTS.STU_ID IN (SELECT STUDENT_ATTENDANCES.STU_ID FROM STUDENT_ATTENDANCES WHERE STUDENT_ATTENDANCES.DATE_TIME >= CURDATE() AND STUDENT_ATTENDANCES.DATE_TIME < (CURDATE() + INTERVAL 1 DAY) AND STUDENT_ATTENDANCES.EVENT_TYPE = "In")) AND (STUDENTS.STU_ID NOT IN (SELECT STUDENT_ATTENDANCES.STU_ID FROM STUDENT_ATTENDANCES WHERE STUDENT_ATTENDANCES.DATE_TIME >= CURDATE() AND STUDENT_ATTENDANCES.DATE_TIME < (CURDATE() + INTERVAL 1 DAY) AND STUDENT_ATTENDANCES.EVENT_TYPE = "Out"));', 'Cathy Kim', '2016-06-15 17:24:01', '192.168.0.42'),
(147, 'SELECT DISTINCT EMPLOYEES.EMP_ID, CONCAT(EMPLOYEES.EMP_FIRST_NAME, " ", EMPLOYEES.EMP_LAST_NAME) AS EMP_NAME, EMPLOYEES.EMP_BIRTHDATE, EMPLOYEES.EMP_PHONE1 EMP_PHONE, EMPLOYEES.EMP_PHOTO FROM EMPLOYEES WHERE ((EMPLOYEES.EMP_ID NOT IN (SELECT EMPLOYEE_ATTENDANCES.EMP_ID FROM EMPLOYEE_ATTENDANCES WHERE EMPLOYEE_ATTENDANCES.DATE_TIME >= CURDATE() AND EMPLOYEE_ATTENDANCES.DATE_TIME < (CURDATE() + INTERVAL 1 DAY) AND EMPLOYEE_ATTENDANCES.EVENT_TYPE = "In")) OR (EMPLOYEES.EMP_ID IN (SELECT EMPLOYEE_ATTENDANCES.EMP_ID FROM EMPLOYEE_ATTENDANCES WHERE EMPLOYEE_ATTENDANCES.DATE_TIME >= CURDATE() AND EMPLOYEE_ATTENDANCES.DATE_TIME < (CURDATE() + INTERVAL 1 DAY) AND EMPLOYEE_ATTENDANCES.EVENT_TYPE = "Out"))) AND (EMPLOYEES.EMP_POST_ID1 IN (3,4 ));', 'Cathy Kim', '2016-06-15 17:24:01', '192.168.0.42'),
(148, 'SELECT WEB_PAGES.PAGE_ID, WEB_PAGES.TAG_CLASS, WEB_PAGES.TYPE, WEB_PAGES.HREF, WEB_PAGES.ICON_URL, WEB_PAGES.TITLE, WEB_PAGES.STATUS FROM WEB_PAGES WHERE (WEB_PAGES.PAGE_ID IN \r\n									(SELECT PAGE_ID FROM EMPLOYEE_WEBPAGE \r\n										WHERE EMP_ID = 3)) AND (WEB_PAGES.STATUS = "active");', 'Cathy Kim', '2016-06-15 17:24:02', '192.168.0.42'),
(149, 'SELECT HREF FROM WEB_PAGES WHERE (PAGE_ID IN \r\n									(SELECT PAGE_ID FROM EMPLOYEE_WEBPAGE \r\n										WHERE EMP_ID = 3)) AND (WEB_PAGES.STATUS = "active");', 'Cathy Kim', '2016-06-15 17:24:04', '192.168.0.42'),
(150, 'INSERT INTO EMPLOYEE_ATTENDANCES(EMP_ID, EVENT_TYPE, DATE_TIME, IP_ADDR, NOTES) VALUES(3, "In", NOW(), "192.168.0.42", "");', 'Cathy Kim', '2016-06-15 17:24:04', '192.168.0.42'),
(151, 'SELECT WEB_PAGES.PAGE_ID, WEB_PAGES.TAG_CLASS, WEB_PAGES.TYPE, WEB_PAGES.HREF, WEB_PAGES.ICON_URL, WEB_PAGES.TITLE, WEB_PAGES.STATUS FROM WEB_PAGES WHERE (WEB_PAGES.PAGE_ID IN \r\n									(SELECT PAGE_ID FROM EMPLOYEE_WEBPAGE \r\n										WHERE EMP_ID = 3)) AND (WEB_PAGES.STATUS = "active");', 'Cathy Kim', '2016-06-15 17:24:06', '192.168.0.42'),
(152, 'SELECT HREF FROM WEB_PAGES WHERE (PAGE_ID IN \r\n									(SELECT PAGE_ID FROM EMPLOYEE_WEBPAGE \r\n										WHERE EMP_ID = 3)) AND (WEB_PAGES.STATUS = "active");', 'Cathy Kim', '2016-06-15 17:24:07', '192.168.0.42'),
(153, 'SELECT EMPLOYEES.EMP_ID, CONCAT(EMPLOYEES.EMP_FIRST_NAME, " ", EMPLOYEES.EMP_LAST_NAME) AS EMP_NAME, EMPLOYEES.EMP_BIRTHDATE, EMPLOYEES.EMP_PHONE1 EMP_PHONE, EMPLOYEES.EMP_PHOTO FROM EMPLOYEES WHERE (EMPLOYEES.EMP_ID IN (SELECT EMPLOYEE_ATTENDANCES.EMP_ID FROM EMPLOYEE_ATTENDANCES WHERE EMPLOYEE_ATTENDANCES.DATE_TIME >= CURDATE() AND EMPLOYEE_ATTENDANCES.DATE_TIME < (CURDATE() + INTERVAL 1 DAY) AND EMPLOYEE_ATTENDANCES.EVENT_TYPE = "In")) AND (EMPLOYEES.EMP_ID NOT IN (SELECT EMPLOYEE_ATTENDANCES.EMP_ID FROM EMPLOYEE_ATTENDANCES WHERE EMPLOYEE_ATTENDANCES.DATE_TIME >= CURDATE() AND EMPLOYEE_ATTENDANCES.DATE_TIME < (CURDATE() + INTERVAL 1 DAY) AND EMPLOYEE_ATTENDANCES.EVENT_TYPE = "Out")) AND (EMPLOYEES.EMP_POST_ID1 IN (3,4 ));', 'Cathy Kim', '2016-06-15 17:24:07', '192.168.0.42'),
(154, 'SELECT STUDENTS.STU_ID, CONCAT(STUDENTS.STU_FIRST_NAME, " ", STUDENTS.STU_LAST_NAME) AS STU_NAME, STUDENTS.STU_BIRTHDATE, FLOOR(DATEDIFF(NOW(), STUDENTS.STU_BIRTHDATE)/365.25) AS STU_AGE, STUDENTS.STU_PHOTO FROM STUDENTS WHERE (STUDENTS.STU_ID IN (SELECT STUDENT_ATTENDANCES.STU_ID FROM STUDENT_ATTENDANCES WHERE STUDENT_ATTENDANCES.DATE_TIME >= CURDATE() AND STUDENT_ATTENDANCES.DATE_TIME < (CURDATE() + INTERVAL 1 DAY) AND STUDENT_ATTENDANCES.EVENT_TYPE = "In")) AND (STUDENTS.STU_ID NOT IN (SELECT STUDENT_ATTENDANCES.STU_ID FROM STUDENT_ATTENDANCES WHERE STUDENT_ATTENDANCES.DATE_TIME >= CURDATE() AND STUDENT_ATTENDANCES.DATE_TIME < (CURDATE() + INTERVAL 1 DAY) AND STUDENT_ATTENDANCES.EVENT_TYPE = "Out"));', 'Cathy Kim', '2016-06-15 17:24:07', '192.168.0.42'),
(155, 'SELECT DISTINCT EMPLOYEES.EMP_ID, CONCAT(EMPLOYEES.EMP_FIRST_NAME, " ", EMPLOYEES.EMP_LAST_NAME) AS EMP_NAME, EMPLOYEES.EMP_BIRTHDATE, EMPLOYEES.EMP_PHONE1 EMP_PHONE, EMPLOYEES.EMP_PHOTO FROM EMPLOYEES WHERE ((EMPLOYEES.EMP_ID NOT IN (SELECT EMPLOYEE_ATTENDANCES.EMP_ID FROM EMPLOYEE_ATTENDANCES WHERE EMPLOYEE_ATTENDANCES.DATE_TIME >= CURDATE() AND EMPLOYEE_ATTENDANCES.DATE_TIME < (CURDATE() + INTERVAL 1 DAY) AND EMPLOYEE_ATTENDANCES.EVENT_TYPE = "In")) OR (EMPLOYEES.EMP_ID IN (SELECT EMPLOYEE_ATTENDANCES.EMP_ID FROM EMPLOYEE_ATTENDANCES WHERE EMPLOYEE_ATTENDANCES.DATE_TIME >= CURDATE() AND EMPLOYEE_ATTENDANCES.DATE_TIME < (CURDATE() + INTERVAL 1 DAY) AND EMPLOYEE_ATTENDANCES.EVENT_TYPE = "Out"))) AND (EMPLOYEES.EMP_POST_ID1 IN (3,4 ));', 'Cathy Kim', '2016-06-15 17:24:07', '192.168.0.42'),
(156, 'SELECT WEB_PAGES.PAGE_ID, WEB_PAGES.TAG_CLASS, WEB_PAGES.TYPE, WEB_PAGES.HREF, WEB_PAGES.ICON_URL, WEB_PAGES.TITLE, WEB_PAGES.STATUS FROM WEB_PAGES WHERE (WEB_PAGES.PAGE_ID IN \r\n									(SELECT PAGE_ID FROM EMPLOYEE_WEBPAGE \r\n										WHERE EMP_ID = 3)) AND (WEB_PAGES.STATUS = "active");', 'Cathy Kim', '2016-06-15 17:24:10', '192.168.0.42'),
(157, 'SELECT HREF FROM WEB_PAGES WHERE (PAGE_ID IN \r\n									(SELECT PAGE_ID FROM EMPLOYEE_WEBPAGE \r\n										WHERE EMP_ID = 3)) AND (WEB_PAGES.STATUS = "active");', 'Cathy Kim', '2016-06-15 17:24:12', '192.168.0.42'),
(158, 'SELECT  STUDENTS.STU_ID, CONCAT(STUDENTS.STU_FIRST_NAME, " ", STUDENTS.STU_LAST_NAME) AS STU_NAME, STUDENTS.STU_BIRTHDATE, FLOOR(DATEDIFF(NOW(), STUDENTS.STU_BIRTHDATE)/365.25) AS STU_AGE, STUDENTS.STU_PHOTO FROM STUDENTS WHERE  STUDENTS.STU_ID NOT IN (SELECT STUDENT_ATTENDANCES.STU_ID FROM STUDENT_ATTENDANCES WHERE \r\n										STUDENT_ATTENDANCES.DATE_TIME >= CURDATE() AND \r\n										STUDENT_ATTENDANCES.DATE_TIME < (CURDATE() + INTERVAL 1 DAY) AND\r\n										STUDENT_ATTENDANCES.EVENT_TYPE = "In");', 'Cathy Kim', '2016-06-15 17:24:12', '192.168.0.42'),
(159, 'SELECT STUDENTS.STU_ID, CONCAT(STUDENTS.STU_FIRST_NAME, " ", STUDENTS.STU_LAST_NAME) AS STU_NAME, STUDENTS.STU_BIRTHDATE, FLOOR(DATEDIFF(NOW(), STUDENTS.STU_BIRTHDATE)/365.25) AS STU_AGE, STUDENTS.STU_PHOTO FROM STUDENTS WHERE (STUDENTS.STU_ID IN (SELECT STUDENT_ATTENDANCES.STU_ID FROM STUDENT_ATTENDANCES WHERE STUDENT_ATTENDANCES.DATE_TIME >= CURDATE() AND STUDENT_ATTENDANCES.DATE_TIME < (CURDATE() + INTERVAL 1 DAY) AND STUDENT_ATTENDANCES.EVENT_TYPE = "In")) AND (STUDENTS.STU_ID NOT IN (SELECT STUDENT_ATTENDANCES.STU_ID FROM STUDENT_ATTENDANCES WHERE STUDENT_ATTENDANCES.DATE_TIME >= CURDATE() AND STUDENT_ATTENDANCES.DATE_TIME < (CURDATE() + INTERVAL 1 DAY) AND STUDENT_ATTENDANCES.EVENT_TYPE = "Out"));', 'Cathy Kim', '2016-06-15 17:24:12', '192.168.0.42'),
(160, 'SELECT HREF FROM WEB_PAGES WHERE (PAGE_ID IN \r\n									(SELECT PAGE_ID FROM EMPLOYEE_WEBPAGE \r\n										WHERE EMP_ID = 3)) AND (WEB_PAGES.STATUS = "active");', 'Cathy Kim', '2016-06-15 17:24:17', '192.168.0.42'),
(161, 'INSERT INTO STUDENT_ATTENDANCES(STU_ID, EVENT_TYPE, DATE_TIME, EMP_ID, IP_ADDR, NOTES) VALUES(9, "In", NOW(), 3, "192.168.0.42", "");', 'Cathy Kim', '2016-06-15 17:24:17', '192.168.0.42'),
(162, 'INSERT INTO STUDENT_ATTENDANCES(STU_ID, EVENT_TYPE, DATE_TIME, EMP_ID, IP_ADDR, NOTES) VALUES(10, "In", NOW(), 3, "192.168.0.42", "");', 'Cathy Kim', '2016-06-15 17:24:17', '192.168.0.42'),
(163, 'INSERT INTO STUDENT_ATTENDANCES(STU_ID, EVENT_TYPE, DATE_TIME, EMP_ID, IP_ADDR, NOTES) VALUES(12, "In", NOW(), 3, "192.168.0.42", "");', 'Cathy Kim', '2016-06-15 17:24:17', '192.168.0.42'),
(164, 'INSERT INTO STUDENT_ATTENDANCES(STU_ID, EVENT_TYPE, DATE_TIME, EMP_ID, IP_ADDR, NOTES) VALUES(13, "In", NOW(), 3, "192.168.0.42", "");', 'Cathy Kim', '2016-06-15 17:24:17', '192.168.0.42'),
(165, 'INSERT INTO STUDENT_ATTENDANCES(STU_ID, EVENT_TYPE, DATE_TIME, EMP_ID, IP_ADDR, NOTES) VALUES(14, "In", NOW(), 3, "192.168.0.42", "");', 'Cathy Kim', '2016-06-15 17:24:17', '192.168.0.42'),
(166, 'INSERT INTO STUDENT_ATTENDANCES(STU_ID, EVENT_TYPE, DATE_TIME, EMP_ID, IP_ADDR, NOTES) VALUES(15, "In", NOW(), 3, "192.168.0.42", "");', 'Cathy Kim', '2016-06-15 17:24:17', '192.168.0.42'),
(167, 'INSERT INTO STUDENT_ATTENDANCES(STU_ID, EVENT_TYPE, DATE_TIME, EMP_ID, IP_ADDR, NOTES) VALUES(19, "In", NOW(), 3, "192.168.0.42", "");', 'Cathy Kim', '2016-06-15 17:24:17', '192.168.0.42'),
(168, 'INSERT INTO STUDENT_ATTENDANCES(STU_ID, EVENT_TYPE, DATE_TIME, EMP_ID, IP_ADDR, NOTES) VALUES(20, "In", NOW(), 3, "192.168.0.42", "");', 'Cathy Kim', '2016-06-15 17:24:17', '192.168.0.42'),
(169, 'SELECT HREF FROM WEB_PAGES WHERE (PAGE_ID IN \r\n									(SELECT PAGE_ID FROM EMPLOYEE_WEBPAGE \r\n										WHERE EMP_ID = 3)) AND (WEB_PAGES.STATUS = "active");', 'Cathy Kim', '2016-06-15 17:24:19', '192.168.0.42'),
(170, 'SELECT  STUDENTS.STU_ID, CONCAT(STUDENTS.STU_FIRST_NAME, " ", STUDENTS.STU_LAST_NAME) AS STU_NAME, STUDENTS.STU_BIRTHDATE, FLOOR(DATEDIFF(NOW(), STUDENTS.STU_BIRTHDATE)/365.25) AS STU_AGE, STUDENTS.STU_PHOTO FROM STUDENTS WHERE  STUDENTS.STU_ID NOT IN (SELECT STUDENT_ATTENDANCES.STU_ID FROM STUDENT_ATTENDANCES WHERE \r\n										STUDENT_ATTENDANCES.DATE_TIME >= CURDATE() AND \r\n										STUDENT_ATTENDANCES.DATE_TIME < (CURDATE() + INTERVAL 1 DAY) AND\r\n										STUDENT_ATTENDANCES.EVENT_TYPE = "In");', 'Cathy Kim', '2016-06-15 17:24:19', '192.168.0.42'),
(171, 'SELECT STUDENTS.STU_ID, CONCAT(STUDENTS.STU_FIRST_NAME, " ", STUDENTS.STU_LAST_NAME) AS STU_NAME, STUDENTS.STU_BIRTHDATE, FLOOR(DATEDIFF(NOW(), STUDENTS.STU_BIRTHDATE)/365.25) AS STU_AGE, STUDENTS.STU_PHOTO FROM STUDENTS WHERE (STUDENTS.STU_ID IN (SELECT STUDENT_ATTENDANCES.STU_ID FROM STUDENT_ATTENDANCES WHERE STUDENT_ATTENDANCES.DATE_TIME >= CURDATE() AND STUDENT_ATTENDANCES.DATE_TIME < (CURDATE() + INTERVAL 1 DAY) AND STUDENT_ATTENDANCES.EVENT_TYPE = "In")) AND (STUDENTS.STU_ID NOT IN (SELECT STUDENT_ATTENDANCES.STU_ID FROM STUDENT_ATTENDANCES WHERE STUDENT_ATTENDANCES.DATE_TIME >= CURDATE() AND STUDENT_ATTENDANCES.DATE_TIME < (CURDATE() + INTERVAL 1 DAY) AND STUDENT_ATTENDANCES.EVENT_TYPE = "Out"));', 'Cathy Kim', '2016-06-15 17:24:19', '192.168.0.42'),
(172, 'SELECT WEB_PAGES.PAGE_ID, WEB_PAGES.TAG_CLASS, WEB_PAGES.TYPE, WEB_PAGES.HREF, WEB_PAGES.ICON_URL, WEB_PAGES.TITLE, WEB_PAGES.STATUS FROM WEB_PAGES WHERE (WEB_PAGES.PAGE_ID IN \r\n									(SELECT PAGE_ID FROM EMPLOYEE_WEBPAGE \r\n										WHERE EMP_ID = 3)) AND (WEB_PAGES.STATUS = "active");', 'Cathy Kim', '2016-06-15 17:24:20', '192.168.0.42'),
(173, 'SELECT HREF FROM WEB_PAGES WHERE (PAGE_ID IN \r\n									(SELECT PAGE_ID FROM EMPLOYEE_WEBPAGE \r\n										WHERE EMP_ID = 3)) AND (WEB_PAGES.STATUS = "active");', 'Cathy Kim', '2016-06-15 17:24:22', '192.168.0.42'),
(174, 'SELECT EMPLOYEES.EMP_ID, CONCAT(EMPLOYEES.EMP_FIRST_NAME, " ", EMPLOYEES.EMP_LAST_NAME) AS EMP_NAME, EMPLOYEES.EMP_BIRTHDATE, EMPLOYEES.EMP_PHONE1 EMP_PHONE, EMPLOYEES.EMP_PHOTO FROM EMPLOYEES WHERE (EMPLOYEES.EMP_ID IN (SELECT EMPLOYEE_ATTENDANCES.EMP_ID FROM EMPLOYEE_ATTENDANCES WHERE EMPLOYEE_ATTENDANCES.DATE_TIME >= CURDATE() AND EMPLOYEE_ATTENDANCES.DATE_TIME < (CURDATE() + INTERVAL 1 DAY) AND EMPLOYEE_ATTENDANCES.EVENT_TYPE = "In")) AND (EMPLOYEES.EMP_ID NOT IN (SELECT EMPLOYEE_ATTENDANCES.EMP_ID FROM EMPLOYEE_ATTENDANCES WHERE EMPLOYEE_ATTENDANCES.DATE_TIME >= CURDATE() AND EMPLOYEE_ATTENDANCES.DATE_TIME < (CURDATE() + INTERVAL 1 DAY) AND EMPLOYEE_ATTENDANCES.EVENT_TYPE = "Out")) AND (EMPLOYEES.EMP_POST_ID1 IN (3,4 ));', 'Cathy Kim', '2016-06-15 17:24:22', '192.168.0.42'),
(175, 'SELECT STUDENTS.STU_ID, CONCAT(STUDENTS.STU_FIRST_NAME, " ", STUDENTS.STU_LAST_NAME) AS STU_NAME, STUDENTS.STU_BIRTHDATE, FLOOR(DATEDIFF(NOW(), STUDENTS.STU_BIRTHDATE)/365.25) AS STU_AGE, STUDENTS.STU_PHOTO FROM STUDENTS WHERE (STUDENTS.STU_ID IN (SELECT STUDENT_ATTENDANCES.STU_ID FROM STUDENT_ATTENDANCES WHERE STUDENT_ATTENDANCES.DATE_TIME >= CURDATE() AND STUDENT_ATTENDANCES.DATE_TIME < (CURDATE() + INTERVAL 1 DAY) AND STUDENT_ATTENDANCES.EVENT_TYPE = "In")) AND (STUDENTS.STU_ID NOT IN (SELECT STUDENT_ATTENDANCES.STU_ID FROM STUDENT_ATTENDANCES WHERE STUDENT_ATTENDANCES.DATE_TIME >= CURDATE() AND STUDENT_ATTENDANCES.DATE_TIME < (CURDATE() + INTERVAL 1 DAY) AND STUDENT_ATTENDANCES.EVENT_TYPE = "Out"));', 'Cathy Kim', '2016-06-15 17:24:22', '192.168.0.42'),
(176, 'SELECT DISTINCT EMPLOYEES.EMP_ID, CONCAT(EMPLOYEES.EMP_FIRST_NAME, " ", EMPLOYEES.EMP_LAST_NAME) AS EMP_NAME, EMPLOYEES.EMP_BIRTHDATE, EMPLOYEES.EMP_PHONE1 EMP_PHONE, EMPLOYEES.EMP_PHOTO FROM EMPLOYEES WHERE ((EMPLOYEES.EMP_ID NOT IN (SELECT EMPLOYEE_ATTENDANCES.EMP_ID FROM EMPLOYEE_ATTENDANCES WHERE EMPLOYEE_ATTENDANCES.DATE_TIME >= CURDATE() AND EMPLOYEE_ATTENDANCES.DATE_TIME < (CURDATE() + INTERVAL 1 DAY) AND EMPLOYEE_ATTENDANCES.EVENT_TYPE = "In")) OR (EMPLOYEES.EMP_ID IN (SELECT EMPLOYEE_ATTENDANCES.EMP_ID FROM EMPLOYEE_ATTENDANCES WHERE EMPLOYEE_ATTENDANCES.DATE_TIME >= CURDATE() AND EMPLOYEE_ATTENDANCES.DATE_TIME < (CURDATE() + INTERVAL 1 DAY) AND EMPLOYEE_ATTENDANCES.EVENT_TYPE = "Out"))) AND (EMPLOYEES.EMP_POST_ID1 IN (3,4 ));', 'Cathy Kim', '2016-06-15 17:24:22', '192.168.0.42'),
(177, 'SELECT WEB_PAGES.PAGE_ID, WEB_PAGES.TAG_CLASS, WEB_PAGES.TYPE, WEB_PAGES.HREF, WEB_PAGES.ICON_URL, WEB_PAGES.TITLE, WEB_PAGES.STATUS FROM WEB_PAGES WHERE (WEB_PAGES.PAGE_ID IN \r\n									(SELECT PAGE_ID FROM EMPLOYEE_WEBPAGE \r\n										WHERE EMP_ID = 3)) AND (WEB_PAGES.STATUS = "active");', 'Cathy Kim', '2016-06-15 17:24:31', '192.168.0.42'),
(178, 'INSERT INTO EMPLOYEE_LOG_IOS(EMP_ID, EVENT_TYPE, DATE_TIME, IP_ADDR) VALUES(3, "Out", NOW(), "192.168.0.42");', 'Cathy Kim', '2016-06-15 17:24:33', '192.168.0.42'),
(179, 'SELECT  EMP_ID, EMP_FIRST_NAME, EMP_LAST_NAME, EMP_BIRTHDATE, EMP_PHONE1 FROM EMPLOYEES  WHERE EMP_PASSCODE="1887";', 'system', '2016-06-15 17:24:38', '192.168.0.42'),
(180, 'INSERT INTO EMPLOYEE_LOG_IOS(EMP_ID, EVENT_TYPE, DATE_TIME, IP_ADDR) VALUES(1, "In", NOW(), "192.168.0.42");', 'Raphaelle Philippe', '2016-06-15 17:24:38', '192.168.0.42'),
(181, 'SELECT WEB_PAGES.PAGE_ID, WEB_PAGES.TAG_CLASS, WEB_PAGES.TYPE, WEB_PAGES.HREF, WEB_PAGES.ICON_URL, WEB_PAGES.TITLE, WEB_PAGES.STATUS FROM WEB_PAGES WHERE (WEB_PAGES.PAGE_ID IN \r\n									(SELECT PAGE_ID FROM EMPLOYEE_WEBPAGE \r\n										WHERE EMP_ID = 1)) AND (WEB_PAGES.STATUS = "active");', 'Raphaelle Philippe', '2016-06-15 17:24:38', '192.168.0.42'),
(182, 'SELECT HREF FROM WEB_PAGES WHERE (PAGE_ID IN \r\n									(SELECT PAGE_ID FROM EMPLOYEE_WEBPAGE \r\n										WHERE EMP_ID = 1)) AND (WEB_PAGES.STATUS = "active");', 'Raphaelle Philippe', '2016-06-15 17:24:40', '192.168.0.42'),
(183, 'SELECT EMPLOYEES.EMP_ID, CONCAT(EMPLOYEES.EMP_FIRST_NAME, " ", EMPLOYEES.EMP_LAST_NAME) AS EMP_NAME, EMPLOYEES.EMP_BIRTHDATE, EMPLOYEES.EMP_PHONE1 EMP_PHONE, EMPLOYEES.EMP_PHOTO FROM EMPLOYEES WHERE (EMPLOYEES.EMP_ID IN (SELECT EMPLOYEE_ATTENDANCES.EMP_ID FROM EMPLOYEE_ATTENDANCES WHERE EMPLOYEE_ATTENDANCES.DATE_TIME >= CURDATE() AND EMPLOYEE_ATTENDANCES.DATE_TIME < (CURDATE() + INTERVAL 1 DAY) AND EMPLOYEE_ATTENDANCES.EVENT_TYPE = "In")) AND (EMPLOYEES.EMP_ID NOT IN (SELECT EMPLOYEE_ATTENDANCES.EMP_ID FROM EMPLOYEE_ATTENDANCES WHERE EMPLOYEE_ATTENDANCES.DATE_TIME >= CURDATE() AND EMPLOYEE_ATTENDANCES.DATE_TIME < (CURDATE() + INTERVAL 1 DAY) AND EMPLOYEE_ATTENDANCES.EVENT_TYPE = "Out")) AND (EMPLOYEES.EMP_POST_ID1 IN (3,4 ));', 'Raphaelle Philippe', '2016-06-15 17:24:40', '192.168.0.42'),
(184, 'SELECT STUDENTS.STU_ID, CONCAT(STUDENTS.STU_FIRST_NAME, " ", STUDENTS.STU_LAST_NAME) AS STU_NAME, STUDENTS.STU_BIRTHDATE, FLOOR(DATEDIFF(NOW(), STUDENTS.STU_BIRTHDATE)/365.25) AS STU_AGE, STUDENTS.STU_PHOTO FROM STUDENTS WHERE (STUDENTS.STU_ID IN (SELECT STUDENT_ATTENDANCES.STU_ID FROM STUDENT_ATTENDANCES WHERE STUDENT_ATTENDANCES.DATE_TIME >= CURDATE() AND STUDENT_ATTENDANCES.DATE_TIME < (CURDATE() + INTERVAL 1 DAY) AND STUDENT_ATTENDANCES.EVENT_TYPE = "In")) AND (STUDENTS.STU_ID NOT IN (SELECT STUDENT_ATTENDANCES.STU_ID FROM STUDENT_ATTENDANCES WHERE STUDENT_ATTENDANCES.DATE_TIME >= CURDATE() AND STUDENT_ATTENDANCES.DATE_TIME < (CURDATE() + INTERVAL 1 DAY) AND STUDENT_ATTENDANCES.EVENT_TYPE = "Out"));', 'Raphaelle Philippe', '2016-06-15 17:24:40', '192.168.0.42'),
(185, 'SELECT DISTINCT EMPLOYEES.EMP_ID, CONCAT(EMPLOYEES.EMP_FIRST_NAME, " ", EMPLOYEES.EMP_LAST_NAME) AS EMP_NAME, EMPLOYEES.EMP_BIRTHDATE, EMPLOYEES.EMP_PHONE1 EMP_PHONE, EMPLOYEES.EMP_PHOTO FROM EMPLOYEES WHERE ((EMPLOYEES.EMP_ID NOT IN (SELECT EMPLOYEE_ATTENDANCES.EMP_ID FROM EMPLOYEE_ATTENDANCES WHERE EMPLOYEE_ATTENDANCES.DATE_TIME >= CURDATE() AND EMPLOYEE_ATTENDANCES.DATE_TIME < (CURDATE() + INTERVAL 1 DAY) AND EMPLOYEE_ATTENDANCES.EVENT_TYPE = "In")) OR (EMPLOYEES.EMP_ID IN (SELECT EMPLOYEE_ATTENDANCES.EMP_ID FROM EMPLOYEE_ATTENDANCES WHERE EMPLOYEE_ATTENDANCES.DATE_TIME >= CURDATE() AND EMPLOYEE_ATTENDANCES.DATE_TIME < (CURDATE() + INTERVAL 1 DAY) AND EMPLOYEE_ATTENDANCES.EVENT_TYPE = "Out"))) AND (EMPLOYEES.EMP_POST_ID1 IN (3,4 ));', 'Raphaelle Philippe', '2016-06-15 17:24:40', '192.168.0.42'),
(186, 'SELECT WEB_PAGES.PAGE_ID, WEB_PAGES.TAG_CLASS, WEB_PAGES.TYPE, WEB_PAGES.HREF, WEB_PAGES.ICON_URL, WEB_PAGES.TITLE, WEB_PAGES.STATUS FROM WEB_PAGES WHERE (WEB_PAGES.PAGE_ID IN \r\n									(SELECT PAGE_ID FROM EMPLOYEE_WEBPAGE \r\n										WHERE EMP_ID = 1)) AND (WEB_PAGES.STATUS = "active");', 'Raphaelle Philippe', '2016-06-15 17:24:45', '192.168.0.42'),
(187, 'SELECT HREF FROM WEB_PAGES WHERE (PAGE_ID IN \r\n									(SELECT PAGE_ID FROM EMPLOYEE_WEBPAGE \r\n										WHERE EMP_ID = 1)) AND (WEB_PAGES.STATUS = "active");', 'Raphaelle Philippe', '2016-06-15 17:24:46', '192.168.0.42'),
(188, 'INSERT INTO EMPLOYEE_ATTENDANCES(EMP_ID, EVENT_TYPE, DATE_TIME, IP_ADDR, NOTES) VALUES(1, "In", NOW(), "192.168.0.42", "");', 'Raphaelle Philippe', '2016-06-15 17:24:46', '192.168.0.42'),
(189, 'SELECT WEB_PAGES.PAGE_ID, WEB_PAGES.TAG_CLASS, WEB_PAGES.TYPE, WEB_PAGES.HREF, WEB_PAGES.ICON_URL, WEB_PAGES.TITLE, WEB_PAGES.STATUS FROM WEB_PAGES WHERE (WEB_PAGES.PAGE_ID IN \r\n									(SELECT PAGE_ID FROM EMPLOYEE_WEBPAGE \r\n										WHERE EMP_ID = 1)) AND (WEB_PAGES.STATUS = "active");', 'Raphaelle Philippe', '2016-06-15 17:24:47', '192.168.0.42'),
(190, 'SELECT HREF FROM WEB_PAGES WHERE (PAGE_ID IN \r\n									(SELECT PAGE_ID FROM EMPLOYEE_WEBPAGE \r\n										WHERE EMP_ID = 1)) AND (WEB_PAGES.STATUS = "active");', 'Raphaelle Philippe', '2016-06-15 17:24:49', '192.168.0.42'),
(191, 'SELECT EMPLOYEES.EMP_ID, CONCAT(EMPLOYEES.EMP_FIRST_NAME, " ", EMPLOYEES.EMP_LAST_NAME) AS EMP_NAME, EMPLOYEES.EMP_BIRTHDATE, EMPLOYEES.EMP_PHONE1 EMP_PHONE, EMPLOYEES.EMP_PHOTO FROM EMPLOYEES WHERE (EMPLOYEES.EMP_ID IN (SELECT EMPLOYEE_ATTENDANCES.EMP_ID FROM EMPLOYEE_ATTENDANCES WHERE EMPLOYEE_ATTENDANCES.DATE_TIME >= CURDATE() AND EMPLOYEE_ATTENDANCES.DATE_TIME < (CURDATE() + INTERVAL 1 DAY) AND EMPLOYEE_ATTENDANCES.EVENT_TYPE = "In")) AND (EMPLOYEES.EMP_ID NOT IN (SELECT EMPLOYEE_ATTENDANCES.EMP_ID FROM EMPLOYEE_ATTENDANCES WHERE EMPLOYEE_ATTENDANCES.DATE_TIME >= CURDATE() AND EMPLOYEE_ATTENDANCES.DATE_TIME < (CURDATE() + INTERVAL 1 DAY) AND EMPLOYEE_ATTENDANCES.EVENT_TYPE = "Out")) AND (EMPLOYEES.EMP_POST_ID1 IN (3,4 ));', 'Raphaelle Philippe', '2016-06-15 17:24:49', '192.168.0.42'),
(192, 'SELECT STUDENTS.STU_ID, CONCAT(STUDENTS.STU_FIRST_NAME, " ", STUDENTS.STU_LAST_NAME) AS STU_NAME, STUDENTS.STU_BIRTHDATE, FLOOR(DATEDIFF(NOW(), STUDENTS.STU_BIRTHDATE)/365.25) AS STU_AGE, STUDENTS.STU_PHOTO FROM STUDENTS WHERE (STUDENTS.STU_ID IN (SELECT STUDENT_ATTENDANCES.STU_ID FROM STUDENT_ATTENDANCES WHERE STUDENT_ATTENDANCES.DATE_TIME >= CURDATE() AND STUDENT_ATTENDANCES.DATE_TIME < (CURDATE() + INTERVAL 1 DAY) AND STUDENT_ATTENDANCES.EVENT_TYPE = "In")) AND (STUDENTS.STU_ID NOT IN (SELECT STUDENT_ATTENDANCES.STU_ID FROM STUDENT_ATTENDANCES WHERE STUDENT_ATTENDANCES.DATE_TIME >= CURDATE() AND STUDENT_ATTENDANCES.DATE_TIME < (CURDATE() + INTERVAL 1 DAY) AND STUDENT_ATTENDANCES.EVENT_TYPE = "Out"));', 'Raphaelle Philippe', '2016-06-15 17:24:49', '192.168.0.42'),
(193, 'SELECT DISTINCT EMPLOYEES.EMP_ID, CONCAT(EMPLOYEES.EMP_FIRST_NAME, " ", EMPLOYEES.EMP_LAST_NAME) AS EMP_NAME, EMPLOYEES.EMP_BIRTHDATE, EMPLOYEES.EMP_PHONE1 EMP_PHONE, EMPLOYEES.EMP_PHOTO FROM EMPLOYEES WHERE ((EMPLOYEES.EMP_ID NOT IN (SELECT EMPLOYEE_ATTENDANCES.EMP_ID FROM EMPLOYEE_ATTENDANCES WHERE EMPLOYEE_ATTENDANCES.DATE_TIME >= CURDATE() AND EMPLOYEE_ATTENDANCES.DATE_TIME < (CURDATE() + INTERVAL 1 DAY) AND EMPLOYEE_ATTENDANCES.EVENT_TYPE = "In")) OR (EMPLOYEES.EMP_ID IN (SELECT EMPLOYEE_ATTENDANCES.EMP_ID FROM EMPLOYEE_ATTENDANCES WHERE EMPLOYEE_ATTENDANCES.DATE_TIME >= CURDATE() AND EMPLOYEE_ATTENDANCES.DATE_TIME < (CURDATE() + INTERVAL 1 DAY) AND EMPLOYEE_ATTENDANCES.EVENT_TYPE = "Out"))) AND (EMPLOYEES.EMP_POST_ID1 IN (3,4 ));', 'Raphaelle Philippe', '2016-06-15 17:24:49', '192.168.0.42'),
(194, 'SELECT WEB_PAGES.PAGE_ID, WEB_PAGES.TAG_CLASS, WEB_PAGES.TYPE, WEB_PAGES.HREF, WEB_PAGES.ICON_URL, WEB_PAGES.TITLE, WEB_PAGES.STATUS FROM WEB_PAGES WHERE (WEB_PAGES.PAGE_ID IN \r\n									(SELECT PAGE_ID FROM EMPLOYEE_WEBPAGE \r\n										WHERE EMP_ID = 1)) AND (WEB_PAGES.STATUS = "active");', 'Raphaelle Philippe', '2016-06-15 17:24:59', '192.168.0.42'),
(195, 'SELECT HREF FROM WEB_PAGES WHERE (PAGE_ID IN \r\n									(SELECT PAGE_ID FROM EMPLOYEE_WEBPAGE \r\n										WHERE EMP_ID = 1)) AND (WEB_PAGES.STATUS = "active");', 'Raphaelle Philippe', '2016-06-15 17:25:01', '192.168.0.42'),
(196, 'SELECT  STUDENTS.STU_ID, CONCAT(STUDENTS.STU_FIRST_NAME, " ", STUDENTS.STU_LAST_NAME) AS STU_NAME, STUDENTS.STU_BIRTHDATE, FLOOR(DATEDIFF(NOW(), STUDENTS.STU_BIRTHDATE)/365.25) AS STU_AGE, STUDENTS.STU_PHOTO FROM STUDENTS WHERE  STUDENTS.STU_ID NOT IN (SELECT STUDENT_ATTENDANCES.STU_ID FROM STUDENT_ATTENDANCES WHERE \r\n										STUDENT_ATTENDANCES.DATE_TIME >= CURDATE() AND \r\n										STUDENT_ATTENDANCES.DATE_TIME < (CURDATE() + INTERVAL 1 DAY) AND\r\n										STUDENT_ATTENDANCES.EVENT_TYPE = "In");', 'Raphaelle Philippe', '2016-06-15 17:25:01', '192.168.0.42'),
(197, 'SELECT STUDENTS.STU_ID, CONCAT(STUDENTS.STU_FIRST_NAME, " ", STUDENTS.STU_LAST_NAME) AS STU_NAME, STUDENTS.STU_BIRTHDATE, FLOOR(DATEDIFF(NOW(), STUDENTS.STU_BIRTHDATE)/365.25) AS STU_AGE, STUDENTS.STU_PHOTO FROM STUDENTS WHERE (STUDENTS.STU_ID IN (SELECT STUDENT_ATTENDANCES.STU_ID FROM STUDENT_ATTENDANCES WHERE STUDENT_ATTENDANCES.DATE_TIME >= CURDATE() AND STUDENT_ATTENDANCES.DATE_TIME < (CURDATE() + INTERVAL 1 DAY) AND STUDENT_ATTENDANCES.EVENT_TYPE = "In")) AND (STUDENTS.STU_ID NOT IN (SELECT STUDENT_ATTENDANCES.STU_ID FROM STUDENT_ATTENDANCES WHERE STUDENT_ATTENDANCES.DATE_TIME >= CURDATE() AND STUDENT_ATTENDANCES.DATE_TIME < (CURDATE() + INTERVAL 1 DAY) AND STUDENT_ATTENDANCES.EVENT_TYPE = "Out"));', 'Raphaelle Philippe', '2016-06-15 17:25:01', '192.168.0.42'),
(198, 'SELECT HREF FROM WEB_PAGES WHERE (PAGE_ID IN \r\n									(SELECT PAGE_ID FROM EMPLOYEE_WEBPAGE \r\n										WHERE EMP_ID = 1)) AND (WEB_PAGES.STATUS = "active");', 'Raphaelle Philippe', '2016-06-15 17:25:06', '192.168.0.42'),
(199, 'INSERT INTO STUDENT_ATTENDANCES(STU_ID, EVENT_TYPE, DATE_TIME, EMP_ID, IP_ADDR, NOTES) VALUES(16, "In", NOW(), 1, "192.168.0.42", "");', 'Raphaelle Philippe', '2016-06-15 17:25:06', '192.168.0.42'),
(200, 'INSERT INTO STUDENT_ATTENDANCES(STU_ID, EVENT_TYPE, DATE_TIME, EMP_ID, IP_ADDR, NOTES) VALUES(17, "In", NOW(), 1, "192.168.0.42", "");', 'Raphaelle Philippe', '2016-06-15 17:25:06', '192.168.0.42'),
(201, 'INSERT INTO STUDENT_ATTENDANCES(STU_ID, EVENT_TYPE, DATE_TIME, EMP_ID, IP_ADDR, NOTES) VALUES(18, "In", NOW(), 1, "192.168.0.42", "");', 'Raphaelle Philippe', '2016-06-15 17:25:06', '192.168.0.42'),
(202, 'SELECT HREF FROM WEB_PAGES WHERE (PAGE_ID IN \r\n									(SELECT PAGE_ID FROM EMPLOYEE_WEBPAGE \r\n										WHERE EMP_ID = 1)) AND (WEB_PAGES.STATUS = "active");', 'Raphaelle Philippe', '2016-06-15 17:25:07', '192.168.0.42'),
(203, 'SELECT  STUDENTS.STU_ID, CONCAT(STUDENTS.STU_FIRST_NAME, " ", STUDENTS.STU_LAST_NAME) AS STU_NAME, STUDENTS.STU_BIRTHDATE, FLOOR(DATEDIFF(NOW(), STUDENTS.STU_BIRTHDATE)/365.25) AS STU_AGE, STUDENTS.STU_PHOTO FROM STUDENTS WHERE  STUDENTS.STU_ID NOT IN (SELECT STUDENT_ATTENDANCES.STU_ID FROM STUDENT_ATTENDANCES WHERE \r\n										STUDENT_ATTENDANCES.DATE_TIME >= CURDATE() AND \r\n										STUDENT_ATTENDANCES.DATE_TIME < (CURDATE() + INTERVAL 1 DAY) AND\r\n										STUDENT_ATTENDANCES.EVENT_TYPE = "In");', 'Raphaelle Philippe', '2016-06-15 17:25:07', '192.168.0.42'),
(204, 'SELECT STUDENTS.STU_ID, CONCAT(STUDENTS.STU_FIRST_NAME, " ", STUDENTS.STU_LAST_NAME) AS STU_NAME, STUDENTS.STU_BIRTHDATE, FLOOR(DATEDIFF(NOW(), STUDENTS.STU_BIRTHDATE)/365.25) AS STU_AGE, STUDENTS.STU_PHOTO FROM STUDENTS WHERE (STUDENTS.STU_ID IN (SELECT STUDENT_ATTENDANCES.STU_ID FROM STUDENT_ATTENDANCES WHERE STUDENT_ATTENDANCES.DATE_TIME >= CURDATE() AND STUDENT_ATTENDANCES.DATE_TIME < (CURDATE() + INTERVAL 1 DAY) AND STUDENT_ATTENDANCES.EVENT_TYPE = "In")) AND (STUDENTS.STU_ID NOT IN (SELECT STUDENT_ATTENDANCES.STU_ID FROM STUDENT_ATTENDANCES WHERE STUDENT_ATTENDANCES.DATE_TIME >= CURDATE() AND STUDENT_ATTENDANCES.DATE_TIME < (CURDATE() + INTERVAL 1 DAY) AND STUDENT_ATTENDANCES.EVENT_TYPE = "Out"));', 'Raphaelle Philippe', '2016-06-15 17:25:07', '192.168.0.42'),
(205, 'SELECT WEB_PAGES.PAGE_ID, WEB_PAGES.TAG_CLASS, WEB_PAGES.TYPE, WEB_PAGES.HREF, WEB_PAGES.ICON_URL, WEB_PAGES.TITLE, WEB_PAGES.STATUS FROM WEB_PAGES WHERE (WEB_PAGES.PAGE_ID IN \r\n									(SELECT PAGE_ID FROM EMPLOYEE_WEBPAGE \r\n										WHERE EMP_ID = 1)) AND (WEB_PAGES.STATUS = "active");', 'Raphaelle Philippe', '2016-06-15 17:25:10', '192.168.0.42'),
(206, 'SELECT HREF FROM WEB_PAGES WHERE (PAGE_ID IN \r\n									(SELECT PAGE_ID FROM EMPLOYEE_WEBPAGE \r\n										WHERE EMP_ID = 1)) AND (WEB_PAGES.STATUS = "active");', 'Raphaelle Philippe', '2016-06-15 17:25:11', '192.168.0.42'),
(207, 'SELECT EMPLOYEES.EMP_ID, CONCAT(EMPLOYEES.EMP_FIRST_NAME, " ", EMPLOYEES.EMP_LAST_NAME) AS EMP_NAME, EMPLOYEES.EMP_BIRTHDATE, EMPLOYEES.EMP_PHONE1 EMP_PHONE, EMPLOYEES.EMP_PHOTO FROM EMPLOYEES WHERE (EMPLOYEES.EMP_ID IN (SELECT EMPLOYEE_ATTENDANCES.EMP_ID FROM EMPLOYEE_ATTENDANCES WHERE EMPLOYEE_ATTENDANCES.DATE_TIME >= CURDATE() AND EMPLOYEE_ATTENDANCES.DATE_TIME < (CURDATE() + INTERVAL 1 DAY) AND EMPLOYEE_ATTENDANCES.EVENT_TYPE = "In")) AND (EMPLOYEES.EMP_ID NOT IN (SELECT EMPLOYEE_ATTENDANCES.EMP_ID FROM EMPLOYEE_ATTENDANCES WHERE EMPLOYEE_ATTENDANCES.DATE_TIME >= CURDATE() AND EMPLOYEE_ATTENDANCES.DATE_TIME < (CURDATE() + INTERVAL 1 DAY) AND EMPLOYEE_ATTENDANCES.EVENT_TYPE = "Out")) AND (EMPLOYEES.EMP_POST_ID1 IN (3,4 ));', 'Raphaelle Philippe', '2016-06-15 17:25:11', '192.168.0.42'),
(208, 'SELECT STUDENTS.STU_ID, CONCAT(STUDENTS.STU_FIRST_NAME, " ", STUDENTS.STU_LAST_NAME) AS STU_NAME, STUDENTS.STU_BIRTHDATE, FLOOR(DATEDIFF(NOW(), STUDENTS.STU_BIRTHDATE)/365.25) AS STU_AGE, STUDENTS.STU_PHOTO FROM STUDENTS WHERE (STUDENTS.STU_ID IN (SELECT STUDENT_ATTENDANCES.STU_ID FROM STUDENT_ATTENDANCES WHERE STUDENT_ATTENDANCES.DATE_TIME >= CURDATE() AND STUDENT_ATTENDANCES.DATE_TIME < (CURDATE() + INTERVAL 1 DAY) AND STUDENT_ATTENDANCES.EVENT_TYPE = "In")) AND (STUDENTS.STU_ID NOT IN (SELECT STUDENT_ATTENDANCES.STU_ID FROM STUDENT_ATTENDANCES WHERE STUDENT_ATTENDANCES.DATE_TIME >= CURDATE() AND STUDENT_ATTENDANCES.DATE_TIME < (CURDATE() + INTERVAL 1 DAY) AND STUDENT_ATTENDANCES.EVENT_TYPE = "Out"));', 'Raphaelle Philippe', '2016-06-15 17:25:11', '192.168.0.42'),
(209, 'SELECT DISTINCT EMPLOYEES.EMP_ID, CONCAT(EMPLOYEES.EMP_FIRST_NAME, " ", EMPLOYEES.EMP_LAST_NAME) AS EMP_NAME, EMPLOYEES.EMP_BIRTHDATE, EMPLOYEES.EMP_PHONE1 EMP_PHONE, EMPLOYEES.EMP_PHOTO FROM EMPLOYEES WHERE ((EMPLOYEES.EMP_ID NOT IN (SELECT EMPLOYEE_ATTENDANCES.EMP_ID FROM EMPLOYEE_ATTENDANCES WHERE EMPLOYEE_ATTENDANCES.DATE_TIME >= CURDATE() AND EMPLOYEE_ATTENDANCES.DATE_TIME < (CURDATE() + INTERVAL 1 DAY) AND EMPLOYEE_ATTENDANCES.EVENT_TYPE = "In")) OR (EMPLOYEES.EMP_ID IN (SELECT EMPLOYEE_ATTENDANCES.EMP_ID FROM EMPLOYEE_ATTENDANCES WHERE EMPLOYEE_ATTENDANCES.DATE_TIME >= CURDATE() AND EMPLOYEE_ATTENDANCES.DATE_TIME < (CURDATE() + INTERVAL 1 DAY) AND EMPLOYEE_ATTENDANCES.EVENT_TYPE = "Out"))) AND (EMPLOYEES.EMP_POST_ID1 IN (3,4 ));', 'Raphaelle Philippe', '2016-06-15 17:25:11', '192.168.0.42'),
(210, 'SELECT WEB_PAGES.PAGE_ID, WEB_PAGES.TAG_CLASS, WEB_PAGES.TYPE, WEB_PAGES.HREF, WEB_PAGES.ICON_URL, WEB_PAGES.TITLE, WEB_PAGES.STATUS FROM WEB_PAGES WHERE (WEB_PAGES.PAGE_ID IN \r\n									(SELECT PAGE_ID FROM EMPLOYEE_WEBPAGE \r\n										WHERE EMP_ID = 1)) AND (WEB_PAGES.STATUS = "active");', 'Raphaelle Philippe', '2016-06-15 17:25:17', '192.168.0.42'),
(211, 'INSERT INTO EMPLOYEE_LOG_IOS(EMP_ID, EVENT_TYPE, DATE_TIME, IP_ADDR) VALUES(1, "Out", NOW(), "192.168.0.42");', 'Raphaelle Philippe', '2016-06-15 17:25:19', '192.168.0.42'),
(212, 'SELECT  EMP_ID, EMP_FIRST_NAME, EMP_LAST_NAME, EMP_BIRTHDATE, EMP_PHONE1 FROM EMPLOYEES  WHERE EMP_PASSCODE="7381";', 'system', '2016-06-15 17:25:26', '192.168.0.42'),
(213, 'INSERT INTO EMPLOYEE_LOG_IOS(EMP_ID, EVENT_TYPE, DATE_TIME, IP_ADDR) VALUES(5, "In", NOW(), "192.168.0.42");', 'Jenifer Taylor', '2016-06-15 17:25:26', '192.168.0.42'),
(214, 'SELECT WEB_PAGES.PAGE_ID, WEB_PAGES.TAG_CLASS, WEB_PAGES.TYPE, WEB_PAGES.HREF, WEB_PAGES.ICON_URL, WEB_PAGES.TITLE, WEB_PAGES.STATUS FROM WEB_PAGES WHERE (WEB_PAGES.PAGE_ID IN \r\n									(SELECT PAGE_ID FROM EMPLOYEE_WEBPAGE \r\n										WHERE EMP_ID = 5)) AND (WEB_PAGES.STATUS = "active");', 'Jenifer Taylor', '2016-06-15 17:25:26', '192.168.0.42'),
(215, 'SELECT HREF FROM WEB_PAGES WHERE (PAGE_ID IN \r\n									(SELECT PAGE_ID FROM EMPLOYEE_WEBPAGE \r\n										WHERE EMP_ID = 5)) AND (WEB_PAGES.STATUS = "active");', 'Jenifer Taylor', '2016-06-15 17:25:28', '192.168.0.42'),
(216, 'SELECT EMPLOYEES.EMP_ID, CONCAT(EMPLOYEES.EMP_FIRST_NAME, " ", EMPLOYEES.EMP_LAST_NAME) AS EMP_NAME, EMPLOYEES.EMP_BIRTHDATE, EMPLOYEES.EMP_PHONE1 EMP_PHONE, EMPLOYEES.EMP_PHOTO FROM EMPLOYEES WHERE (EMPLOYEES.EMP_ID IN (SELECT EMPLOYEE_ATTENDANCES.EMP_ID FROM EMPLOYEE_ATTENDANCES WHERE EMPLOYEE_ATTENDANCES.DATE_TIME >= CURDATE() AND EMPLOYEE_ATTENDANCES.DATE_TIME < (CURDATE() + INTERVAL 1 DAY) AND EMPLOYEE_ATTENDANCES.EVENT_TYPE = "In")) AND (EMPLOYEES.EMP_ID NOT IN (SELECT EMPLOYEE_ATTENDANCES.EMP_ID FROM EMPLOYEE_ATTENDANCES WHERE EMPLOYEE_ATTENDANCES.DATE_TIME >= CURDATE() AND EMPLOYEE_ATTENDANCES.DATE_TIME < (CURDATE() + INTERVAL 1 DAY) AND EMPLOYEE_ATTENDANCES.EVENT_TYPE = "Out")) AND (EMPLOYEES.EMP_POST_ID1 IN (3,4 ));', 'Jenifer Taylor', '2016-06-15 17:25:28', '192.168.0.42'),
(217, 'SELECT STUDENTS.STU_ID, CONCAT(STUDENTS.STU_FIRST_NAME, " ", STUDENTS.STU_LAST_NAME) AS STU_NAME, STUDENTS.STU_BIRTHDATE, FLOOR(DATEDIFF(NOW(), STUDENTS.STU_BIRTHDATE)/365.25) AS STU_AGE, STUDENTS.STU_PHOTO FROM STUDENTS WHERE (STUDENTS.STU_ID IN (SELECT STUDENT_ATTENDANCES.STU_ID FROM STUDENT_ATTENDANCES WHERE STUDENT_ATTENDANCES.DATE_TIME >= CURDATE() AND STUDENT_ATTENDANCES.DATE_TIME < (CURDATE() + INTERVAL 1 DAY) AND STUDENT_ATTENDANCES.EVENT_TYPE = "In")) AND (STUDENTS.STU_ID NOT IN (SELECT STUDENT_ATTENDANCES.STU_ID FROM STUDENT_ATTENDANCES WHERE STUDENT_ATTENDANCES.DATE_TIME >= CURDATE() AND STUDENT_ATTENDANCES.DATE_TIME < (CURDATE() + INTERVAL 1 DAY) AND STUDENT_ATTENDANCES.EVENT_TYPE = "Out"));', 'Jenifer Taylor', '2016-06-15 17:25:29', '192.168.0.42'),
(218, 'SELECT DISTINCT EMPLOYEES.EMP_ID, CONCAT(EMPLOYEES.EMP_FIRST_NAME, " ", EMPLOYEES.EMP_LAST_NAME) AS EMP_NAME, EMPLOYEES.EMP_BIRTHDATE, EMPLOYEES.EMP_PHONE1 EMP_PHONE, EMPLOYEES.EMP_PHOTO FROM EMPLOYEES WHERE ((EMPLOYEES.EMP_ID NOT IN (SELECT EMPLOYEE_ATTENDANCES.EMP_ID FROM EMPLOYEE_ATTENDANCES WHERE EMPLOYEE_ATTENDANCES.DATE_TIME >= CURDATE() AND EMPLOYEE_ATTENDANCES.DATE_TIME < (CURDATE() + INTERVAL 1 DAY) AND EMPLOYEE_ATTENDANCES.EVENT_TYPE = "In")) OR (EMPLOYEES.EMP_ID IN (SELECT EMPLOYEE_ATTENDANCES.EMP_ID FROM EMPLOYEE_ATTENDANCES WHERE EMPLOYEE_ATTENDANCES.DATE_TIME >= CURDATE() AND EMPLOYEE_ATTENDANCES.DATE_TIME < (CURDATE() + INTERVAL 1 DAY) AND EMPLOYEE_ATTENDANCES.EVENT_TYPE = "Out"))) AND (EMPLOYEES.EMP_POST_ID1 IN (3,4 ));', 'Jenifer Taylor', '2016-06-15 17:25:29', '192.168.0.42'),
(219, 'SELECT WEB_PAGES.PAGE_ID, WEB_PAGES.TAG_CLASS, WEB_PAGES.TYPE, WEB_PAGES.HREF, WEB_PAGES.ICON_URL, WEB_PAGES.TITLE, WEB_PAGES.STATUS FROM WEB_PAGES WHERE (WEB_PAGES.PAGE_ID IN \r\n									(SELECT PAGE_ID FROM EMPLOYEE_WEBPAGE \r\n										WHERE EMP_ID = 5)) AND (WEB_PAGES.STATUS = "active");', 'Jenifer Taylor', '2016-06-15 17:25:31', '192.168.0.42'),
(220, 'SELECT HREF FROM WEB_PAGES WHERE (PAGE_ID IN \r\n									(SELECT PAGE_ID FROM EMPLOYEE_WEBPAGE \r\n										WHERE EMP_ID = 5)) AND (WEB_PAGES.STATUS = "active");', 'Jenifer Taylor', '2016-06-15 17:25:32', '192.168.0.42'),
(221, 'INSERT INTO EMPLOYEE_ATTENDANCES(EMP_ID, EVENT_TYPE, DATE_TIME, IP_ADDR, NOTES) VALUES(5, "In", NOW(), "192.168.0.42", "");', 'Jenifer Taylor', '2016-06-15 17:25:32', '192.168.0.42'),
(222, 'SELECT WEB_PAGES.PAGE_ID, WEB_PAGES.TAG_CLASS, WEB_PAGES.TYPE, WEB_PAGES.HREF, WEB_PAGES.ICON_URL, WEB_PAGES.TITLE, WEB_PAGES.STATUS FROM WEB_PAGES WHERE (WEB_PAGES.PAGE_ID IN \r\n									(SELECT PAGE_ID FROM EMPLOYEE_WEBPAGE \r\n										WHERE EMP_ID = 5)) AND (WEB_PAGES.STATUS = "active");', 'Jenifer Taylor', '2016-06-15 17:25:33', '192.168.0.42'),
(223, 'SELECT HREF FROM WEB_PAGES WHERE (PAGE_ID IN \r\n									(SELECT PAGE_ID FROM EMPLOYEE_WEBPAGE \r\n										WHERE EMP_ID = 5)) AND (WEB_PAGES.STATUS = "active");', 'Jenifer Taylor', '2016-06-15 17:25:34', '192.168.0.42'),
(224, 'SELECT EMPLOYEES.EMP_ID, CONCAT(EMPLOYEES.EMP_FIRST_NAME, " ", EMPLOYEES.EMP_LAST_NAME) AS EMP_NAME, EMPLOYEES.EMP_BIRTHDATE, EMPLOYEES.EMP_PHONE1 EMP_PHONE, EMPLOYEES.EMP_PHOTO FROM EMPLOYEES WHERE (EMPLOYEES.EMP_ID IN (SELECT EMPLOYEE_ATTENDANCES.EMP_ID FROM EMPLOYEE_ATTENDANCES WHERE EMPLOYEE_ATTENDANCES.DATE_TIME >= CURDATE() AND EMPLOYEE_ATTENDANCES.DATE_TIME < (CURDATE() + INTERVAL 1 DAY) AND EMPLOYEE_ATTENDANCES.EVENT_TYPE = "In")) AND (EMPLOYEES.EMP_ID NOT IN (SELECT EMPLOYEE_ATTENDANCES.EMP_ID FROM EMPLOYEE_ATTENDANCES WHERE EMPLOYEE_ATTENDANCES.DATE_TIME >= CURDATE() AND EMPLOYEE_ATTENDANCES.DATE_TIME < (CURDATE() + INTERVAL 1 DAY) AND EMPLOYEE_ATTENDANCES.EVENT_TYPE = "Out")) AND (EMPLOYEES.EMP_POST_ID1 IN (3,4 ));', 'Jenifer Taylor', '2016-06-15 17:25:34', '192.168.0.42'),
(225, 'SELECT STUDENTS.STU_ID, CONCAT(STUDENTS.STU_FIRST_NAME, " ", STUDENTS.STU_LAST_NAME) AS STU_NAME, STUDENTS.STU_BIRTHDATE, FLOOR(DATEDIFF(NOW(), STUDENTS.STU_BIRTHDATE)/365.25) AS STU_AGE, STUDENTS.STU_PHOTO FROM STUDENTS WHERE (STUDENTS.STU_ID IN (SELECT STUDENT_ATTENDANCES.STU_ID FROM STUDENT_ATTENDANCES WHERE STUDENT_ATTENDANCES.DATE_TIME >= CURDATE() AND STUDENT_ATTENDANCES.DATE_TIME < (CURDATE() + INTERVAL 1 DAY) AND STUDENT_ATTENDANCES.EVENT_TYPE = "In")) AND (STUDENTS.STU_ID NOT IN (SELECT STUDENT_ATTENDANCES.STU_ID FROM STUDENT_ATTENDANCES WHERE STUDENT_ATTENDANCES.DATE_TIME >= CURDATE() AND STUDENT_ATTENDANCES.DATE_TIME < (CURDATE() + INTERVAL 1 DAY) AND STUDENT_ATTENDANCES.EVENT_TYPE = "Out"));', 'Jenifer Taylor', '2016-06-15 17:25:34', '192.168.0.42'),
(226, 'SELECT DISTINCT EMPLOYEES.EMP_ID, CONCAT(EMPLOYEES.EMP_FIRST_NAME, " ", EMPLOYEES.EMP_LAST_NAME) AS EMP_NAME, EMPLOYEES.EMP_BIRTHDATE, EMPLOYEES.EMP_PHONE1 EMP_PHONE, EMPLOYEES.EMP_PHOTO FROM EMPLOYEES WHERE ((EMPLOYEES.EMP_ID NOT IN (SELECT EMPLOYEE_ATTENDANCES.EMP_ID FROM EMPLOYEE_ATTENDANCES WHERE EMPLOYEE_ATTENDANCES.DATE_TIME >= CURDATE() AND EMPLOYEE_ATTENDANCES.DATE_TIME < (CURDATE() + INTERVAL 1 DAY) AND EMPLOYEE_ATTENDANCES.EVENT_TYPE = "In")) OR (EMPLOYEES.EMP_ID IN (SELECT EMPLOYEE_ATTENDANCES.EMP_ID FROM EMPLOYEE_ATTENDANCES WHERE EMPLOYEE_ATTENDANCES.DATE_TIME >= CURDATE() AND EMPLOYEE_ATTENDANCES.DATE_TIME < (CURDATE() + INTERVAL 1 DAY) AND EMPLOYEE_ATTENDANCES.EVENT_TYPE = "Out"))) AND (EMPLOYEES.EMP_POST_ID1 IN (3,4 ));', 'Jenifer Taylor', '2016-06-15 17:25:34', '192.168.0.42'),
(227, 'INSERT INTO EMPLOYEE_LOG_IOS(EMP_ID, EVENT_TYPE, DATE_TIME, IP_ADDR) VALUES(5, "Out", NOW(), "192.168.0.42");', 'Jenifer Taylor', '2016-06-15 17:25:49', '192.168.0.42'),
(228, 'SELECT  EMP_ID, EMP_FIRST_NAME, EMP_LAST_NAME, EMP_BIRTHDATE, EMP_PHONE1 FROM EMPLOYEES  WHERE EMP_PASSCODE="2016";', 'system', '2016-06-15 17:25:53', '192.168.0.42'),
(229, 'INSERT INTO EMPLOYEE_LOG_IOS(EMP_ID, EVENT_TYPE, DATE_TIME, IP_ADDR) VALUES(4, "In", NOW(), "192.168.0.42");', 'Mary Garcia', '2016-06-15 17:25:53', '192.168.0.42'),
(230, 'SELECT WEB_PAGES.PAGE_ID, WEB_PAGES.TAG_CLASS, WEB_PAGES.TYPE, WEB_PAGES.HREF, WEB_PAGES.ICON_URL, WEB_PAGES.TITLE, WEB_PAGES.STATUS FROM WEB_PAGES WHERE (WEB_PAGES.PAGE_ID IN \r\n									(SELECT PAGE_ID FROM EMPLOYEE_WEBPAGE \r\n										WHERE EMP_ID = 4)) AND (WEB_PAGES.STATUS = "active");', 'Mary Garcia', '2016-06-15 17:25:53', '192.168.0.42'),
(231, 'SELECT HREF FROM WEB_PAGES WHERE (PAGE_ID IN \r\n									(SELECT PAGE_ID FROM EMPLOYEE_WEBPAGE \r\n										WHERE EMP_ID = 4)) AND (WEB_PAGES.STATUS = "active");', 'Mary Garcia', '2016-06-15 17:25:54', '192.168.0.42'),
(232, 'SELECT EMPLOYEES.EMP_ID, CONCAT(EMPLOYEES.EMP_FIRST_NAME, " ", EMPLOYEES.EMP_LAST_NAME) AS EMP_NAME, EMPLOYEES.EMP_BIRTHDATE, EMPLOYEES.EMP_PHONE1 EMP_PHONE, EMPLOYEES.EMP_PHOTO FROM EMPLOYEES WHERE (EMPLOYEES.EMP_ID IN (SELECT EMPLOYEE_ATTENDANCES.EMP_ID FROM EMPLOYEE_ATTENDANCES WHERE EMPLOYEE_ATTENDANCES.DATE_TIME >= CURDATE() AND EMPLOYEE_ATTENDANCES.DATE_TIME < (CURDATE() + INTERVAL 1 DAY) AND EMPLOYEE_ATTENDANCES.EVENT_TYPE = "In")) AND (EMPLOYEES.EMP_ID NOT IN (SELECT EMPLOYEE_ATTENDANCES.EMP_ID FROM EMPLOYEE_ATTENDANCES WHERE EMPLOYEE_ATTENDANCES.DATE_TIME >= CURDATE() AND EMPLOYEE_ATTENDANCES.DATE_TIME < (CURDATE() + INTERVAL 1 DAY) AND EMPLOYEE_ATTENDANCES.EVENT_TYPE = "Out")) AND (EMPLOYEES.EMP_POST_ID1 IN (3,4 ));', 'Mary Garcia', '2016-06-15 17:25:54', '192.168.0.42'),
(233, 'SELECT STUDENTS.STU_ID, CONCAT(STUDENTS.STU_FIRST_NAME, " ", STUDENTS.STU_LAST_NAME) AS STU_NAME, STUDENTS.STU_BIRTHDATE, FLOOR(DATEDIFF(NOW(), STUDENTS.STU_BIRTHDATE)/365.25) AS STU_AGE, STUDENTS.STU_PHOTO FROM STUDENTS WHERE (STUDENTS.STU_ID IN (SELECT STUDENT_ATTENDANCES.STU_ID FROM STUDENT_ATTENDANCES WHERE STUDENT_ATTENDANCES.DATE_TIME >= CURDATE() AND STUDENT_ATTENDANCES.DATE_TIME < (CURDATE() + INTERVAL 1 DAY) AND STUDENT_ATTENDANCES.EVENT_TYPE = "In")) AND (STUDENTS.STU_ID NOT IN (SELECT STUDENT_ATTENDANCES.STU_ID FROM STUDENT_ATTENDANCES WHERE STUDENT_ATTENDANCES.DATE_TIME >= CURDATE() AND STUDENT_ATTENDANCES.DATE_TIME < (CURDATE() + INTERVAL 1 DAY) AND STUDENT_ATTENDANCES.EVENT_TYPE = "Out"));', 'Mary Garcia', '2016-06-15 17:25:54', '192.168.0.42'),
(234, 'SELECT DISTINCT EMPLOYEES.EMP_ID, CONCAT(EMPLOYEES.EMP_FIRST_NAME, " ", EMPLOYEES.EMP_LAST_NAME) AS EMP_NAME, EMPLOYEES.EMP_BIRTHDATE, EMPLOYEES.EMP_PHONE1 EMP_PHONE, EMPLOYEES.EMP_PHOTO FROM EMPLOYEES WHERE ((EMPLOYEES.EMP_ID NOT IN (SELECT EMPLOYEE_ATTENDANCES.EMP_ID FROM EMPLOYEE_ATTENDANCES WHERE EMPLOYEE_ATTENDANCES.DATE_TIME >= CURDATE() AND EMPLOYEE_ATTENDANCES.DATE_TIME < (CURDATE() + INTERVAL 1 DAY) AND EMPLOYEE_ATTENDANCES.EVENT_TYPE = "In")) OR (EMPLOYEES.EMP_ID IN (SELECT EMPLOYEE_ATTENDANCES.EMP_ID FROM EMPLOYEE_ATTENDANCES WHERE EMPLOYEE_ATTENDANCES.DATE_TIME >= CURDATE() AND EMPLOYEE_ATTENDANCES.DATE_TIME < (CURDATE() + INTERVAL 1 DAY) AND EMPLOYEE_ATTENDANCES.EVENT_TYPE = "Out"))) AND (EMPLOYEES.EMP_POST_ID1 IN (3,4 ));', 'Mary Garcia', '2016-06-15 17:25:54', '192.168.0.42'),
(235, 'SELECT WEB_PAGES.PAGE_ID, WEB_PAGES.TAG_CLASS, WEB_PAGES.TYPE, WEB_PAGES.HREF, WEB_PAGES.ICON_URL, WEB_PAGES.TITLE, WEB_PAGES.STATUS FROM WEB_PAGES WHERE (WEB_PAGES.PAGE_ID IN \r\n									(SELECT PAGE_ID FROM EMPLOYEE_WEBPAGE \r\n										WHERE EMP_ID = 4)) AND (WEB_PAGES.STATUS = "active");', 'Mary Garcia', '2016-06-15 17:26:00', '192.168.0.42'),
(236, 'SELECT HREF FROM WEB_PAGES WHERE (PAGE_ID IN \r\n									(SELECT PAGE_ID FROM EMPLOYEE_WEBPAGE \r\n										WHERE EMP_ID = 4)) AND (WEB_PAGES.STATUS = "active");', 'Mary Garcia', '2016-06-15 17:26:01', '192.168.0.42'),
(237, 'INSERT INTO EMPLOYEE_ATTENDANCES(EMP_ID, EVENT_TYPE, DATE_TIME, IP_ADDR, NOTES) VALUES(4, "In", NOW(), "192.168.0.42", "");', 'Mary Garcia', '2016-06-15 17:26:01', '192.168.0.42'),
(238, 'SELECT WEB_PAGES.PAGE_ID, WEB_PAGES.TAG_CLASS, WEB_PAGES.TYPE, WEB_PAGES.HREF, WEB_PAGES.ICON_URL, WEB_PAGES.TITLE, WEB_PAGES.STATUS FROM WEB_PAGES WHERE (WEB_PAGES.PAGE_ID IN \r\n									(SELECT PAGE_ID FROM EMPLOYEE_WEBPAGE \r\n										WHERE EMP_ID = 4)) AND (WEB_PAGES.STATUS = "active");', 'Mary Garcia', '2016-06-15 17:26:02', '192.168.0.42'),
(239, 'SELECT HREF FROM WEB_PAGES WHERE (PAGE_ID IN \r\n									(SELECT PAGE_ID FROM EMPLOYEE_WEBPAGE \r\n										WHERE EMP_ID = 4)) AND (WEB_PAGES.STATUS = "active");', 'Mary Garcia', '2016-06-15 17:26:03', '192.168.0.42');
INSERT INTO `db_query_logs` (`DB_QL_ID`, `QUERY_STR`, `USER_NAME`, `DATE_TIME`, `IP_ADDR`) VALUES
(240, 'SELECT EMPLOYEES.EMP_ID, CONCAT(EMPLOYEES.EMP_FIRST_NAME, " ", EMPLOYEES.EMP_LAST_NAME) AS EMP_NAME, EMPLOYEES.EMP_BIRTHDATE, EMPLOYEES.EMP_PHONE1 EMP_PHONE, EMPLOYEES.EMP_PHOTO FROM EMPLOYEES WHERE (EMPLOYEES.EMP_ID IN (SELECT EMPLOYEE_ATTENDANCES.EMP_ID FROM EMPLOYEE_ATTENDANCES WHERE EMPLOYEE_ATTENDANCES.DATE_TIME >= CURDATE() AND EMPLOYEE_ATTENDANCES.DATE_TIME < (CURDATE() + INTERVAL 1 DAY) AND EMPLOYEE_ATTENDANCES.EVENT_TYPE = "In")) AND (EMPLOYEES.EMP_ID NOT IN (SELECT EMPLOYEE_ATTENDANCES.EMP_ID FROM EMPLOYEE_ATTENDANCES WHERE EMPLOYEE_ATTENDANCES.DATE_TIME >= CURDATE() AND EMPLOYEE_ATTENDANCES.DATE_TIME < (CURDATE() + INTERVAL 1 DAY) AND EMPLOYEE_ATTENDANCES.EVENT_TYPE = "Out")) AND (EMPLOYEES.EMP_POST_ID1 IN (3,4 ));', 'Mary Garcia', '2016-06-15 17:26:03', '192.168.0.42'),
(241, 'SELECT STUDENTS.STU_ID, CONCAT(STUDENTS.STU_FIRST_NAME, " ", STUDENTS.STU_LAST_NAME) AS STU_NAME, STUDENTS.STU_BIRTHDATE, FLOOR(DATEDIFF(NOW(), STUDENTS.STU_BIRTHDATE)/365.25) AS STU_AGE, STUDENTS.STU_PHOTO FROM STUDENTS WHERE (STUDENTS.STU_ID IN (SELECT STUDENT_ATTENDANCES.STU_ID FROM STUDENT_ATTENDANCES WHERE STUDENT_ATTENDANCES.DATE_TIME >= CURDATE() AND STUDENT_ATTENDANCES.DATE_TIME < (CURDATE() + INTERVAL 1 DAY) AND STUDENT_ATTENDANCES.EVENT_TYPE = "In")) AND (STUDENTS.STU_ID NOT IN (SELECT STUDENT_ATTENDANCES.STU_ID FROM STUDENT_ATTENDANCES WHERE STUDENT_ATTENDANCES.DATE_TIME >= CURDATE() AND STUDENT_ATTENDANCES.DATE_TIME < (CURDATE() + INTERVAL 1 DAY) AND STUDENT_ATTENDANCES.EVENT_TYPE = "Out"));', 'Mary Garcia', '2016-06-15 17:26:03', '192.168.0.42'),
(242, 'SELECT DISTINCT EMPLOYEES.EMP_ID, CONCAT(EMPLOYEES.EMP_FIRST_NAME, " ", EMPLOYEES.EMP_LAST_NAME) AS EMP_NAME, EMPLOYEES.EMP_BIRTHDATE, EMPLOYEES.EMP_PHONE1 EMP_PHONE, EMPLOYEES.EMP_PHOTO FROM EMPLOYEES WHERE ((EMPLOYEES.EMP_ID NOT IN (SELECT EMPLOYEE_ATTENDANCES.EMP_ID FROM EMPLOYEE_ATTENDANCES WHERE EMPLOYEE_ATTENDANCES.DATE_TIME >= CURDATE() AND EMPLOYEE_ATTENDANCES.DATE_TIME < (CURDATE() + INTERVAL 1 DAY) AND EMPLOYEE_ATTENDANCES.EVENT_TYPE = "In")) OR (EMPLOYEES.EMP_ID IN (SELECT EMPLOYEE_ATTENDANCES.EMP_ID FROM EMPLOYEE_ATTENDANCES WHERE EMPLOYEE_ATTENDANCES.DATE_TIME >= CURDATE() AND EMPLOYEE_ATTENDANCES.DATE_TIME < (CURDATE() + INTERVAL 1 DAY) AND EMPLOYEE_ATTENDANCES.EVENT_TYPE = "Out"))) AND (EMPLOYEES.EMP_POST_ID1 IN (3,4 ));', 'Mary Garcia', '2016-06-15 17:26:03', '192.168.0.42'),
(243, 'SELECT WEB_PAGES.PAGE_ID, WEB_PAGES.TAG_CLASS, WEB_PAGES.TYPE, WEB_PAGES.HREF, WEB_PAGES.ICON_URL, WEB_PAGES.TITLE, WEB_PAGES.STATUS FROM WEB_PAGES WHERE (WEB_PAGES.PAGE_ID IN \r\n									(SELECT PAGE_ID FROM EMPLOYEE_WEBPAGE \r\n										WHERE EMP_ID = 4)) AND (WEB_PAGES.STATUS = "active");', 'Mary Garcia', '2016-06-15 17:26:12', '192.168.0.42'),
(244, 'SELECT HREF FROM WEB_PAGES WHERE (PAGE_ID IN \r\n									(SELECT PAGE_ID FROM EMPLOYEE_WEBPAGE \r\n										WHERE EMP_ID = 4)) AND (WEB_PAGES.STATUS = "active");', 'Mary Garcia', '2016-06-15 17:26:14', '192.168.0.42'),
(245, 'SELECT STUDENTS.STU_ID, CONCAT(STUDENTS.STU_FIRST_NAME, " ", STUDENTS.STU_LAST_NAME) AS STU_NAME, STUDENTS.STU_BIRTHDATE, FLOOR(DATEDIFF(NOW(), STUDENTS.STU_BIRTHDATE)/365.25) AS STU_AGE, STUDENTS.STU_PHOTO FROM STUDENTS WHERE (STUDENTS.STU_ID IN (SELECT STUDENT_ATTENDANCES.STU_ID FROM STUDENT_ATTENDANCES WHERE STUDENT_ATTENDANCES.DATE_TIME >= CURDATE() AND STUDENT_ATTENDANCES.DATE_TIME < (CURDATE() + INTERVAL 1 DAY) AND STUDENT_ATTENDANCES.EVENT_TYPE = "In")) AND (STUDENTS.STU_ID NOT IN (SELECT STUDENT_ATTENDANCES.STU_ID FROM STUDENT_ATTENDANCES WHERE STUDENT_ATTENDANCES.DATE_TIME >= CURDATE() AND STUDENT_ATTENDANCES.DATE_TIME < (CURDATE() + INTERVAL 1 DAY) AND STUDENT_ATTENDANCES.EVENT_TYPE = "Out"));', 'Mary Garcia', '2016-06-15 17:26:14', '192.168.0.42'),
(246, 'SELECT HREF FROM WEB_PAGES WHERE (PAGE_ID IN \r\n									(SELECT PAGE_ID FROM EMPLOYEE_WEBPAGE \r\n										WHERE EMP_ID = 4)) AND (WEB_PAGES.STATUS = "active");', 'Mary Garcia', '2016-06-15 17:26:20', '192.168.0.42'),
(247, 'INSERT INTO STUDENT_ATTENDANCES(STU_ID, EVENT_TYPE, DATE_TIME, EMP_ID, IP_ADDR, NOTES) VALUES(11, "Out", NOW(), 4, "192.168.0.42", "");', 'Mary Garcia', '2016-06-15 17:26:20', '192.168.0.42'),
(248, 'INSERT INTO STUDENT_ATTENDANCES(STU_ID, EVENT_TYPE, DATE_TIME, EMP_ID, IP_ADDR, NOTES) VALUES(17, "Out", NOW(), 4, "192.168.0.42", "");', 'Mary Garcia', '2016-06-15 17:26:20', '192.168.0.42'),
(249, 'INSERT INTO STUDENT_ATTENDANCES(STU_ID, EVENT_TYPE, DATE_TIME, EMP_ID, IP_ADDR, NOTES) VALUES(18, "Out", NOW(), 4, "192.168.0.42", "");', 'Mary Garcia', '2016-06-15 17:26:20', '192.168.0.42'),
(250, 'INSERT INTO STUDENT_ATTENDANCES(STU_ID, EVENT_TYPE, DATE_TIME, EMP_ID, IP_ADDR, NOTES) VALUES(19, "Out", NOW(), 4, "192.168.0.42", "");', 'Mary Garcia', '2016-06-15 17:26:20', '192.168.0.42'),
(251, 'INSERT INTO STUDENT_ATTENDANCES(STU_ID, EVENT_TYPE, DATE_TIME, EMP_ID, IP_ADDR, NOTES) VALUES(20, "Out", NOW(), 4, "192.168.0.42", "");', 'Mary Garcia', '2016-06-15 17:26:20', '192.168.0.42'),
(252, 'SELECT HREF FROM WEB_PAGES WHERE (PAGE_ID IN \r\n									(SELECT PAGE_ID FROM EMPLOYEE_WEBPAGE \r\n										WHERE EMP_ID = 4)) AND (WEB_PAGES.STATUS = "active");', 'Mary Garcia', '2016-06-15 17:26:21', '192.168.0.42'),
(253, 'SELECT STUDENTS.STU_ID, CONCAT(STUDENTS.STU_FIRST_NAME, " ", STUDENTS.STU_LAST_NAME) AS STU_NAME, STUDENTS.STU_BIRTHDATE, FLOOR(DATEDIFF(NOW(), STUDENTS.STU_BIRTHDATE)/365.25) AS STU_AGE, STUDENTS.STU_PHOTO FROM STUDENTS WHERE (STUDENTS.STU_ID IN (SELECT STUDENT_ATTENDANCES.STU_ID FROM STUDENT_ATTENDANCES WHERE STUDENT_ATTENDANCES.DATE_TIME >= CURDATE() AND STUDENT_ATTENDANCES.DATE_TIME < (CURDATE() + INTERVAL 1 DAY) AND STUDENT_ATTENDANCES.EVENT_TYPE = "In")) AND (STUDENTS.STU_ID NOT IN (SELECT STUDENT_ATTENDANCES.STU_ID FROM STUDENT_ATTENDANCES WHERE STUDENT_ATTENDANCES.DATE_TIME >= CURDATE() AND STUDENT_ATTENDANCES.DATE_TIME < (CURDATE() + INTERVAL 1 DAY) AND STUDENT_ATTENDANCES.EVENT_TYPE = "Out"));', 'Mary Garcia', '2016-06-15 17:26:21', '192.168.0.42'),
(254, 'SELECT WEB_PAGES.PAGE_ID, WEB_PAGES.TAG_CLASS, WEB_PAGES.TYPE, WEB_PAGES.HREF, WEB_PAGES.ICON_URL, WEB_PAGES.TITLE, WEB_PAGES.STATUS FROM WEB_PAGES WHERE (WEB_PAGES.PAGE_ID IN \r\n									(SELECT PAGE_ID FROM EMPLOYEE_WEBPAGE \r\n										WHERE EMP_ID = 4)) AND (WEB_PAGES.STATUS = "active");', 'Mary Garcia', '2016-06-15 17:26:23', '192.168.0.42'),
(255, 'SELECT HREF FROM WEB_PAGES WHERE (PAGE_ID IN \r\n									(SELECT PAGE_ID FROM EMPLOYEE_WEBPAGE \r\n										WHERE EMP_ID = 4)) AND (WEB_PAGES.STATUS = "active");', 'Mary Garcia', '2016-06-15 17:26:25', '192.168.0.42'),
(256, 'SELECT EMPLOYEES.EMP_ID, CONCAT(EMPLOYEES.EMP_FIRST_NAME, " ", EMPLOYEES.EMP_LAST_NAME) AS EMP_NAME, EMPLOYEES.EMP_BIRTHDATE, EMPLOYEES.EMP_PHONE1 EMP_PHONE, EMPLOYEES.EMP_PHOTO FROM EMPLOYEES WHERE (EMPLOYEES.EMP_ID IN (SELECT EMPLOYEE_ATTENDANCES.EMP_ID FROM EMPLOYEE_ATTENDANCES WHERE EMPLOYEE_ATTENDANCES.DATE_TIME >= CURDATE() AND EMPLOYEE_ATTENDANCES.DATE_TIME < (CURDATE() + INTERVAL 1 DAY) AND EMPLOYEE_ATTENDANCES.EVENT_TYPE = "In")) AND (EMPLOYEES.EMP_ID NOT IN (SELECT EMPLOYEE_ATTENDANCES.EMP_ID FROM EMPLOYEE_ATTENDANCES WHERE EMPLOYEE_ATTENDANCES.DATE_TIME >= CURDATE() AND EMPLOYEE_ATTENDANCES.DATE_TIME < (CURDATE() + INTERVAL 1 DAY) AND EMPLOYEE_ATTENDANCES.EVENT_TYPE = "Out")) AND (EMPLOYEES.EMP_POST_ID1 IN (3,4 ));', 'Mary Garcia', '2016-06-15 17:26:25', '192.168.0.42'),
(257, 'SELECT STUDENTS.STU_ID, CONCAT(STUDENTS.STU_FIRST_NAME, " ", STUDENTS.STU_LAST_NAME) AS STU_NAME, STUDENTS.STU_BIRTHDATE, FLOOR(DATEDIFF(NOW(), STUDENTS.STU_BIRTHDATE)/365.25) AS STU_AGE, STUDENTS.STU_PHOTO FROM STUDENTS WHERE (STUDENTS.STU_ID IN (SELECT STUDENT_ATTENDANCES.STU_ID FROM STUDENT_ATTENDANCES WHERE STUDENT_ATTENDANCES.DATE_TIME >= CURDATE() AND STUDENT_ATTENDANCES.DATE_TIME < (CURDATE() + INTERVAL 1 DAY) AND STUDENT_ATTENDANCES.EVENT_TYPE = "In")) AND (STUDENTS.STU_ID NOT IN (SELECT STUDENT_ATTENDANCES.STU_ID FROM STUDENT_ATTENDANCES WHERE STUDENT_ATTENDANCES.DATE_TIME >= CURDATE() AND STUDENT_ATTENDANCES.DATE_TIME < (CURDATE() + INTERVAL 1 DAY) AND STUDENT_ATTENDANCES.EVENT_TYPE = "Out"));', 'Mary Garcia', '2016-06-15 17:26:25', '192.168.0.42'),
(258, 'SELECT DISTINCT EMPLOYEES.EMP_ID, CONCAT(EMPLOYEES.EMP_FIRST_NAME, " ", EMPLOYEES.EMP_LAST_NAME) AS EMP_NAME, EMPLOYEES.EMP_BIRTHDATE, EMPLOYEES.EMP_PHONE1 EMP_PHONE, EMPLOYEES.EMP_PHOTO FROM EMPLOYEES WHERE ((EMPLOYEES.EMP_ID NOT IN (SELECT EMPLOYEE_ATTENDANCES.EMP_ID FROM EMPLOYEE_ATTENDANCES WHERE EMPLOYEE_ATTENDANCES.DATE_TIME >= CURDATE() AND EMPLOYEE_ATTENDANCES.DATE_TIME < (CURDATE() + INTERVAL 1 DAY) AND EMPLOYEE_ATTENDANCES.EVENT_TYPE = "In")) OR (EMPLOYEES.EMP_ID IN (SELECT EMPLOYEE_ATTENDANCES.EMP_ID FROM EMPLOYEE_ATTENDANCES WHERE EMPLOYEE_ATTENDANCES.DATE_TIME >= CURDATE() AND EMPLOYEE_ATTENDANCES.DATE_TIME < (CURDATE() + INTERVAL 1 DAY) AND EMPLOYEE_ATTENDANCES.EVENT_TYPE = "Out"))) AND (EMPLOYEES.EMP_POST_ID1 IN (3,4 ));', 'Mary Garcia', '2016-06-15 17:26:25', '192.168.0.42'),
(259, 'SELECT WEB_PAGES.PAGE_ID, WEB_PAGES.TAG_CLASS, WEB_PAGES.TYPE, WEB_PAGES.HREF, WEB_PAGES.ICON_URL, WEB_PAGES.TITLE, WEB_PAGES.STATUS FROM WEB_PAGES WHERE (WEB_PAGES.PAGE_ID IN \r\n									(SELECT PAGE_ID FROM EMPLOYEE_WEBPAGE \r\n										WHERE EMP_ID = 4)) AND (WEB_PAGES.STATUS = "active");', 'Mary Garcia', '2016-06-15 17:26:35', '192.168.0.42'),
(260, 'SELECT HREF FROM WEB_PAGES WHERE (PAGE_ID IN \r\n									(SELECT PAGE_ID FROM EMPLOYEE_WEBPAGE \r\n										WHERE EMP_ID = 4)) AND (WEB_PAGES.STATUS = "active");', 'Mary Garcia', '2016-06-15 17:26:37', '192.168.0.42'),
(261, 'INSERT INTO EMPLOYEE_ATTENDANCES(EMP_ID, EVENT_TYPE, DATE_TIME, IP_ADDR, NOTES) VALUES(4, "Out", NOW(), "192.168.0.42", "");', 'Mary Garcia', '2016-06-15 17:26:37', '192.168.0.42'),
(262, 'SELECT WEB_PAGES.PAGE_ID, WEB_PAGES.TAG_CLASS, WEB_PAGES.TYPE, WEB_PAGES.HREF, WEB_PAGES.ICON_URL, WEB_PAGES.TITLE, WEB_PAGES.STATUS FROM WEB_PAGES WHERE (WEB_PAGES.PAGE_ID IN \r\n									(SELECT PAGE_ID FROM EMPLOYEE_WEBPAGE \r\n										WHERE EMP_ID = 4)) AND (WEB_PAGES.STATUS = "active");', 'Mary Garcia', '2016-06-15 17:26:38', '192.168.0.42'),
(263, 'SELECT HREF FROM WEB_PAGES WHERE (PAGE_ID IN \r\n									(SELECT PAGE_ID FROM EMPLOYEE_WEBPAGE \r\n										WHERE EMP_ID = 4)) AND (WEB_PAGES.STATUS = "active");', 'Mary Garcia', '2016-06-15 17:26:40', '192.168.0.42'),
(264, 'SELECT EMPLOYEES.EMP_ID, CONCAT(EMPLOYEES.EMP_FIRST_NAME, " ", EMPLOYEES.EMP_LAST_NAME) AS EMP_NAME, EMPLOYEES.EMP_BIRTHDATE, EMPLOYEES.EMP_PHONE1 EMP_PHONE, EMPLOYEES.EMP_PHOTO FROM EMPLOYEES WHERE (EMPLOYEES.EMP_ID IN (SELECT EMPLOYEE_ATTENDANCES.EMP_ID FROM EMPLOYEE_ATTENDANCES WHERE EMPLOYEE_ATTENDANCES.DATE_TIME >= CURDATE() AND EMPLOYEE_ATTENDANCES.DATE_TIME < (CURDATE() + INTERVAL 1 DAY) AND EMPLOYEE_ATTENDANCES.EVENT_TYPE = "In")) AND (EMPLOYEES.EMP_ID NOT IN (SELECT EMPLOYEE_ATTENDANCES.EMP_ID FROM EMPLOYEE_ATTENDANCES WHERE EMPLOYEE_ATTENDANCES.DATE_TIME >= CURDATE() AND EMPLOYEE_ATTENDANCES.DATE_TIME < (CURDATE() + INTERVAL 1 DAY) AND EMPLOYEE_ATTENDANCES.EVENT_TYPE = "Out")) AND (EMPLOYEES.EMP_POST_ID1 IN (3,4 ));', 'Mary Garcia', '2016-06-15 17:26:40', '192.168.0.42'),
(265, 'SELECT STUDENTS.STU_ID, CONCAT(STUDENTS.STU_FIRST_NAME, " ", STUDENTS.STU_LAST_NAME) AS STU_NAME, STUDENTS.STU_BIRTHDATE, FLOOR(DATEDIFF(NOW(), STUDENTS.STU_BIRTHDATE)/365.25) AS STU_AGE, STUDENTS.STU_PHOTO FROM STUDENTS WHERE (STUDENTS.STU_ID IN (SELECT STUDENT_ATTENDANCES.STU_ID FROM STUDENT_ATTENDANCES WHERE STUDENT_ATTENDANCES.DATE_TIME >= CURDATE() AND STUDENT_ATTENDANCES.DATE_TIME < (CURDATE() + INTERVAL 1 DAY) AND STUDENT_ATTENDANCES.EVENT_TYPE = "In")) AND (STUDENTS.STU_ID NOT IN (SELECT STUDENT_ATTENDANCES.STU_ID FROM STUDENT_ATTENDANCES WHERE STUDENT_ATTENDANCES.DATE_TIME >= CURDATE() AND STUDENT_ATTENDANCES.DATE_TIME < (CURDATE() + INTERVAL 1 DAY) AND STUDENT_ATTENDANCES.EVENT_TYPE = "Out"));', 'Mary Garcia', '2016-06-15 17:26:40', '192.168.0.42'),
(266, 'SELECT DISTINCT EMPLOYEES.EMP_ID, CONCAT(EMPLOYEES.EMP_FIRST_NAME, " ", EMPLOYEES.EMP_LAST_NAME) AS EMP_NAME, EMPLOYEES.EMP_BIRTHDATE, EMPLOYEES.EMP_PHONE1 EMP_PHONE, EMPLOYEES.EMP_PHOTO FROM EMPLOYEES WHERE ((EMPLOYEES.EMP_ID NOT IN (SELECT EMPLOYEE_ATTENDANCES.EMP_ID FROM EMPLOYEE_ATTENDANCES WHERE EMPLOYEE_ATTENDANCES.DATE_TIME >= CURDATE() AND EMPLOYEE_ATTENDANCES.DATE_TIME < (CURDATE() + INTERVAL 1 DAY) AND EMPLOYEE_ATTENDANCES.EVENT_TYPE = "In")) OR (EMPLOYEES.EMP_ID IN (SELECT EMPLOYEE_ATTENDANCES.EMP_ID FROM EMPLOYEE_ATTENDANCES WHERE EMPLOYEE_ATTENDANCES.DATE_TIME >= CURDATE() AND EMPLOYEE_ATTENDANCES.DATE_TIME < (CURDATE() + INTERVAL 1 DAY) AND EMPLOYEE_ATTENDANCES.EVENT_TYPE = "Out"))) AND (EMPLOYEES.EMP_POST_ID1 IN (3,4 ));', 'Mary Garcia', '2016-06-15 17:26:40', '192.168.0.42'),
(267, 'INSERT INTO EMPLOYEE_LOG_IOS(EMP_ID, EVENT_TYPE, DATE_TIME, IP_ADDR) VALUES(4, "Out", NOW(), "192.168.0.42");', 'Mary Garcia', '2016-06-15 17:26:54', '192.168.0.42'),
(268, 'SELECT  EMP_ID, EMP_FIRST_NAME, EMP_LAST_NAME, EMP_BIRTHDATE, EMP_PHONE1 FROM EMPLOYEES  WHERE EMP_PASSCODE="381";', 'system', '2016-06-15 17:27:02', '192.168.0.42'),
(269, 'INSERT INTO EMPLOYEE_LOG_FAILURES(IP_ADDR, PASSCODE, DATE_TIME) VALUES("192.168.0.42", "381", NOW());', 'system', '2016-06-15 17:27:02', '192.168.0.42'),
(270, 'SELECT  EMP_ID, EMP_FIRST_NAME, EMP_LAST_NAME, EMP_BIRTHDATE, EMP_PHONE1 FROM EMPLOYEES  WHERE EMP_PASSCODE="7381";', 'system', '2016-06-15 17:27:09', '192.168.0.42'),
(271, 'INSERT INTO EMPLOYEE_LOG_IOS(EMP_ID, EVENT_TYPE, DATE_TIME, IP_ADDR) VALUES(5, "In", NOW(), "192.168.0.42");', 'Jenifer Taylor', '2016-06-15 17:27:09', '192.168.0.42'),
(272, 'SELECT WEB_PAGES.PAGE_ID, WEB_PAGES.TAG_CLASS, WEB_PAGES.TYPE, WEB_PAGES.HREF, WEB_PAGES.ICON_URL, WEB_PAGES.TITLE, WEB_PAGES.STATUS FROM WEB_PAGES WHERE (WEB_PAGES.PAGE_ID IN \r\n									(SELECT PAGE_ID FROM EMPLOYEE_WEBPAGE \r\n										WHERE EMP_ID = 5)) AND (WEB_PAGES.STATUS = "active");', 'Jenifer Taylor', '2016-06-15 17:27:09', '192.168.0.42'),
(273, 'SELECT HREF FROM WEB_PAGES WHERE (PAGE_ID IN \r\n									(SELECT PAGE_ID FROM EMPLOYEE_WEBPAGE \r\n										WHERE EMP_ID = 5)) AND (WEB_PAGES.STATUS = "active");', 'Jenifer Taylor', '2016-06-15 17:27:10', '192.168.0.42'),
(274, 'SELECT EMPLOYEES.EMP_ID, CONCAT(EMPLOYEES.EMP_FIRST_NAME, " ", EMPLOYEES.EMP_LAST_NAME) AS EMP_NAME, EMPLOYEES.EMP_BIRTHDATE, EMPLOYEES.EMP_PHONE1 EMP_PHONE, EMPLOYEES.EMP_PHOTO FROM EMPLOYEES WHERE (EMPLOYEES.EMP_ID IN (SELECT EMPLOYEE_ATTENDANCES.EMP_ID FROM EMPLOYEE_ATTENDANCES WHERE EMPLOYEE_ATTENDANCES.DATE_TIME >= CURDATE() AND EMPLOYEE_ATTENDANCES.DATE_TIME < (CURDATE() + INTERVAL 1 DAY) AND EMPLOYEE_ATTENDANCES.EVENT_TYPE = "In")) AND (EMPLOYEES.EMP_ID NOT IN (SELECT EMPLOYEE_ATTENDANCES.EMP_ID FROM EMPLOYEE_ATTENDANCES WHERE EMPLOYEE_ATTENDANCES.DATE_TIME >= CURDATE() AND EMPLOYEE_ATTENDANCES.DATE_TIME < (CURDATE() + INTERVAL 1 DAY) AND EMPLOYEE_ATTENDANCES.EVENT_TYPE = "Out")) AND (EMPLOYEES.EMP_POST_ID1 IN (3,4 ));', 'Jenifer Taylor', '2016-06-15 17:27:10', '192.168.0.42'),
(275, 'SELECT STUDENTS.STU_ID, CONCAT(STUDENTS.STU_FIRST_NAME, " ", STUDENTS.STU_LAST_NAME) AS STU_NAME, STUDENTS.STU_BIRTHDATE, FLOOR(DATEDIFF(NOW(), STUDENTS.STU_BIRTHDATE)/365.25) AS STU_AGE, STUDENTS.STU_PHOTO FROM STUDENTS WHERE (STUDENTS.STU_ID IN (SELECT STUDENT_ATTENDANCES.STU_ID FROM STUDENT_ATTENDANCES WHERE STUDENT_ATTENDANCES.DATE_TIME >= CURDATE() AND STUDENT_ATTENDANCES.DATE_TIME < (CURDATE() + INTERVAL 1 DAY) AND STUDENT_ATTENDANCES.EVENT_TYPE = "In")) AND (STUDENTS.STU_ID NOT IN (SELECT STUDENT_ATTENDANCES.STU_ID FROM STUDENT_ATTENDANCES WHERE STUDENT_ATTENDANCES.DATE_TIME >= CURDATE() AND STUDENT_ATTENDANCES.DATE_TIME < (CURDATE() + INTERVAL 1 DAY) AND STUDENT_ATTENDANCES.EVENT_TYPE = "Out"));', 'Jenifer Taylor', '2016-06-15 17:27:10', '192.168.0.42'),
(276, 'SELECT DISTINCT EMPLOYEES.EMP_ID, CONCAT(EMPLOYEES.EMP_FIRST_NAME, " ", EMPLOYEES.EMP_LAST_NAME) AS EMP_NAME, EMPLOYEES.EMP_BIRTHDATE, EMPLOYEES.EMP_PHONE1 EMP_PHONE, EMPLOYEES.EMP_PHOTO FROM EMPLOYEES WHERE ((EMPLOYEES.EMP_ID NOT IN (SELECT EMPLOYEE_ATTENDANCES.EMP_ID FROM EMPLOYEE_ATTENDANCES WHERE EMPLOYEE_ATTENDANCES.DATE_TIME >= CURDATE() AND EMPLOYEE_ATTENDANCES.DATE_TIME < (CURDATE() + INTERVAL 1 DAY) AND EMPLOYEE_ATTENDANCES.EVENT_TYPE = "In")) OR (EMPLOYEES.EMP_ID IN (SELECT EMPLOYEE_ATTENDANCES.EMP_ID FROM EMPLOYEE_ATTENDANCES WHERE EMPLOYEE_ATTENDANCES.DATE_TIME >= CURDATE() AND EMPLOYEE_ATTENDANCES.DATE_TIME < (CURDATE() + INTERVAL 1 DAY) AND EMPLOYEE_ATTENDANCES.EVENT_TYPE = "Out"))) AND (EMPLOYEES.EMP_POST_ID1 IN (3,4 ));', 'Jenifer Taylor', '2016-06-15 17:27:10', '192.168.0.42'),
(277, 'SELECT WEB_PAGES.PAGE_ID, WEB_PAGES.TAG_CLASS, WEB_PAGES.TYPE, WEB_PAGES.HREF, WEB_PAGES.ICON_URL, WEB_PAGES.TITLE, WEB_PAGES.STATUS FROM WEB_PAGES WHERE (WEB_PAGES.PAGE_ID IN \r\n									(SELECT PAGE_ID FROM EMPLOYEE_WEBPAGE \r\n										WHERE EMP_ID = 5)) AND (WEB_PAGES.STATUS = "active");', 'Jenifer Taylor', '2016-06-15 17:27:15', '192.168.0.42'),
(278, 'SELECT HREF FROM WEB_PAGES WHERE (PAGE_ID IN \r\n									(SELECT PAGE_ID FROM EMPLOYEE_WEBPAGE \r\n										WHERE EMP_ID = 5)) AND (WEB_PAGES.STATUS = "active");', 'Jenifer Taylor', '2016-06-15 17:27:16', '192.168.0.42'),
(279, 'INSERT INTO EMPLOYEE_ATTENDANCES(EMP_ID, EVENT_TYPE, DATE_TIME, IP_ADDR, NOTES) VALUES(5, "Out", NOW(), "192.168.0.42", "");', 'Jenifer Taylor', '2016-06-15 17:27:16', '192.168.0.42'),
(280, 'SELECT WEB_PAGES.PAGE_ID, WEB_PAGES.TAG_CLASS, WEB_PAGES.TYPE, WEB_PAGES.HREF, WEB_PAGES.ICON_URL, WEB_PAGES.TITLE, WEB_PAGES.STATUS FROM WEB_PAGES WHERE (WEB_PAGES.PAGE_ID IN \r\n									(SELECT PAGE_ID FROM EMPLOYEE_WEBPAGE \r\n										WHERE EMP_ID = 5)) AND (WEB_PAGES.STATUS = "active");', 'Jenifer Taylor', '2016-06-15 17:27:18', '192.168.0.42'),
(281, 'SELECT HREF FROM WEB_PAGES WHERE (PAGE_ID IN \r\n									(SELECT PAGE_ID FROM EMPLOYEE_WEBPAGE \r\n										WHERE EMP_ID = 5)) AND (WEB_PAGES.STATUS = "active");', 'Jenifer Taylor', '2016-06-15 17:27:19', '192.168.0.42'),
(282, 'SELECT EMPLOYEES.EMP_ID, CONCAT(EMPLOYEES.EMP_FIRST_NAME, " ", EMPLOYEES.EMP_LAST_NAME) AS EMP_NAME, EMPLOYEES.EMP_BIRTHDATE, EMPLOYEES.EMP_PHONE1 EMP_PHONE, EMPLOYEES.EMP_PHOTO FROM EMPLOYEES WHERE (EMPLOYEES.EMP_ID IN (SELECT EMPLOYEE_ATTENDANCES.EMP_ID FROM EMPLOYEE_ATTENDANCES WHERE EMPLOYEE_ATTENDANCES.DATE_TIME >= CURDATE() AND EMPLOYEE_ATTENDANCES.DATE_TIME < (CURDATE() + INTERVAL 1 DAY) AND EMPLOYEE_ATTENDANCES.EVENT_TYPE = "In")) AND (EMPLOYEES.EMP_ID NOT IN (SELECT EMPLOYEE_ATTENDANCES.EMP_ID FROM EMPLOYEE_ATTENDANCES WHERE EMPLOYEE_ATTENDANCES.DATE_TIME >= CURDATE() AND EMPLOYEE_ATTENDANCES.DATE_TIME < (CURDATE() + INTERVAL 1 DAY) AND EMPLOYEE_ATTENDANCES.EVENT_TYPE = "Out")) AND (EMPLOYEES.EMP_POST_ID1 IN (3,4 ));', 'Jenifer Taylor', '2016-06-15 17:27:20', '192.168.0.42'),
(283, 'SELECT STUDENTS.STU_ID, CONCAT(STUDENTS.STU_FIRST_NAME, " ", STUDENTS.STU_LAST_NAME) AS STU_NAME, STUDENTS.STU_BIRTHDATE, FLOOR(DATEDIFF(NOW(), STUDENTS.STU_BIRTHDATE)/365.25) AS STU_AGE, STUDENTS.STU_PHOTO FROM STUDENTS WHERE (STUDENTS.STU_ID IN (SELECT STUDENT_ATTENDANCES.STU_ID FROM STUDENT_ATTENDANCES WHERE STUDENT_ATTENDANCES.DATE_TIME >= CURDATE() AND STUDENT_ATTENDANCES.DATE_TIME < (CURDATE() + INTERVAL 1 DAY) AND STUDENT_ATTENDANCES.EVENT_TYPE = "In")) AND (STUDENTS.STU_ID NOT IN (SELECT STUDENT_ATTENDANCES.STU_ID FROM STUDENT_ATTENDANCES WHERE STUDENT_ATTENDANCES.DATE_TIME >= CURDATE() AND STUDENT_ATTENDANCES.DATE_TIME < (CURDATE() + INTERVAL 1 DAY) AND STUDENT_ATTENDANCES.EVENT_TYPE = "Out"));', 'Jenifer Taylor', '2016-06-15 17:27:20', '192.168.0.42'),
(284, 'SELECT DISTINCT EMPLOYEES.EMP_ID, CONCAT(EMPLOYEES.EMP_FIRST_NAME, " ", EMPLOYEES.EMP_LAST_NAME) AS EMP_NAME, EMPLOYEES.EMP_BIRTHDATE, EMPLOYEES.EMP_PHONE1 EMP_PHONE, EMPLOYEES.EMP_PHOTO FROM EMPLOYEES WHERE ((EMPLOYEES.EMP_ID NOT IN (SELECT EMPLOYEE_ATTENDANCES.EMP_ID FROM EMPLOYEE_ATTENDANCES WHERE EMPLOYEE_ATTENDANCES.DATE_TIME >= CURDATE() AND EMPLOYEE_ATTENDANCES.DATE_TIME < (CURDATE() + INTERVAL 1 DAY) AND EMPLOYEE_ATTENDANCES.EVENT_TYPE = "In")) OR (EMPLOYEES.EMP_ID IN (SELECT EMPLOYEE_ATTENDANCES.EMP_ID FROM EMPLOYEE_ATTENDANCES WHERE EMPLOYEE_ATTENDANCES.DATE_TIME >= CURDATE() AND EMPLOYEE_ATTENDANCES.DATE_TIME < (CURDATE() + INTERVAL 1 DAY) AND EMPLOYEE_ATTENDANCES.EVENT_TYPE = "Out"))) AND (EMPLOYEES.EMP_POST_ID1 IN (3,4 ));', 'Jenifer Taylor', '2016-06-15 17:27:20', '192.168.0.42'),
(285, 'SELECT WEB_PAGES.PAGE_ID, WEB_PAGES.TAG_CLASS, WEB_PAGES.TYPE, WEB_PAGES.HREF, WEB_PAGES.ICON_URL, WEB_PAGES.TITLE, WEB_PAGES.STATUS FROM WEB_PAGES WHERE (WEB_PAGES.PAGE_ID IN \r\n									(SELECT PAGE_ID FROM EMPLOYEE_WEBPAGE \r\n										WHERE EMP_ID = 5)) AND (WEB_PAGES.STATUS = "active");', 'Jenifer Taylor', '2016-06-15 17:27:25', '192.168.0.42'),
(286, 'INSERT INTO EMPLOYEE_LOG_IOS(EMP_ID, EVENT_TYPE, DATE_TIME, IP_ADDR) VALUES(5, "Out", NOW(), "192.168.0.42");', 'Jenifer Taylor', '2016-06-15 17:27:30', '192.168.0.42'),
(287, 'SELECT  EMP_ID, EMP_FIRST_NAME, EMP_LAST_NAME, EMP_BIRTHDATE, EMP_PHONE1 FROM EMPLOYEES  WHERE EMP_PASSCODE="8772";', 'system', '2016-06-15 17:27:37', '192.168.0.42'),
(288, 'INSERT INTO EMPLOYEE_LOG_IOS(EMP_ID, EVENT_TYPE, DATE_TIME, IP_ADDR) VALUES(2, "In", NOW(), "192.168.0.42");', 'Linda Tweed', '2016-06-15 17:27:38', '192.168.0.42'),
(289, 'SELECT WEB_PAGES.PAGE_ID, WEB_PAGES.TAG_CLASS, WEB_PAGES.TYPE, WEB_PAGES.HREF, WEB_PAGES.ICON_URL, WEB_PAGES.TITLE, WEB_PAGES.STATUS FROM WEB_PAGES WHERE (WEB_PAGES.PAGE_ID IN \r\n									(SELECT PAGE_ID FROM EMPLOYEE_WEBPAGE \r\n										WHERE EMP_ID = 2)) AND (WEB_PAGES.STATUS = "active");', 'Linda Tweed', '2016-06-15 17:27:38', '192.168.0.42'),
(290, 'SELECT HREF FROM WEB_PAGES WHERE (PAGE_ID IN \r\n									(SELECT PAGE_ID FROM EMPLOYEE_WEBPAGE \r\n										WHERE EMP_ID = 2)) AND (WEB_PAGES.STATUS = "active");', 'Linda Tweed', '2016-06-15 17:27:40', '192.168.0.42'),
(291, 'SELECT EMPLOYEES.EMP_ID, CONCAT(EMPLOYEES.EMP_FIRST_NAME, " ", EMPLOYEES.EMP_LAST_NAME) AS EMP_NAME, EMPLOYEES.EMP_BIRTHDATE, EMPLOYEES.EMP_PHONE1 EMP_PHONE, EMPLOYEES.EMP_PHOTO FROM EMPLOYEES WHERE (EMPLOYEES.EMP_ID IN (SELECT EMPLOYEE_ATTENDANCES.EMP_ID FROM EMPLOYEE_ATTENDANCES WHERE EMPLOYEE_ATTENDANCES.DATE_TIME >= CURDATE() AND EMPLOYEE_ATTENDANCES.DATE_TIME < (CURDATE() + INTERVAL 1 DAY) AND EMPLOYEE_ATTENDANCES.EVENT_TYPE = "In")) AND (EMPLOYEES.EMP_ID NOT IN (SELECT EMPLOYEE_ATTENDANCES.EMP_ID FROM EMPLOYEE_ATTENDANCES WHERE EMPLOYEE_ATTENDANCES.DATE_TIME >= CURDATE() AND EMPLOYEE_ATTENDANCES.DATE_TIME < (CURDATE() + INTERVAL 1 DAY) AND EMPLOYEE_ATTENDANCES.EVENT_TYPE = "Out")) AND (EMPLOYEES.EMP_POST_ID1 IN (3,4 ));', 'Linda Tweed', '2016-06-15 17:27:40', '192.168.0.42'),
(292, 'SELECT STUDENTS.STU_ID, CONCAT(STUDENTS.STU_FIRST_NAME, " ", STUDENTS.STU_LAST_NAME) AS STU_NAME, STUDENTS.STU_BIRTHDATE, FLOOR(DATEDIFF(NOW(), STUDENTS.STU_BIRTHDATE)/365.25) AS STU_AGE, STUDENTS.STU_PHOTO FROM STUDENTS WHERE (STUDENTS.STU_ID IN (SELECT STUDENT_ATTENDANCES.STU_ID FROM STUDENT_ATTENDANCES WHERE STUDENT_ATTENDANCES.DATE_TIME >= CURDATE() AND STUDENT_ATTENDANCES.DATE_TIME < (CURDATE() + INTERVAL 1 DAY) AND STUDENT_ATTENDANCES.EVENT_TYPE = "In")) AND (STUDENTS.STU_ID NOT IN (SELECT STUDENT_ATTENDANCES.STU_ID FROM STUDENT_ATTENDANCES WHERE STUDENT_ATTENDANCES.DATE_TIME >= CURDATE() AND STUDENT_ATTENDANCES.DATE_TIME < (CURDATE() + INTERVAL 1 DAY) AND STUDENT_ATTENDANCES.EVENT_TYPE = "Out"));', 'Linda Tweed', '2016-06-15 17:27:40', '192.168.0.42'),
(293, 'SELECT DISTINCT EMPLOYEES.EMP_ID, CONCAT(EMPLOYEES.EMP_FIRST_NAME, " ", EMPLOYEES.EMP_LAST_NAME) AS EMP_NAME, EMPLOYEES.EMP_BIRTHDATE, EMPLOYEES.EMP_PHONE1 EMP_PHONE, EMPLOYEES.EMP_PHOTO FROM EMPLOYEES WHERE ((EMPLOYEES.EMP_ID NOT IN (SELECT EMPLOYEE_ATTENDANCES.EMP_ID FROM EMPLOYEE_ATTENDANCES WHERE EMPLOYEE_ATTENDANCES.DATE_TIME >= CURDATE() AND EMPLOYEE_ATTENDANCES.DATE_TIME < (CURDATE() + INTERVAL 1 DAY) AND EMPLOYEE_ATTENDANCES.EVENT_TYPE = "In")) OR (EMPLOYEES.EMP_ID IN (SELECT EMPLOYEE_ATTENDANCES.EMP_ID FROM EMPLOYEE_ATTENDANCES WHERE EMPLOYEE_ATTENDANCES.DATE_TIME >= CURDATE() AND EMPLOYEE_ATTENDANCES.DATE_TIME < (CURDATE() + INTERVAL 1 DAY) AND EMPLOYEE_ATTENDANCES.EVENT_TYPE = "Out"))) AND (EMPLOYEES.EMP_POST_ID1 IN (3,4 ));', 'Linda Tweed', '2016-06-15 17:27:40', '192.168.0.42'),
(294, 'SELECT WEB_PAGES.PAGE_ID, WEB_PAGES.TAG_CLASS, WEB_PAGES.TYPE, WEB_PAGES.HREF, WEB_PAGES.ICON_URL, WEB_PAGES.TITLE, WEB_PAGES.STATUS FROM WEB_PAGES WHERE (WEB_PAGES.PAGE_ID IN \r\n									(SELECT PAGE_ID FROM EMPLOYEE_WEBPAGE \r\n										WHERE EMP_ID = 2)) AND (WEB_PAGES.STATUS = "active");', 'Linda Tweed', '2016-06-15 17:27:44', '192.168.0.42'),
(295, 'SELECT HREF FROM WEB_PAGES WHERE (PAGE_ID IN \r\n									(SELECT PAGE_ID FROM EMPLOYEE_WEBPAGE \r\n										WHERE EMP_ID = 2)) AND (WEB_PAGES.STATUS = "active");', 'Linda Tweed', '2016-06-15 17:27:45', '192.168.0.42'),
(296, 'INSERT INTO EMPLOYEE_ATTENDANCES(EMP_ID, EVENT_TYPE, DATE_TIME, IP_ADDR, NOTES) VALUES(2, "Out", NOW(), "192.168.0.42", "");', 'Linda Tweed', '2016-06-15 17:27:45', '192.168.0.42'),
(297, 'SELECT WEB_PAGES.PAGE_ID, WEB_PAGES.TAG_CLASS, WEB_PAGES.TYPE, WEB_PAGES.HREF, WEB_PAGES.ICON_URL, WEB_PAGES.TITLE, WEB_PAGES.STATUS FROM WEB_PAGES WHERE (WEB_PAGES.PAGE_ID IN \r\n									(SELECT PAGE_ID FROM EMPLOYEE_WEBPAGE \r\n										WHERE EMP_ID = 2)) AND (WEB_PAGES.STATUS = "active");', 'Linda Tweed', '2016-06-15 17:27:46', '192.168.0.42'),
(298, 'SELECT HREF FROM WEB_PAGES WHERE (PAGE_ID IN \r\n									(SELECT PAGE_ID FROM EMPLOYEE_WEBPAGE \r\n										WHERE EMP_ID = 2)) AND (WEB_PAGES.STATUS = "active");', 'Linda Tweed', '2016-06-15 17:27:48', '192.168.0.42'),
(299, 'SELECT EMPLOYEES.EMP_ID, CONCAT(EMPLOYEES.EMP_FIRST_NAME, " ", EMPLOYEES.EMP_LAST_NAME) AS EMP_NAME, EMPLOYEES.EMP_BIRTHDATE, EMPLOYEES.EMP_PHONE1 EMP_PHONE, EMPLOYEES.EMP_PHOTO FROM EMPLOYEES WHERE (EMPLOYEES.EMP_ID IN (SELECT EMPLOYEE_ATTENDANCES.EMP_ID FROM EMPLOYEE_ATTENDANCES WHERE EMPLOYEE_ATTENDANCES.DATE_TIME >= CURDATE() AND EMPLOYEE_ATTENDANCES.DATE_TIME < (CURDATE() + INTERVAL 1 DAY) AND EMPLOYEE_ATTENDANCES.EVENT_TYPE = "In")) AND (EMPLOYEES.EMP_ID NOT IN (SELECT EMPLOYEE_ATTENDANCES.EMP_ID FROM EMPLOYEE_ATTENDANCES WHERE EMPLOYEE_ATTENDANCES.DATE_TIME >= CURDATE() AND EMPLOYEE_ATTENDANCES.DATE_TIME < (CURDATE() + INTERVAL 1 DAY) AND EMPLOYEE_ATTENDANCES.EVENT_TYPE = "Out")) AND (EMPLOYEES.EMP_POST_ID1 IN (3,4 ));', 'Linda Tweed', '2016-06-15 17:27:48', '192.168.0.42'),
(300, 'SELECT STUDENTS.STU_ID, CONCAT(STUDENTS.STU_FIRST_NAME, " ", STUDENTS.STU_LAST_NAME) AS STU_NAME, STUDENTS.STU_BIRTHDATE, FLOOR(DATEDIFF(NOW(), STUDENTS.STU_BIRTHDATE)/365.25) AS STU_AGE, STUDENTS.STU_PHOTO FROM STUDENTS WHERE (STUDENTS.STU_ID IN (SELECT STUDENT_ATTENDANCES.STU_ID FROM STUDENT_ATTENDANCES WHERE STUDENT_ATTENDANCES.DATE_TIME >= CURDATE() AND STUDENT_ATTENDANCES.DATE_TIME < (CURDATE() + INTERVAL 1 DAY) AND STUDENT_ATTENDANCES.EVENT_TYPE = "In")) AND (STUDENTS.STU_ID NOT IN (SELECT STUDENT_ATTENDANCES.STU_ID FROM STUDENT_ATTENDANCES WHERE STUDENT_ATTENDANCES.DATE_TIME >= CURDATE() AND STUDENT_ATTENDANCES.DATE_TIME < (CURDATE() + INTERVAL 1 DAY) AND STUDENT_ATTENDANCES.EVENT_TYPE = "Out"));', 'Linda Tweed', '2016-06-15 17:27:48', '192.168.0.42'),
(301, 'SELECT DISTINCT EMPLOYEES.EMP_ID, CONCAT(EMPLOYEES.EMP_FIRST_NAME, " ", EMPLOYEES.EMP_LAST_NAME) AS EMP_NAME, EMPLOYEES.EMP_BIRTHDATE, EMPLOYEES.EMP_PHONE1 EMP_PHONE, EMPLOYEES.EMP_PHOTO FROM EMPLOYEES WHERE ((EMPLOYEES.EMP_ID NOT IN (SELECT EMPLOYEE_ATTENDANCES.EMP_ID FROM EMPLOYEE_ATTENDANCES WHERE EMPLOYEE_ATTENDANCES.DATE_TIME >= CURDATE() AND EMPLOYEE_ATTENDANCES.DATE_TIME < (CURDATE() + INTERVAL 1 DAY) AND EMPLOYEE_ATTENDANCES.EVENT_TYPE = "In")) OR (EMPLOYEES.EMP_ID IN (SELECT EMPLOYEE_ATTENDANCES.EMP_ID FROM EMPLOYEE_ATTENDANCES WHERE EMPLOYEE_ATTENDANCES.DATE_TIME >= CURDATE() AND EMPLOYEE_ATTENDANCES.DATE_TIME < (CURDATE() + INTERVAL 1 DAY) AND EMPLOYEE_ATTENDANCES.EVENT_TYPE = "Out"))) AND (EMPLOYEES.EMP_POST_ID1 IN (3,4 ));', 'Linda Tweed', '2016-06-15 17:27:48', '192.168.0.42'),
(302, 'SELECT WEB_PAGES.PAGE_ID, WEB_PAGES.TAG_CLASS, WEB_PAGES.TYPE, WEB_PAGES.HREF, WEB_PAGES.ICON_URL, WEB_PAGES.TITLE, WEB_PAGES.STATUS FROM WEB_PAGES WHERE (WEB_PAGES.PAGE_ID IN \r\n									(SELECT PAGE_ID FROM EMPLOYEE_WEBPAGE \r\n										WHERE EMP_ID = 2)) AND (WEB_PAGES.STATUS = "active");', 'Linda Tweed', '2016-06-15 17:28:18', '192.168.0.42'),
(303, 'SELECT HREF FROM WEB_PAGES WHERE (PAGE_ID IN \r\n									(SELECT PAGE_ID FROM EMPLOYEE_WEBPAGE \r\n										WHERE EMP_ID = 2)) AND (WEB_PAGES.STATUS = "active");', 'Linda Tweed', '2016-06-15 17:28:19', '192.168.0.42'),
(304, 'SELECT  EMP_ID, EMP_FIRST_NAME, EMP_LAST_NAME, EMP_BIRTHDATE, EMP_PHONE1 FROM EMPLOYEES  WHERE EMP_PASSCODE="7381";', 'Linda Tweed', '2016-06-15 17:28:22', '192.168.0.42'),
(305, 'INSERT INTO EMPLOYEE_LOG_IOS(EMP_ID, EVENT_TYPE, DATE_TIME, IP_ADDR) VALUES(5, "In", NOW(), "192.168.0.42");', 'Jenifer Taylor', '2016-06-15 17:28:22', '192.168.0.42'),
(306, 'SELECT WEB_PAGES.PAGE_ID, WEB_PAGES.TAG_CLASS, WEB_PAGES.TYPE, WEB_PAGES.HREF, WEB_PAGES.ICON_URL, WEB_PAGES.TITLE, WEB_PAGES.STATUS FROM WEB_PAGES WHERE (WEB_PAGES.PAGE_ID IN \r\n									(SELECT PAGE_ID FROM EMPLOYEE_WEBPAGE \r\n										WHERE EMP_ID = 5)) AND (WEB_PAGES.STATUS = "active");', 'Jenifer Taylor', '2016-06-15 17:28:23', '192.168.0.42'),
(307, 'SELECT HREF FROM WEB_PAGES WHERE (PAGE_ID IN \r\n									(SELECT PAGE_ID FROM EMPLOYEE_WEBPAGE \r\n										WHERE EMP_ID = 5)) AND (WEB_PAGES.STATUS = "active");', 'Jenifer Taylor', '2016-06-15 17:28:24', '192.168.0.42'),
(308, 'SELECT EMPLOYEES.EMP_ID, CONCAT(EMPLOYEES.EMP_FIRST_NAME, " ", EMPLOYEES.EMP_LAST_NAME) AS EMP_NAME, EMPLOYEES.EMP_BIRTHDATE, EMPLOYEES.EMP_PHONE1 EMP_PHONE, EMPLOYEES.EMP_PHOTO FROM EMPLOYEES WHERE (EMPLOYEES.EMP_ID IN (SELECT EMPLOYEE_ATTENDANCES.EMP_ID FROM EMPLOYEE_ATTENDANCES WHERE EMPLOYEE_ATTENDANCES.DATE_TIME >= CURDATE() AND EMPLOYEE_ATTENDANCES.DATE_TIME < (CURDATE() + INTERVAL 1 DAY) AND EMPLOYEE_ATTENDANCES.EVENT_TYPE = "In")) AND (EMPLOYEES.EMP_ID NOT IN (SELECT EMPLOYEE_ATTENDANCES.EMP_ID FROM EMPLOYEE_ATTENDANCES WHERE EMPLOYEE_ATTENDANCES.DATE_TIME >= CURDATE() AND EMPLOYEE_ATTENDANCES.DATE_TIME < (CURDATE() + INTERVAL 1 DAY) AND EMPLOYEE_ATTENDANCES.EVENT_TYPE = "Out")) AND (EMPLOYEES.EMP_POST_ID1 IN (3,4 ));', 'Jenifer Taylor', '2016-06-15 17:28:24', '192.168.0.42'),
(309, 'SELECT STUDENTS.STU_ID, CONCAT(STUDENTS.STU_FIRST_NAME, " ", STUDENTS.STU_LAST_NAME) AS STU_NAME, STUDENTS.STU_BIRTHDATE, FLOOR(DATEDIFF(NOW(), STUDENTS.STU_BIRTHDATE)/365.25) AS STU_AGE, STUDENTS.STU_PHOTO FROM STUDENTS WHERE (STUDENTS.STU_ID IN (SELECT STUDENT_ATTENDANCES.STU_ID FROM STUDENT_ATTENDANCES WHERE STUDENT_ATTENDANCES.DATE_TIME >= CURDATE() AND STUDENT_ATTENDANCES.DATE_TIME < (CURDATE() + INTERVAL 1 DAY) AND STUDENT_ATTENDANCES.EVENT_TYPE = "In")) AND (STUDENTS.STU_ID NOT IN (SELECT STUDENT_ATTENDANCES.STU_ID FROM STUDENT_ATTENDANCES WHERE STUDENT_ATTENDANCES.DATE_TIME >= CURDATE() AND STUDENT_ATTENDANCES.DATE_TIME < (CURDATE() + INTERVAL 1 DAY) AND STUDENT_ATTENDANCES.EVENT_TYPE = "Out"));', 'Jenifer Taylor', '2016-06-15 17:28:24', '192.168.0.42'),
(310, 'SELECT DISTINCT EMPLOYEES.EMP_ID, CONCAT(EMPLOYEES.EMP_FIRST_NAME, " ", EMPLOYEES.EMP_LAST_NAME) AS EMP_NAME, EMPLOYEES.EMP_BIRTHDATE, EMPLOYEES.EMP_PHONE1 EMP_PHONE, EMPLOYEES.EMP_PHOTO FROM EMPLOYEES WHERE ((EMPLOYEES.EMP_ID NOT IN (SELECT EMPLOYEE_ATTENDANCES.EMP_ID FROM EMPLOYEE_ATTENDANCES WHERE EMPLOYEE_ATTENDANCES.DATE_TIME >= CURDATE() AND EMPLOYEE_ATTENDANCES.DATE_TIME < (CURDATE() + INTERVAL 1 DAY) AND EMPLOYEE_ATTENDANCES.EVENT_TYPE = "In")) OR (EMPLOYEES.EMP_ID IN (SELECT EMPLOYEE_ATTENDANCES.EMP_ID FROM EMPLOYEE_ATTENDANCES WHERE EMPLOYEE_ATTENDANCES.DATE_TIME >= CURDATE() AND EMPLOYEE_ATTENDANCES.DATE_TIME < (CURDATE() + INTERVAL 1 DAY) AND EMPLOYEE_ATTENDANCES.EVENT_TYPE = "Out"))) AND (EMPLOYEES.EMP_POST_ID1 IN (3,4 ));', 'Jenifer Taylor', '2016-06-15 17:28:24', '192.168.0.42'),
(311, 'SELECT WEB_PAGES.PAGE_ID, WEB_PAGES.TAG_CLASS, WEB_PAGES.TYPE, WEB_PAGES.HREF, WEB_PAGES.ICON_URL, WEB_PAGES.TITLE, WEB_PAGES.STATUS FROM WEB_PAGES WHERE (WEB_PAGES.PAGE_ID IN \r\n									(SELECT PAGE_ID FROM EMPLOYEE_WEBPAGE \r\n										WHERE EMP_ID = 5)) AND (WEB_PAGES.STATUS = "active");', 'Jenifer Taylor', '2016-06-15 17:28:29', '192.168.0.42'),
(312, 'SELECT HREF FROM WEB_PAGES WHERE (PAGE_ID IN \r\n									(SELECT PAGE_ID FROM EMPLOYEE_WEBPAGE \r\n										WHERE EMP_ID = 5)) AND (WEB_PAGES.STATUS = "active");', 'Jenifer Taylor', '2016-06-15 17:28:32', '192.168.0.42'),
(313, 'INSERT INTO EMPLOYEE_ATTENDANCES(EMP_ID, EVENT_TYPE, DATE_TIME, IP_ADDR, NOTES) VALUES(5, "In", NOW(), "192.168.0.42", "");', 'Jenifer Taylor', '2016-06-15 17:28:32', '192.168.0.42'),
(314, 'SELECT WEB_PAGES.PAGE_ID, WEB_PAGES.TAG_CLASS, WEB_PAGES.TYPE, WEB_PAGES.HREF, WEB_PAGES.ICON_URL, WEB_PAGES.TITLE, WEB_PAGES.STATUS FROM WEB_PAGES WHERE (WEB_PAGES.PAGE_ID IN \r\n									(SELECT PAGE_ID FROM EMPLOYEE_WEBPAGE \r\n										WHERE EMP_ID = 5)) AND (WEB_PAGES.STATUS = "active");', 'Jenifer Taylor', '2016-06-15 17:28:33', '192.168.0.42'),
(315, 'SELECT HREF FROM WEB_PAGES WHERE (PAGE_ID IN \r\n									(SELECT PAGE_ID FROM EMPLOYEE_WEBPAGE \r\n										WHERE EMP_ID = 5)) AND (WEB_PAGES.STATUS = "active");', 'Jenifer Taylor', '2016-06-15 17:28:35', '192.168.0.42'),
(316, 'SELECT EMPLOYEES.EMP_ID, CONCAT(EMPLOYEES.EMP_FIRST_NAME, " ", EMPLOYEES.EMP_LAST_NAME) AS EMP_NAME, EMPLOYEES.EMP_BIRTHDATE, EMPLOYEES.EMP_PHONE1 EMP_PHONE, EMPLOYEES.EMP_PHOTO FROM EMPLOYEES WHERE (EMPLOYEES.EMP_ID IN (SELECT EMPLOYEE_ATTENDANCES.EMP_ID FROM EMPLOYEE_ATTENDANCES WHERE EMPLOYEE_ATTENDANCES.DATE_TIME >= CURDATE() AND EMPLOYEE_ATTENDANCES.DATE_TIME < (CURDATE() + INTERVAL 1 DAY) AND EMPLOYEE_ATTENDANCES.EVENT_TYPE = "In")) AND (EMPLOYEES.EMP_ID NOT IN (SELECT EMPLOYEE_ATTENDANCES.EMP_ID FROM EMPLOYEE_ATTENDANCES WHERE EMPLOYEE_ATTENDANCES.DATE_TIME >= CURDATE() AND EMPLOYEE_ATTENDANCES.DATE_TIME < (CURDATE() + INTERVAL 1 DAY) AND EMPLOYEE_ATTENDANCES.EVENT_TYPE = "Out")) AND (EMPLOYEES.EMP_POST_ID1 IN (3,4 ));', 'Jenifer Taylor', '2016-06-15 17:28:35', '192.168.0.42'),
(317, 'SELECT STUDENTS.STU_ID, CONCAT(STUDENTS.STU_FIRST_NAME, " ", STUDENTS.STU_LAST_NAME) AS STU_NAME, STUDENTS.STU_BIRTHDATE, FLOOR(DATEDIFF(NOW(), STUDENTS.STU_BIRTHDATE)/365.25) AS STU_AGE, STUDENTS.STU_PHOTO FROM STUDENTS WHERE (STUDENTS.STU_ID IN (SELECT STUDENT_ATTENDANCES.STU_ID FROM STUDENT_ATTENDANCES WHERE STUDENT_ATTENDANCES.DATE_TIME >= CURDATE() AND STUDENT_ATTENDANCES.DATE_TIME < (CURDATE() + INTERVAL 1 DAY) AND STUDENT_ATTENDANCES.EVENT_TYPE = "In")) AND (STUDENTS.STU_ID NOT IN (SELECT STUDENT_ATTENDANCES.STU_ID FROM STUDENT_ATTENDANCES WHERE STUDENT_ATTENDANCES.DATE_TIME >= CURDATE() AND STUDENT_ATTENDANCES.DATE_TIME < (CURDATE() + INTERVAL 1 DAY) AND STUDENT_ATTENDANCES.EVENT_TYPE = "Out"));', 'Jenifer Taylor', '2016-06-15 17:28:35', '192.168.0.42'),
(318, 'SELECT DISTINCT EMPLOYEES.EMP_ID, CONCAT(EMPLOYEES.EMP_FIRST_NAME, " ", EMPLOYEES.EMP_LAST_NAME) AS EMP_NAME, EMPLOYEES.EMP_BIRTHDATE, EMPLOYEES.EMP_PHONE1 EMP_PHONE, EMPLOYEES.EMP_PHOTO FROM EMPLOYEES WHERE ((EMPLOYEES.EMP_ID NOT IN (SELECT EMPLOYEE_ATTENDANCES.EMP_ID FROM EMPLOYEE_ATTENDANCES WHERE EMPLOYEE_ATTENDANCES.DATE_TIME >= CURDATE() AND EMPLOYEE_ATTENDANCES.DATE_TIME < (CURDATE() + INTERVAL 1 DAY) AND EMPLOYEE_ATTENDANCES.EVENT_TYPE = "In")) OR (EMPLOYEES.EMP_ID IN (SELECT EMPLOYEE_ATTENDANCES.EMP_ID FROM EMPLOYEE_ATTENDANCES WHERE EMPLOYEE_ATTENDANCES.DATE_TIME >= CURDATE() AND EMPLOYEE_ATTENDANCES.DATE_TIME < (CURDATE() + INTERVAL 1 DAY) AND EMPLOYEE_ATTENDANCES.EVENT_TYPE = "Out"))) AND (EMPLOYEES.EMP_POST_ID1 IN (3,4 ));', 'Jenifer Taylor', '2016-06-15 17:28:35', '192.168.0.42'),
(319, 'SELECT WEB_PAGES.PAGE_ID, WEB_PAGES.TAG_CLASS, WEB_PAGES.TYPE, WEB_PAGES.HREF, WEB_PAGES.ICON_URL, WEB_PAGES.TITLE, WEB_PAGES.STATUS FROM WEB_PAGES WHERE (WEB_PAGES.PAGE_ID IN \r\n									(SELECT PAGE_ID FROM EMPLOYEE_WEBPAGE \r\n										WHERE EMP_ID = 5)) AND (WEB_PAGES.STATUS = "active");', 'Jenifer Taylor', '2016-06-15 17:28:52', '192.168.0.42'),
(320, 'SELECT HREF FROM WEB_PAGES WHERE (PAGE_ID IN \r\n									(SELECT PAGE_ID FROM EMPLOYEE_WEBPAGE \r\n										WHERE EMP_ID = 5)) AND (WEB_PAGES.STATUS = "active");', 'Jenifer Taylor', '2016-06-15 17:28:54', '192.168.0.42'),
(321, 'SELECT STUDENTS.STU_ID, CONCAT(STUDENTS.STU_FIRST_NAME, " ", STUDENTS.STU_LAST_NAME) AS STU_NAME, STUDENTS.STU_BIRTHDATE, FLOOR(DATEDIFF(NOW(), STUDENTS.STU_BIRTHDATE)/365.25) AS STU_AGE, STUDENTS.STU_PHOTO FROM STUDENTS WHERE (STUDENTS.STU_ID IN (SELECT STUDENT_ATTENDANCES.STU_ID FROM STUDENT_ATTENDANCES WHERE STUDENT_ATTENDANCES.DATE_TIME >= CURDATE() AND STUDENT_ATTENDANCES.DATE_TIME < (CURDATE() + INTERVAL 1 DAY) AND STUDENT_ATTENDANCES.EVENT_TYPE = "In")) AND (STUDENTS.STU_ID NOT IN (SELECT STUDENT_ATTENDANCES.STU_ID FROM STUDENT_ATTENDANCES WHERE STUDENT_ATTENDANCES.DATE_TIME >= CURDATE() AND STUDENT_ATTENDANCES.DATE_TIME < (CURDATE() + INTERVAL 1 DAY) AND STUDENT_ATTENDANCES.EVENT_TYPE = "Out"));', 'Jenifer Taylor', '2016-06-15 17:28:54', '192.168.0.42'),
(322, 'SELECT HREF FROM WEB_PAGES WHERE (PAGE_ID IN \r\n									(SELECT PAGE_ID FROM EMPLOYEE_WEBPAGE \r\n										WHERE EMP_ID = 5)) AND (WEB_PAGES.STATUS = "active");', 'Jenifer Taylor', '2016-06-15 17:28:57', '192.168.0.42'),
(323, 'INSERT INTO STUDENT_ATTENDANCES(STU_ID, EVENT_TYPE, DATE_TIME, EMP_ID, IP_ADDR, NOTES) VALUES(8, "Out", NOW(), 5, "192.168.0.42", "");', 'Jenifer Taylor', '2016-06-15 17:28:58', '192.168.0.42'),
(324, 'INSERT INTO STUDENT_ATTENDANCES(STU_ID, EVENT_TYPE, DATE_TIME, EMP_ID, IP_ADDR, NOTES) VALUES(9, "Out", NOW(), 5, "192.168.0.42", "");', 'Jenifer Taylor', '2016-06-15 17:28:58', '192.168.0.42'),
(325, 'INSERT INTO STUDENT_ATTENDANCES(STU_ID, EVENT_TYPE, DATE_TIME, EMP_ID, IP_ADDR, NOTES) VALUES(10, "Out", NOW(), 5, "192.168.0.42", "");', 'Jenifer Taylor', '2016-06-15 17:28:58', '192.168.0.42'),
(326, 'INSERT INTO STUDENT_ATTENDANCES(STU_ID, EVENT_TYPE, DATE_TIME, EMP_ID, IP_ADDR, NOTES) VALUES(12, "Out", NOW(), 5, "192.168.0.42", "");', 'Jenifer Taylor', '2016-06-15 17:28:58', '192.168.0.42'),
(327, 'SELECT HREF FROM WEB_PAGES WHERE (PAGE_ID IN \r\n									(SELECT PAGE_ID FROM EMPLOYEE_WEBPAGE \r\n										WHERE EMP_ID = 5)) AND (WEB_PAGES.STATUS = "active");', 'Jenifer Taylor', '2016-06-15 17:28:59', '192.168.0.42'),
(328, 'SELECT STUDENTS.STU_ID, CONCAT(STUDENTS.STU_FIRST_NAME, " ", STUDENTS.STU_LAST_NAME) AS STU_NAME, STUDENTS.STU_BIRTHDATE, FLOOR(DATEDIFF(NOW(), STUDENTS.STU_BIRTHDATE)/365.25) AS STU_AGE, STUDENTS.STU_PHOTO FROM STUDENTS WHERE (STUDENTS.STU_ID IN (SELECT STUDENT_ATTENDANCES.STU_ID FROM STUDENT_ATTENDANCES WHERE STUDENT_ATTENDANCES.DATE_TIME >= CURDATE() AND STUDENT_ATTENDANCES.DATE_TIME < (CURDATE() + INTERVAL 1 DAY) AND STUDENT_ATTENDANCES.EVENT_TYPE = "In")) AND (STUDENTS.STU_ID NOT IN (SELECT STUDENT_ATTENDANCES.STU_ID FROM STUDENT_ATTENDANCES WHERE STUDENT_ATTENDANCES.DATE_TIME >= CURDATE() AND STUDENT_ATTENDANCES.DATE_TIME < (CURDATE() + INTERVAL 1 DAY) AND STUDENT_ATTENDANCES.EVENT_TYPE = "Out"));', 'Jenifer Taylor', '2016-06-15 17:28:59', '192.168.0.42'),
(329, 'SELECT WEB_PAGES.PAGE_ID, WEB_PAGES.TAG_CLASS, WEB_PAGES.TYPE, WEB_PAGES.HREF, WEB_PAGES.ICON_URL, WEB_PAGES.TITLE, WEB_PAGES.STATUS FROM WEB_PAGES WHERE (WEB_PAGES.PAGE_ID IN \r\n									(SELECT PAGE_ID FROM EMPLOYEE_WEBPAGE \r\n										WHERE EMP_ID = 5)) AND (WEB_PAGES.STATUS = "active");', 'Jenifer Taylor', '2016-06-15 17:29:01', '192.168.0.42'),
(330, 'SELECT HREF FROM WEB_PAGES WHERE (PAGE_ID IN \r\n									(SELECT PAGE_ID FROM EMPLOYEE_WEBPAGE \r\n										WHERE EMP_ID = 5)) AND (WEB_PAGES.STATUS = "active");', 'Jenifer Taylor', '2016-06-15 17:29:02', '192.168.0.42'),
(331, 'SELECT EMPLOYEES.EMP_ID, CONCAT(EMPLOYEES.EMP_FIRST_NAME, " ", EMPLOYEES.EMP_LAST_NAME) AS EMP_NAME, EMPLOYEES.EMP_BIRTHDATE, EMPLOYEES.EMP_PHONE1 EMP_PHONE, EMPLOYEES.EMP_PHOTO FROM EMPLOYEES WHERE (EMPLOYEES.EMP_ID IN (SELECT EMPLOYEE_ATTENDANCES.EMP_ID FROM EMPLOYEE_ATTENDANCES WHERE EMPLOYEE_ATTENDANCES.DATE_TIME >= CURDATE() AND EMPLOYEE_ATTENDANCES.DATE_TIME < (CURDATE() + INTERVAL 1 DAY) AND EMPLOYEE_ATTENDANCES.EVENT_TYPE = "In")) AND (EMPLOYEES.EMP_ID NOT IN (SELECT EMPLOYEE_ATTENDANCES.EMP_ID FROM EMPLOYEE_ATTENDANCES WHERE EMPLOYEE_ATTENDANCES.DATE_TIME >= CURDATE() AND EMPLOYEE_ATTENDANCES.DATE_TIME < (CURDATE() + INTERVAL 1 DAY) AND EMPLOYEE_ATTENDANCES.EVENT_TYPE = "Out")) AND (EMPLOYEES.EMP_POST_ID1 IN (3,4 ));', 'Jenifer Taylor', '2016-06-15 17:29:02', '192.168.0.42'),
(332, 'SELECT STUDENTS.STU_ID, CONCAT(STUDENTS.STU_FIRST_NAME, " ", STUDENTS.STU_LAST_NAME) AS STU_NAME, STUDENTS.STU_BIRTHDATE, FLOOR(DATEDIFF(NOW(), STUDENTS.STU_BIRTHDATE)/365.25) AS STU_AGE, STUDENTS.STU_PHOTO FROM STUDENTS WHERE (STUDENTS.STU_ID IN (SELECT STUDENT_ATTENDANCES.STU_ID FROM STUDENT_ATTENDANCES WHERE STUDENT_ATTENDANCES.DATE_TIME >= CURDATE() AND STUDENT_ATTENDANCES.DATE_TIME < (CURDATE() + INTERVAL 1 DAY) AND STUDENT_ATTENDANCES.EVENT_TYPE = "In")) AND (STUDENTS.STU_ID NOT IN (SELECT STUDENT_ATTENDANCES.STU_ID FROM STUDENT_ATTENDANCES WHERE STUDENT_ATTENDANCES.DATE_TIME >= CURDATE() AND STUDENT_ATTENDANCES.DATE_TIME < (CURDATE() + INTERVAL 1 DAY) AND STUDENT_ATTENDANCES.EVENT_TYPE = "Out"));', 'Jenifer Taylor', '2016-06-15 17:29:02', '192.168.0.42'),
(333, 'SELECT DISTINCT EMPLOYEES.EMP_ID, CONCAT(EMPLOYEES.EMP_FIRST_NAME, " ", EMPLOYEES.EMP_LAST_NAME) AS EMP_NAME, EMPLOYEES.EMP_BIRTHDATE, EMPLOYEES.EMP_PHONE1 EMP_PHONE, EMPLOYEES.EMP_PHOTO FROM EMPLOYEES WHERE ((EMPLOYEES.EMP_ID NOT IN (SELECT EMPLOYEE_ATTENDANCES.EMP_ID FROM EMPLOYEE_ATTENDANCES WHERE EMPLOYEE_ATTENDANCES.DATE_TIME >= CURDATE() AND EMPLOYEE_ATTENDANCES.DATE_TIME < (CURDATE() + INTERVAL 1 DAY) AND EMPLOYEE_ATTENDANCES.EVENT_TYPE = "In")) OR (EMPLOYEES.EMP_ID IN (SELECT EMPLOYEE_ATTENDANCES.EMP_ID FROM EMPLOYEE_ATTENDANCES WHERE EMPLOYEE_ATTENDANCES.DATE_TIME >= CURDATE() AND EMPLOYEE_ATTENDANCES.DATE_TIME < (CURDATE() + INTERVAL 1 DAY) AND EMPLOYEE_ATTENDANCES.EVENT_TYPE = "Out"))) AND (EMPLOYEES.EMP_POST_ID1 IN (3,4 ));', 'Jenifer Taylor', '2016-06-15 17:29:02', '192.168.0.42'),
(334, 'SELECT WEB_PAGES.PAGE_ID, WEB_PAGES.TAG_CLASS, WEB_PAGES.TYPE, WEB_PAGES.HREF, WEB_PAGES.ICON_URL, WEB_PAGES.TITLE, WEB_PAGES.STATUS FROM WEB_PAGES WHERE (WEB_PAGES.PAGE_ID IN \r\n									(SELECT PAGE_ID FROM EMPLOYEE_WEBPAGE \r\n										WHERE EMP_ID = 5)) AND (WEB_PAGES.STATUS = "active");', 'Jenifer Taylor', '2016-06-15 17:29:17', '192.168.0.42'),
(335, 'SELECT HREF FROM WEB_PAGES WHERE (PAGE_ID IN \r\n									(SELECT PAGE_ID FROM EMPLOYEE_WEBPAGE \r\n										WHERE EMP_ID = 5)) AND (WEB_PAGES.STATUS = "active");', 'Jenifer Taylor', '2016-06-15 17:29:18', '192.168.0.42'),
(336, 'SELECT STUDENTS.STU_ID, CONCAT(STUDENTS.STU_FIRST_NAME, " ", STUDENTS.STU_LAST_NAME) AS STU_NAME, STUDENTS.STU_BIRTHDATE, FLOOR(DATEDIFF(NOW(), STUDENTS.STU_BIRTHDATE)/365.25) AS STU_AGE, STUDENTS.STU_PHOTO FROM STUDENTS WHERE (STUDENTS.STU_ID IN (SELECT STUDENT_ATTENDANCES.STU_ID FROM STUDENT_ATTENDANCES WHERE STUDENT_ATTENDANCES.DATE_TIME >= CURDATE() AND STUDENT_ATTENDANCES.DATE_TIME < (CURDATE() + INTERVAL 1 DAY) AND STUDENT_ATTENDANCES.EVENT_TYPE = "In")) AND (STUDENTS.STU_ID NOT IN (SELECT STUDENT_ATTENDANCES.STU_ID FROM STUDENT_ATTENDANCES WHERE STUDENT_ATTENDANCES.DATE_TIME >= CURDATE() AND STUDENT_ATTENDANCES.DATE_TIME < (CURDATE() + INTERVAL 1 DAY) AND STUDENT_ATTENDANCES.EVENT_TYPE = "Out"));', 'Jenifer Taylor', '2016-06-15 17:29:18', '192.168.0.42'),
(337, 'SELECT HREF FROM WEB_PAGES WHERE (PAGE_ID IN \r\n									(SELECT PAGE_ID FROM EMPLOYEE_WEBPAGE \r\n										WHERE EMP_ID = 5)) AND (WEB_PAGES.STATUS = "active");', 'Jenifer Taylor', '2016-06-15 17:29:21', '192.168.0.42'),
(338, 'INSERT INTO STUDENT_ATTENDANCES(STU_ID, EVENT_TYPE, DATE_TIME, EMP_ID, IP_ADDR, NOTES) VALUES(13, "Out", NOW(), 5, "192.168.0.42", "");', 'Jenifer Taylor', '2016-06-15 17:29:21', '192.168.0.42'),
(339, 'INSERT INTO STUDENT_ATTENDANCES(STU_ID, EVENT_TYPE, DATE_TIME, EMP_ID, IP_ADDR, NOTES) VALUES(14, "Out", NOW(), 5, "192.168.0.42", "");', 'Jenifer Taylor', '2016-06-15 17:29:21', '192.168.0.42'),
(340, 'INSERT INTO STUDENT_ATTENDANCES(STU_ID, EVENT_TYPE, DATE_TIME, EMP_ID, IP_ADDR, NOTES) VALUES(15, "Out", NOW(), 5, "192.168.0.42", "");', 'Jenifer Taylor', '2016-06-15 17:29:21', '192.168.0.42'),
(341, 'INSERT INTO STUDENT_ATTENDANCES(STU_ID, EVENT_TYPE, DATE_TIME, EMP_ID, IP_ADDR, NOTES) VALUES(16, "Out", NOW(), 5, "192.168.0.42", "");', 'Jenifer Taylor', '2016-06-15 17:29:21', '192.168.0.42'),
(342, 'SELECT HREF FROM WEB_PAGES WHERE (PAGE_ID IN \r\n									(SELECT PAGE_ID FROM EMPLOYEE_WEBPAGE \r\n										WHERE EMP_ID = 5)) AND (WEB_PAGES.STATUS = "active");', 'Jenifer Taylor', '2016-06-15 17:29:23', '192.168.0.42'),
(343, 'SELECT STUDENTS.STU_ID, CONCAT(STUDENTS.STU_FIRST_NAME, " ", STUDENTS.STU_LAST_NAME) AS STU_NAME, STUDENTS.STU_BIRTHDATE, FLOOR(DATEDIFF(NOW(), STUDENTS.STU_BIRTHDATE)/365.25) AS STU_AGE, STUDENTS.STU_PHOTO FROM STUDENTS WHERE (STUDENTS.STU_ID IN (SELECT STUDENT_ATTENDANCES.STU_ID FROM STUDENT_ATTENDANCES WHERE STUDENT_ATTENDANCES.DATE_TIME >= CURDATE() AND STUDENT_ATTENDANCES.DATE_TIME < (CURDATE() + INTERVAL 1 DAY) AND STUDENT_ATTENDANCES.EVENT_TYPE = "In")) AND (STUDENTS.STU_ID NOT IN (SELECT STUDENT_ATTENDANCES.STU_ID FROM STUDENT_ATTENDANCES WHERE STUDENT_ATTENDANCES.DATE_TIME >= CURDATE() AND STUDENT_ATTENDANCES.DATE_TIME < (CURDATE() + INTERVAL 1 DAY) AND STUDENT_ATTENDANCES.EVENT_TYPE = "Out"));', 'Jenifer Taylor', '2016-06-15 17:29:23', '192.168.0.42'),
(344, 'SELECT WEB_PAGES.PAGE_ID, WEB_PAGES.TAG_CLASS, WEB_PAGES.TYPE, WEB_PAGES.HREF, WEB_PAGES.ICON_URL, WEB_PAGES.TITLE, WEB_PAGES.STATUS FROM WEB_PAGES WHERE (WEB_PAGES.PAGE_ID IN \r\n									(SELECT PAGE_ID FROM EMPLOYEE_WEBPAGE \r\n										WHERE EMP_ID = 5)) AND (WEB_PAGES.STATUS = "active");', 'Jenifer Taylor', '2016-06-15 17:29:42', '192.168.0.42'),
(345, 'SELECT HREF FROM WEB_PAGES WHERE (PAGE_ID IN \r\n									(SELECT PAGE_ID FROM EMPLOYEE_WEBPAGE \r\n										WHERE EMP_ID = 5)) AND (WEB_PAGES.STATUS = "active");', 'Jenifer Taylor', '2016-06-15 17:29:43', '192.168.0.42'),
(346, 'SELECT EMPLOYEES.EMP_ID, CONCAT(EMPLOYEES.EMP_FIRST_NAME, " ", EMPLOYEES.EMP_LAST_NAME) AS EMP_NAME, EMPLOYEES.EMP_BIRTHDATE, EMPLOYEES.EMP_PHONE1 EMP_PHONE, EMPLOYEES.EMP_PHOTO FROM EMPLOYEES WHERE (EMPLOYEES.EMP_ID IN (SELECT EMPLOYEE_ATTENDANCES.EMP_ID FROM EMPLOYEE_ATTENDANCES WHERE EMPLOYEE_ATTENDANCES.DATE_TIME >= CURDATE() AND EMPLOYEE_ATTENDANCES.DATE_TIME < (CURDATE() + INTERVAL 1 DAY) AND EMPLOYEE_ATTENDANCES.EVENT_TYPE = "In")) AND (EMPLOYEES.EMP_ID NOT IN (SELECT EMPLOYEE_ATTENDANCES.EMP_ID FROM EMPLOYEE_ATTENDANCES WHERE EMPLOYEE_ATTENDANCES.DATE_TIME >= CURDATE() AND EMPLOYEE_ATTENDANCES.DATE_TIME < (CURDATE() + INTERVAL 1 DAY) AND EMPLOYEE_ATTENDANCES.EVENT_TYPE = "Out")) AND (EMPLOYEES.EMP_POST_ID1 IN (3,4 ));', 'Jenifer Taylor', '2016-06-15 17:29:43', '192.168.0.42'),
(347, 'SELECT STUDENTS.STU_ID, CONCAT(STUDENTS.STU_FIRST_NAME, " ", STUDENTS.STU_LAST_NAME) AS STU_NAME, STUDENTS.STU_BIRTHDATE, FLOOR(DATEDIFF(NOW(), STUDENTS.STU_BIRTHDATE)/365.25) AS STU_AGE, STUDENTS.STU_PHOTO FROM STUDENTS WHERE (STUDENTS.STU_ID IN (SELECT STUDENT_ATTENDANCES.STU_ID FROM STUDENT_ATTENDANCES WHERE STUDENT_ATTENDANCES.DATE_TIME >= CURDATE() AND STUDENT_ATTENDANCES.DATE_TIME < (CURDATE() + INTERVAL 1 DAY) AND STUDENT_ATTENDANCES.EVENT_TYPE = "In")) AND (STUDENTS.STU_ID NOT IN (SELECT STUDENT_ATTENDANCES.STU_ID FROM STUDENT_ATTENDANCES WHERE STUDENT_ATTENDANCES.DATE_TIME >= CURDATE() AND STUDENT_ATTENDANCES.DATE_TIME < (CURDATE() + INTERVAL 1 DAY) AND STUDENT_ATTENDANCES.EVENT_TYPE = "Out"));', 'Jenifer Taylor', '2016-06-15 17:29:43', '192.168.0.42'),
(348, 'SELECT DISTINCT EMPLOYEES.EMP_ID, CONCAT(EMPLOYEES.EMP_FIRST_NAME, " ", EMPLOYEES.EMP_LAST_NAME) AS EMP_NAME, EMPLOYEES.EMP_BIRTHDATE, EMPLOYEES.EMP_PHONE1 EMP_PHONE, EMPLOYEES.EMP_PHOTO FROM EMPLOYEES WHERE ((EMPLOYEES.EMP_ID NOT IN (SELECT EMPLOYEE_ATTENDANCES.EMP_ID FROM EMPLOYEE_ATTENDANCES WHERE EMPLOYEE_ATTENDANCES.DATE_TIME >= CURDATE() AND EMPLOYEE_ATTENDANCES.DATE_TIME < (CURDATE() + INTERVAL 1 DAY) AND EMPLOYEE_ATTENDANCES.EVENT_TYPE = "In")) OR (EMPLOYEES.EMP_ID IN (SELECT EMPLOYEE_ATTENDANCES.EMP_ID FROM EMPLOYEE_ATTENDANCES WHERE EMPLOYEE_ATTENDANCES.DATE_TIME >= CURDATE() AND EMPLOYEE_ATTENDANCES.DATE_TIME < (CURDATE() + INTERVAL 1 DAY) AND EMPLOYEE_ATTENDANCES.EVENT_TYPE = "Out"))) AND (EMPLOYEES.EMP_POST_ID1 IN (3,4 ));', 'Jenifer Taylor', '2016-06-15 17:29:43', '192.168.0.42'),
(349, 'SELECT WEB_PAGES.PAGE_ID, WEB_PAGES.TAG_CLASS, WEB_PAGES.TYPE, WEB_PAGES.HREF, WEB_PAGES.ICON_URL, WEB_PAGES.TITLE, WEB_PAGES.STATUS FROM WEB_PAGES WHERE (WEB_PAGES.PAGE_ID IN \r\n									(SELECT PAGE_ID FROM EMPLOYEE_WEBPAGE \r\n										WHERE EMP_ID = 5)) AND (WEB_PAGES.STATUS = "active");', 'Jenifer Taylor', '2016-06-15 17:29:51', '192.168.0.42'),
(350, 'SELECT HREF FROM WEB_PAGES WHERE (PAGE_ID IN \r\n									(SELECT PAGE_ID FROM EMPLOYEE_WEBPAGE \r\n										WHERE EMP_ID = 5)) AND (WEB_PAGES.STATUS = "active");', 'Jenifer Taylor', '2016-06-15 17:29:53', '192.168.0.42'),
(351, 'INSERT INTO EMPLOYEE_ATTENDANCES(EMP_ID, EVENT_TYPE, DATE_TIME, IP_ADDR, NOTES) VALUES(5, "Out", NOW(), "192.168.0.42", "");', 'Jenifer Taylor', '2016-06-15 17:29:53', '192.168.0.42'),
(352, 'SELECT WEB_PAGES.PAGE_ID, WEB_PAGES.TAG_CLASS, WEB_PAGES.TYPE, WEB_PAGES.HREF, WEB_PAGES.ICON_URL, WEB_PAGES.TITLE, WEB_PAGES.STATUS FROM WEB_PAGES WHERE (WEB_PAGES.PAGE_ID IN \r\n									(SELECT PAGE_ID FROM EMPLOYEE_WEBPAGE \r\n										WHERE EMP_ID = 5)) AND (WEB_PAGES.STATUS = "active");', 'Jenifer Taylor', '2016-06-15 17:29:54', '192.168.0.42'),
(353, 'SELECT HREF FROM WEB_PAGES WHERE (PAGE_ID IN \r\n									(SELECT PAGE_ID FROM EMPLOYEE_WEBPAGE \r\n										WHERE EMP_ID = 5)) AND (WEB_PAGES.STATUS = "active");', 'Jenifer Taylor', '2016-06-15 17:29:55', '192.168.0.42');
INSERT INTO `db_query_logs` (`DB_QL_ID`, `QUERY_STR`, `USER_NAME`, `DATE_TIME`, `IP_ADDR`) VALUES
(354, 'SELECT EMPLOYEES.EMP_ID, CONCAT(EMPLOYEES.EMP_FIRST_NAME, " ", EMPLOYEES.EMP_LAST_NAME) AS EMP_NAME, EMPLOYEES.EMP_BIRTHDATE, EMPLOYEES.EMP_PHONE1 EMP_PHONE, EMPLOYEES.EMP_PHOTO FROM EMPLOYEES WHERE (EMPLOYEES.EMP_ID IN (SELECT EMPLOYEE_ATTENDANCES.EMP_ID FROM EMPLOYEE_ATTENDANCES WHERE EMPLOYEE_ATTENDANCES.DATE_TIME >= CURDATE() AND EMPLOYEE_ATTENDANCES.DATE_TIME < (CURDATE() + INTERVAL 1 DAY) AND EMPLOYEE_ATTENDANCES.EVENT_TYPE = "In")) AND (EMPLOYEES.EMP_ID NOT IN (SELECT EMPLOYEE_ATTENDANCES.EMP_ID FROM EMPLOYEE_ATTENDANCES WHERE EMPLOYEE_ATTENDANCES.DATE_TIME >= CURDATE() AND EMPLOYEE_ATTENDANCES.DATE_TIME < (CURDATE() + INTERVAL 1 DAY) AND EMPLOYEE_ATTENDANCES.EVENT_TYPE = "Out")) AND (EMPLOYEES.EMP_POST_ID1 IN (3,4 ));', 'Jenifer Taylor', '2016-06-15 17:29:55', '192.168.0.42'),
(355, 'SELECT STUDENTS.STU_ID, CONCAT(STUDENTS.STU_FIRST_NAME, " ", STUDENTS.STU_LAST_NAME) AS STU_NAME, STUDENTS.STU_BIRTHDATE, FLOOR(DATEDIFF(NOW(), STUDENTS.STU_BIRTHDATE)/365.25) AS STU_AGE, STUDENTS.STU_PHOTO FROM STUDENTS WHERE (STUDENTS.STU_ID IN (SELECT STUDENT_ATTENDANCES.STU_ID FROM STUDENT_ATTENDANCES WHERE STUDENT_ATTENDANCES.DATE_TIME >= CURDATE() AND STUDENT_ATTENDANCES.DATE_TIME < (CURDATE() + INTERVAL 1 DAY) AND STUDENT_ATTENDANCES.EVENT_TYPE = "In")) AND (STUDENTS.STU_ID NOT IN (SELECT STUDENT_ATTENDANCES.STU_ID FROM STUDENT_ATTENDANCES WHERE STUDENT_ATTENDANCES.DATE_TIME >= CURDATE() AND STUDENT_ATTENDANCES.DATE_TIME < (CURDATE() + INTERVAL 1 DAY) AND STUDENT_ATTENDANCES.EVENT_TYPE = "Out"));', 'Jenifer Taylor', '2016-06-15 17:29:55', '192.168.0.42'),
(356, 'SELECT DISTINCT EMPLOYEES.EMP_ID, CONCAT(EMPLOYEES.EMP_FIRST_NAME, " ", EMPLOYEES.EMP_LAST_NAME) AS EMP_NAME, EMPLOYEES.EMP_BIRTHDATE, EMPLOYEES.EMP_PHONE1 EMP_PHONE, EMPLOYEES.EMP_PHOTO FROM EMPLOYEES WHERE ((EMPLOYEES.EMP_ID NOT IN (SELECT EMPLOYEE_ATTENDANCES.EMP_ID FROM EMPLOYEE_ATTENDANCES WHERE EMPLOYEE_ATTENDANCES.DATE_TIME >= CURDATE() AND EMPLOYEE_ATTENDANCES.DATE_TIME < (CURDATE() + INTERVAL 1 DAY) AND EMPLOYEE_ATTENDANCES.EVENT_TYPE = "In")) OR (EMPLOYEES.EMP_ID IN (SELECT EMPLOYEE_ATTENDANCES.EMP_ID FROM EMPLOYEE_ATTENDANCES WHERE EMPLOYEE_ATTENDANCES.DATE_TIME >= CURDATE() AND EMPLOYEE_ATTENDANCES.DATE_TIME < (CURDATE() + INTERVAL 1 DAY) AND EMPLOYEE_ATTENDANCES.EVENT_TYPE = "Out"))) AND (EMPLOYEES.EMP_POST_ID1 IN (3,4 ));', 'Jenifer Taylor', '2016-06-15 17:29:56', '192.168.0.42'),
(357, 'INSERT INTO EMPLOYEE_LOG_IOS(EMP_ID, EVENT_TYPE, DATE_TIME, IP_ADDR) VALUES(5, "Out", NOW(), "192.168.0.42");', 'Jenifer Taylor', '2016-06-15 17:29:58', '192.168.0.42'),
(358, 'SELECT  EMP_ID, EMP_FIRST_NAME, EMP_LAST_NAME, EMP_BIRTHDATE, EMP_PHONE1 FROM EMPLOYEES  WHERE EMP_PASSCODE="4072";', 'system', '2016-06-15 17:30:06', '192.168.0.42'),
(359, 'INSERT INTO EMPLOYEE_LOG_IOS(EMP_ID, EVENT_TYPE, DATE_TIME, IP_ADDR) VALUES(3, "In", NOW(), "192.168.0.42");', 'Cathy Kim', '2016-06-15 17:30:06', '192.168.0.42'),
(360, 'SELECT WEB_PAGES.PAGE_ID, WEB_PAGES.TAG_CLASS, WEB_PAGES.TYPE, WEB_PAGES.HREF, WEB_PAGES.ICON_URL, WEB_PAGES.TITLE, WEB_PAGES.STATUS FROM WEB_PAGES WHERE (WEB_PAGES.PAGE_ID IN \r\n									(SELECT PAGE_ID FROM EMPLOYEE_WEBPAGE \r\n										WHERE EMP_ID = 3)) AND (WEB_PAGES.STATUS = "active");', 'Cathy Kim', '2016-06-15 17:30:06', '192.168.0.42'),
(361, 'SELECT HREF FROM WEB_PAGES WHERE (PAGE_ID IN \r\n									(SELECT PAGE_ID FROM EMPLOYEE_WEBPAGE \r\n										WHERE EMP_ID = 3)) AND (WEB_PAGES.STATUS = "active");', 'Cathy Kim', '2016-06-15 17:30:09', '192.168.0.42'),
(362, 'SELECT EMPLOYEES.EMP_ID, CONCAT(EMPLOYEES.EMP_FIRST_NAME, " ", EMPLOYEES.EMP_LAST_NAME) AS EMP_NAME, EMPLOYEES.EMP_BIRTHDATE, EMPLOYEES.EMP_PHONE1 EMP_PHONE, EMPLOYEES.EMP_PHOTO FROM EMPLOYEES WHERE (EMPLOYEES.EMP_ID IN (SELECT EMPLOYEE_ATTENDANCES.EMP_ID FROM EMPLOYEE_ATTENDANCES WHERE EMPLOYEE_ATTENDANCES.DATE_TIME >= CURDATE() AND EMPLOYEE_ATTENDANCES.DATE_TIME < (CURDATE() + INTERVAL 1 DAY) AND EMPLOYEE_ATTENDANCES.EVENT_TYPE = "In")) AND (EMPLOYEES.EMP_ID NOT IN (SELECT EMPLOYEE_ATTENDANCES.EMP_ID FROM EMPLOYEE_ATTENDANCES WHERE EMPLOYEE_ATTENDANCES.DATE_TIME >= CURDATE() AND EMPLOYEE_ATTENDANCES.DATE_TIME < (CURDATE() + INTERVAL 1 DAY) AND EMPLOYEE_ATTENDANCES.EVENT_TYPE = "Out")) AND (EMPLOYEES.EMP_POST_ID1 IN (3,4 ));', 'Cathy Kim', '2016-06-15 17:30:09', '192.168.0.42'),
(363, 'SELECT STUDENTS.STU_ID, CONCAT(STUDENTS.STU_FIRST_NAME, " ", STUDENTS.STU_LAST_NAME) AS STU_NAME, STUDENTS.STU_BIRTHDATE, FLOOR(DATEDIFF(NOW(), STUDENTS.STU_BIRTHDATE)/365.25) AS STU_AGE, STUDENTS.STU_PHOTO FROM STUDENTS WHERE (STUDENTS.STU_ID IN (SELECT STUDENT_ATTENDANCES.STU_ID FROM STUDENT_ATTENDANCES WHERE STUDENT_ATTENDANCES.DATE_TIME >= CURDATE() AND STUDENT_ATTENDANCES.DATE_TIME < (CURDATE() + INTERVAL 1 DAY) AND STUDENT_ATTENDANCES.EVENT_TYPE = "In")) AND (STUDENTS.STU_ID NOT IN (SELECT STUDENT_ATTENDANCES.STU_ID FROM STUDENT_ATTENDANCES WHERE STUDENT_ATTENDANCES.DATE_TIME >= CURDATE() AND STUDENT_ATTENDANCES.DATE_TIME < (CURDATE() + INTERVAL 1 DAY) AND STUDENT_ATTENDANCES.EVENT_TYPE = "Out"));', 'Cathy Kim', '2016-06-15 17:30:09', '192.168.0.42'),
(364, 'SELECT DISTINCT EMPLOYEES.EMP_ID, CONCAT(EMPLOYEES.EMP_FIRST_NAME, " ", EMPLOYEES.EMP_LAST_NAME) AS EMP_NAME, EMPLOYEES.EMP_BIRTHDATE, EMPLOYEES.EMP_PHONE1 EMP_PHONE, EMPLOYEES.EMP_PHOTO FROM EMPLOYEES WHERE ((EMPLOYEES.EMP_ID NOT IN (SELECT EMPLOYEE_ATTENDANCES.EMP_ID FROM EMPLOYEE_ATTENDANCES WHERE EMPLOYEE_ATTENDANCES.DATE_TIME >= CURDATE() AND EMPLOYEE_ATTENDANCES.DATE_TIME < (CURDATE() + INTERVAL 1 DAY) AND EMPLOYEE_ATTENDANCES.EVENT_TYPE = "In")) OR (EMPLOYEES.EMP_ID IN (SELECT EMPLOYEE_ATTENDANCES.EMP_ID FROM EMPLOYEE_ATTENDANCES WHERE EMPLOYEE_ATTENDANCES.DATE_TIME >= CURDATE() AND EMPLOYEE_ATTENDANCES.DATE_TIME < (CURDATE() + INTERVAL 1 DAY) AND EMPLOYEE_ATTENDANCES.EVENT_TYPE = "Out"))) AND (EMPLOYEES.EMP_POST_ID1 IN (3,4 ));', 'Cathy Kim', '2016-06-15 17:30:09', '192.168.0.42'),
(365, 'SELECT WEB_PAGES.PAGE_ID, WEB_PAGES.TAG_CLASS, WEB_PAGES.TYPE, WEB_PAGES.HREF, WEB_PAGES.ICON_URL, WEB_PAGES.TITLE, WEB_PAGES.STATUS FROM WEB_PAGES WHERE (WEB_PAGES.PAGE_ID IN \r\n									(SELECT PAGE_ID FROM EMPLOYEE_WEBPAGE \r\n										WHERE EMP_ID = 3)) AND (WEB_PAGES.STATUS = "active");', 'Cathy Kim', '2016-06-15 17:30:12', '192.168.0.42'),
(366, 'SELECT HREF FROM WEB_PAGES WHERE (PAGE_ID IN \r\n									(SELECT PAGE_ID FROM EMPLOYEE_WEBPAGE \r\n										WHERE EMP_ID = 3)) AND (WEB_PAGES.STATUS = "active");', 'Cathy Kim', '2016-06-15 17:30:14', '192.168.0.42'),
(367, 'INSERT INTO EMPLOYEE_ATTENDANCES(EMP_ID, EVENT_TYPE, DATE_TIME, IP_ADDR, NOTES) VALUES(3, "Out", NOW(), "192.168.0.42", "");', 'Cathy Kim', '2016-06-15 17:30:14', '192.168.0.42'),
(368, 'SELECT WEB_PAGES.PAGE_ID, WEB_PAGES.TAG_CLASS, WEB_PAGES.TYPE, WEB_PAGES.HREF, WEB_PAGES.ICON_URL, WEB_PAGES.TITLE, WEB_PAGES.STATUS FROM WEB_PAGES WHERE (WEB_PAGES.PAGE_ID IN \r\n									(SELECT PAGE_ID FROM EMPLOYEE_WEBPAGE \r\n										WHERE EMP_ID = 3)) AND (WEB_PAGES.STATUS = "active");', 'Cathy Kim', '2016-06-15 17:30:15', '192.168.0.42'),
(369, 'SELECT HREF FROM WEB_PAGES WHERE (PAGE_ID IN \r\n									(SELECT PAGE_ID FROM EMPLOYEE_WEBPAGE \r\n										WHERE EMP_ID = 3)) AND (WEB_PAGES.STATUS = "active");', 'Cathy Kim', '2016-06-15 17:30:17', '192.168.0.42'),
(370, 'SELECT EMPLOYEES.EMP_ID, CONCAT(EMPLOYEES.EMP_FIRST_NAME, " ", EMPLOYEES.EMP_LAST_NAME) AS EMP_NAME, EMPLOYEES.EMP_BIRTHDATE, EMPLOYEES.EMP_PHONE1 EMP_PHONE, EMPLOYEES.EMP_PHOTO FROM EMPLOYEES WHERE (EMPLOYEES.EMP_ID IN (SELECT EMPLOYEE_ATTENDANCES.EMP_ID FROM EMPLOYEE_ATTENDANCES WHERE EMPLOYEE_ATTENDANCES.DATE_TIME >= CURDATE() AND EMPLOYEE_ATTENDANCES.DATE_TIME < (CURDATE() + INTERVAL 1 DAY) AND EMPLOYEE_ATTENDANCES.EVENT_TYPE = "In")) AND (EMPLOYEES.EMP_ID NOT IN (SELECT EMPLOYEE_ATTENDANCES.EMP_ID FROM EMPLOYEE_ATTENDANCES WHERE EMPLOYEE_ATTENDANCES.DATE_TIME >= CURDATE() AND EMPLOYEE_ATTENDANCES.DATE_TIME < (CURDATE() + INTERVAL 1 DAY) AND EMPLOYEE_ATTENDANCES.EVENT_TYPE = "Out")) AND (EMPLOYEES.EMP_POST_ID1 IN (3,4 ));', 'Cathy Kim', '2016-06-15 17:30:17', '192.168.0.42'),
(371, 'SELECT STUDENTS.STU_ID, CONCAT(STUDENTS.STU_FIRST_NAME, " ", STUDENTS.STU_LAST_NAME) AS STU_NAME, STUDENTS.STU_BIRTHDATE, FLOOR(DATEDIFF(NOW(), STUDENTS.STU_BIRTHDATE)/365.25) AS STU_AGE, STUDENTS.STU_PHOTO FROM STUDENTS WHERE (STUDENTS.STU_ID IN (SELECT STUDENT_ATTENDANCES.STU_ID FROM STUDENT_ATTENDANCES WHERE STUDENT_ATTENDANCES.DATE_TIME >= CURDATE() AND STUDENT_ATTENDANCES.DATE_TIME < (CURDATE() + INTERVAL 1 DAY) AND STUDENT_ATTENDANCES.EVENT_TYPE = "In")) AND (STUDENTS.STU_ID NOT IN (SELECT STUDENT_ATTENDANCES.STU_ID FROM STUDENT_ATTENDANCES WHERE STUDENT_ATTENDANCES.DATE_TIME >= CURDATE() AND STUDENT_ATTENDANCES.DATE_TIME < (CURDATE() + INTERVAL 1 DAY) AND STUDENT_ATTENDANCES.EVENT_TYPE = "Out"));', 'Cathy Kim', '2016-06-15 17:30:17', '192.168.0.42'),
(372, 'SELECT DISTINCT EMPLOYEES.EMP_ID, CONCAT(EMPLOYEES.EMP_FIRST_NAME, " ", EMPLOYEES.EMP_LAST_NAME) AS EMP_NAME, EMPLOYEES.EMP_BIRTHDATE, EMPLOYEES.EMP_PHONE1 EMP_PHONE, EMPLOYEES.EMP_PHOTO FROM EMPLOYEES WHERE ((EMPLOYEES.EMP_ID NOT IN (SELECT EMPLOYEE_ATTENDANCES.EMP_ID FROM EMPLOYEE_ATTENDANCES WHERE EMPLOYEE_ATTENDANCES.DATE_TIME >= CURDATE() AND EMPLOYEE_ATTENDANCES.DATE_TIME < (CURDATE() + INTERVAL 1 DAY) AND EMPLOYEE_ATTENDANCES.EVENT_TYPE = "In")) OR (EMPLOYEES.EMP_ID IN (SELECT EMPLOYEE_ATTENDANCES.EMP_ID FROM EMPLOYEE_ATTENDANCES WHERE EMPLOYEE_ATTENDANCES.DATE_TIME >= CURDATE() AND EMPLOYEE_ATTENDANCES.DATE_TIME < (CURDATE() + INTERVAL 1 DAY) AND EMPLOYEE_ATTENDANCES.EVENT_TYPE = "Out"))) AND (EMPLOYEES.EMP_POST_ID1 IN (3,4 ));', 'Cathy Kim', '2016-06-15 17:30:17', '192.168.0.42'),
(373, 'SELECT WEB_PAGES.PAGE_ID, WEB_PAGES.TAG_CLASS, WEB_PAGES.TYPE, WEB_PAGES.HREF, WEB_PAGES.ICON_URL, WEB_PAGES.TITLE, WEB_PAGES.STATUS FROM WEB_PAGES WHERE (WEB_PAGES.PAGE_ID IN \r\n									(SELECT PAGE_ID FROM EMPLOYEE_WEBPAGE \r\n										WHERE EMP_ID = 3)) AND (WEB_PAGES.STATUS = "active");', 'Cathy Kim', '2016-06-15 17:30:25', '192.168.0.42'),
(374, 'SELECT HREF FROM WEB_PAGES WHERE (PAGE_ID IN \r\n									(SELECT PAGE_ID FROM EMPLOYEE_WEBPAGE \r\n										WHERE EMP_ID = 3)) AND (WEB_PAGES.STATUS = "active");', 'Cathy Kim', '2016-06-15 17:30:27', '192.168.0.42'),
(375, 'SELECT STUDENTS.STU_ID, CONCAT(STUDENTS.STU_FIRST_NAME, " ", STUDENTS.STU_LAST_NAME) AS STU_NAME, STUDENTS.STU_BIRTHDATE, FLOOR(DATEDIFF(NOW(), STUDENTS.STU_BIRTHDATE)/365.25) AS STU_AGE, STUDENTS.STU_PHOTO FROM STUDENTS WHERE (STUDENTS.STU_ID IN (SELECT STUDENT_ATTENDANCES.STU_ID FROM STUDENT_ATTENDANCES WHERE STUDENT_ATTENDANCES.DATE_TIME >= CURDATE() AND STUDENT_ATTENDANCES.DATE_TIME < (CURDATE() + INTERVAL 1 DAY) AND STUDENT_ATTENDANCES.EVENT_TYPE = "In")) AND (STUDENTS.STU_ID NOT IN (SELECT STUDENT_ATTENDANCES.STU_ID FROM STUDENT_ATTENDANCES WHERE STUDENT_ATTENDANCES.DATE_TIME >= CURDATE() AND STUDENT_ATTENDANCES.DATE_TIME < (CURDATE() + INTERVAL 1 DAY) AND STUDENT_ATTENDANCES.EVENT_TYPE = "Out"));', 'Cathy Kim', '2016-06-15 17:30:27', '192.168.0.42'),
(376, 'SELECT HREF FROM WEB_PAGES WHERE (PAGE_ID IN \r\n									(SELECT PAGE_ID FROM EMPLOYEE_WEBPAGE \r\n										WHERE EMP_ID = 3)) AND (WEB_PAGES.STATUS = "active");', 'Cathy Kim', '2016-06-15 17:30:46', '192.168.0.42'),
(377, 'INSERT INTO STUDENT_ATTENDANCES(STU_ID, EVENT_TYPE, DATE_TIME, EMP_ID, IP_ADDR, NOTES) VALUES(1, "Out", NOW(), 3, "192.168.0.42", "");', 'Cathy Kim', '2016-06-15 17:30:46', '192.168.0.42'),
(378, 'INSERT INTO STUDENT_ATTENDANCES(STU_ID, EVENT_TYPE, DATE_TIME, EMP_ID, IP_ADDR, NOTES) VALUES(2, "Out", NOW(), 3, "192.168.0.42", "");', 'Cathy Kim', '2016-06-15 17:30:46', '192.168.0.42'),
(379, 'INSERT INTO STUDENT_ATTENDANCES(STU_ID, EVENT_TYPE, DATE_TIME, EMP_ID, IP_ADDR, NOTES) VALUES(3, "Out", NOW(), 3, "192.168.0.42", "");', 'Cathy Kim', '2016-06-15 17:30:47', '192.168.0.42'),
(380, 'INSERT INTO STUDENT_ATTENDANCES(STU_ID, EVENT_TYPE, DATE_TIME, EMP_ID, IP_ADDR, NOTES) VALUES(6, "Out", NOW(), 3, "192.168.0.42", "");', 'Cathy Kim', '2016-06-15 17:30:47', '192.168.0.42'),
(381, 'SELECT HREF FROM WEB_PAGES WHERE (PAGE_ID IN \r\n									(SELECT PAGE_ID FROM EMPLOYEE_WEBPAGE \r\n										WHERE EMP_ID = 3)) AND (WEB_PAGES.STATUS = "active");', 'Cathy Kim', '2016-06-15 17:30:48', '192.168.0.42'),
(382, 'SELECT STUDENTS.STU_ID, CONCAT(STUDENTS.STU_FIRST_NAME, " ", STUDENTS.STU_LAST_NAME) AS STU_NAME, STUDENTS.STU_BIRTHDATE, FLOOR(DATEDIFF(NOW(), STUDENTS.STU_BIRTHDATE)/365.25) AS STU_AGE, STUDENTS.STU_PHOTO FROM STUDENTS WHERE (STUDENTS.STU_ID IN (SELECT STUDENT_ATTENDANCES.STU_ID FROM STUDENT_ATTENDANCES WHERE STUDENT_ATTENDANCES.DATE_TIME >= CURDATE() AND STUDENT_ATTENDANCES.DATE_TIME < (CURDATE() + INTERVAL 1 DAY) AND STUDENT_ATTENDANCES.EVENT_TYPE = "In")) AND (STUDENTS.STU_ID NOT IN (SELECT STUDENT_ATTENDANCES.STU_ID FROM STUDENT_ATTENDANCES WHERE STUDENT_ATTENDANCES.DATE_TIME >= CURDATE() AND STUDENT_ATTENDANCES.DATE_TIME < (CURDATE() + INTERVAL 1 DAY) AND STUDENT_ATTENDANCES.EVENT_TYPE = "Out"));', 'Cathy Kim', '2016-06-15 17:30:48', '192.168.0.42'),
(383, 'SELECT WEB_PAGES.PAGE_ID, WEB_PAGES.TAG_CLASS, WEB_PAGES.TYPE, WEB_PAGES.HREF, WEB_PAGES.ICON_URL, WEB_PAGES.TITLE, WEB_PAGES.STATUS FROM WEB_PAGES WHERE (WEB_PAGES.PAGE_ID IN \r\n									(SELECT PAGE_ID FROM EMPLOYEE_WEBPAGE \r\n										WHERE EMP_ID = 3)) AND (WEB_PAGES.STATUS = "active");', 'Cathy Kim', '2016-06-15 17:30:50', '192.168.0.42'),
(384, 'SELECT HREF FROM WEB_PAGES WHERE (PAGE_ID IN \r\n									(SELECT PAGE_ID FROM EMPLOYEE_WEBPAGE \r\n										WHERE EMP_ID = 3)) AND (WEB_PAGES.STATUS = "active");', 'Cathy Kim', '2016-06-15 17:30:51', '192.168.0.42'),
(385, 'SELECT EMPLOYEES.EMP_ID, CONCAT(EMPLOYEES.EMP_FIRST_NAME, " ", EMPLOYEES.EMP_LAST_NAME) AS EMP_NAME, EMPLOYEES.EMP_BIRTHDATE, EMPLOYEES.EMP_PHONE1 EMP_PHONE, EMPLOYEES.EMP_PHOTO FROM EMPLOYEES WHERE (EMPLOYEES.EMP_ID IN (SELECT EMPLOYEE_ATTENDANCES.EMP_ID FROM EMPLOYEE_ATTENDANCES WHERE EMPLOYEE_ATTENDANCES.DATE_TIME >= CURDATE() AND EMPLOYEE_ATTENDANCES.DATE_TIME < (CURDATE() + INTERVAL 1 DAY) AND EMPLOYEE_ATTENDANCES.EVENT_TYPE = "In")) AND (EMPLOYEES.EMP_ID NOT IN (SELECT EMPLOYEE_ATTENDANCES.EMP_ID FROM EMPLOYEE_ATTENDANCES WHERE EMPLOYEE_ATTENDANCES.DATE_TIME >= CURDATE() AND EMPLOYEE_ATTENDANCES.DATE_TIME < (CURDATE() + INTERVAL 1 DAY) AND EMPLOYEE_ATTENDANCES.EVENT_TYPE = "Out")) AND (EMPLOYEES.EMP_POST_ID1 IN (3,4 ));', 'Cathy Kim', '2016-06-15 17:30:52', '192.168.0.42'),
(386, 'SELECT STUDENTS.STU_ID, CONCAT(STUDENTS.STU_FIRST_NAME, " ", STUDENTS.STU_LAST_NAME) AS STU_NAME, STUDENTS.STU_BIRTHDATE, FLOOR(DATEDIFF(NOW(), STUDENTS.STU_BIRTHDATE)/365.25) AS STU_AGE, STUDENTS.STU_PHOTO FROM STUDENTS WHERE (STUDENTS.STU_ID IN (SELECT STUDENT_ATTENDANCES.STU_ID FROM STUDENT_ATTENDANCES WHERE STUDENT_ATTENDANCES.DATE_TIME >= CURDATE() AND STUDENT_ATTENDANCES.DATE_TIME < (CURDATE() + INTERVAL 1 DAY) AND STUDENT_ATTENDANCES.EVENT_TYPE = "In")) AND (STUDENTS.STU_ID NOT IN (SELECT STUDENT_ATTENDANCES.STU_ID FROM STUDENT_ATTENDANCES WHERE STUDENT_ATTENDANCES.DATE_TIME >= CURDATE() AND STUDENT_ATTENDANCES.DATE_TIME < (CURDATE() + INTERVAL 1 DAY) AND STUDENT_ATTENDANCES.EVENT_TYPE = "Out"));', 'Cathy Kim', '2016-06-15 17:30:52', '192.168.0.42'),
(387, 'SELECT DISTINCT EMPLOYEES.EMP_ID, CONCAT(EMPLOYEES.EMP_FIRST_NAME, " ", EMPLOYEES.EMP_LAST_NAME) AS EMP_NAME, EMPLOYEES.EMP_BIRTHDATE, EMPLOYEES.EMP_PHONE1 EMP_PHONE, EMPLOYEES.EMP_PHOTO FROM EMPLOYEES WHERE ((EMPLOYEES.EMP_ID NOT IN (SELECT EMPLOYEE_ATTENDANCES.EMP_ID FROM EMPLOYEE_ATTENDANCES WHERE EMPLOYEE_ATTENDANCES.DATE_TIME >= CURDATE() AND EMPLOYEE_ATTENDANCES.DATE_TIME < (CURDATE() + INTERVAL 1 DAY) AND EMPLOYEE_ATTENDANCES.EVENT_TYPE = "In")) OR (EMPLOYEES.EMP_ID IN (SELECT EMPLOYEE_ATTENDANCES.EMP_ID FROM EMPLOYEE_ATTENDANCES WHERE EMPLOYEE_ATTENDANCES.DATE_TIME >= CURDATE() AND EMPLOYEE_ATTENDANCES.DATE_TIME < (CURDATE() + INTERVAL 1 DAY) AND EMPLOYEE_ATTENDANCES.EVENT_TYPE = "Out"))) AND (EMPLOYEES.EMP_POST_ID1 IN (3,4 ));', 'Cathy Kim', '2016-06-15 17:30:52', '192.168.0.42'),
(388, 'SELECT WEB_PAGES.PAGE_ID, WEB_PAGES.TAG_CLASS, WEB_PAGES.TYPE, WEB_PAGES.HREF, WEB_PAGES.ICON_URL, WEB_PAGES.TITLE, WEB_PAGES.STATUS FROM WEB_PAGES WHERE (WEB_PAGES.PAGE_ID IN \r\n									(SELECT PAGE_ID FROM EMPLOYEE_WEBPAGE \r\n										WHERE EMP_ID = 3)) AND (WEB_PAGES.STATUS = "active");', 'Cathy Kim', '2016-06-15 17:30:53', '192.168.0.42'),
(389, 'SELECT HREF FROM WEB_PAGES WHERE (PAGE_ID IN \r\n									(SELECT PAGE_ID FROM EMPLOYEE_WEBPAGE \r\n										WHERE EMP_ID = 3)) AND (WEB_PAGES.STATUS = "active");', 'Cathy Kim', '2016-06-15 17:31:00', '192.168.0.42'),
(390, 'SELECT  STUDENT_ATTENDANCES.STU_ATT_ID, CONCAT(STUDENTS.STU_FIRST_NAME, " ", STUDENTS.STU_LAST_NAME) AS STU_NAME, STUDENT_ATTENDANCES.EVENT_TYPE, STUDENT_ATTENDANCES.DATE_TIME, CONCAT(EMPLOYEES.EMP_FIRST_NAME, " ", EMPLOYEES.EMP_LAST_NAME) AS EMP_NAME, STUDENT_ATTENDANCES.IP_ADDR FROM STUDENT_ATTENDANCES, STUDENTS, EMPLOYEES WHERE STUDENTS.STU_ID = STUDENT_ATTENDANCES.STU_ID AND EMPLOYEES.EMP_ID = STUDENT_ATTENDANCES.EMP_ID ORDER BY STU_NAME ASC, STUDENT_ATTENDANCES.DATE_TIME DESC;', 'Cathy Kim', '2016-06-15 17:31:00', '192.168.0.42'),
(391, 'SELECT WEB_PAGES.PAGE_ID, WEB_PAGES.TAG_CLASS, WEB_PAGES.TYPE, WEB_PAGES.HREF, WEB_PAGES.ICON_URL, WEB_PAGES.TITLE, WEB_PAGES.STATUS FROM WEB_PAGES WHERE (WEB_PAGES.PAGE_ID IN \r\n									(SELECT PAGE_ID FROM EMPLOYEE_WEBPAGE \r\n										WHERE EMP_ID = 3)) AND (WEB_PAGES.STATUS = "active");', 'Cathy Kim', '2016-06-15 17:31:07', '192.168.0.42'),
(392, 'SELECT HREF FROM WEB_PAGES WHERE (PAGE_ID IN \r\n									(SELECT PAGE_ID FROM EMPLOYEE_WEBPAGE \r\n										WHERE EMP_ID = 3)) AND (WEB_PAGES.STATUS = "active");', 'Cathy Kim', '2016-06-15 17:31:09', '192.168.0.42'),
(393, 'SELECT  EDUCATOR_STUDENT.EDU_STU_ID, CONCAT(EMPLOYEES.EMP_FIRST_NAME, " ", EMPLOYEES.EMP_LAST_NAME) AS EMPLOYEE_NAME, CONCAT(STUDENTS.STU_FIRST_NAME, " ", STUDENTS.STU_LAST_NAME) AS STU_NAME, EDUCATOR_STUDENT.RESPONSITIVTY, EDUCATOR_STUDENT.START_DATE, EDUCATOR_STUDENT.END_DATE, EDUCATOR_STUDENT.NOTES FROM EDUCATOR_STUDENT JOIN EMPLOYEES ON EMPLOYEES.EMP_ID=EDUCATOR_STUDENT.EMP_ID JOIN STUDENTS ON STUDENTS.STU_ID=EDUCATOR_STUDENT.STU_ID WHERE EDUCATOR_STUDENT.EMP_ID=3;', 'Cathy Kim', '2016-06-15 17:31:09', '192.168.0.42'),
(394, 'SELECT WEB_PAGES.PAGE_ID, WEB_PAGES.TAG_CLASS, WEB_PAGES.TYPE, WEB_PAGES.HREF, WEB_PAGES.ICON_URL, WEB_PAGES.TITLE, WEB_PAGES.STATUS FROM WEB_PAGES WHERE (WEB_PAGES.PAGE_ID IN \r\n									(SELECT PAGE_ID FROM EMPLOYEE_WEBPAGE \r\n										WHERE EMP_ID = 3)) AND (WEB_PAGES.STATUS = "active");', 'Cathy Kim', '2016-06-15 17:31:12', '192.168.0.42'),
(395, 'INSERT INTO EMPLOYEE_LOG_IOS(EMP_ID, EVENT_TYPE, DATE_TIME, IP_ADDR) VALUES(3, "Out", NOW(), "192.168.0.42");', 'Cathy Kim', '2016-06-15 17:31:13', '192.168.0.42'),
(396, 'SELECT  EMP_ID, EMP_FIRST_NAME, EMP_LAST_NAME, EMP_BIRTHDATE, EMP_PHONE1 FROM EMPLOYEES  WHERE EMP_PASSCODE="8772";', 'system', '2016-06-15 18:27:19', '192.168.0.42'),
(397, 'INSERT INTO EMPLOYEE_LOG_IOS(EMP_ID, EVENT_TYPE, DATE_TIME, IP_ADDR) VALUES(2, "In", NOW(), "192.168.0.42");', 'Linda Tweed', '2016-06-15 18:27:19', '192.168.0.42'),
(398, 'SELECT WEB_PAGES.PAGE_ID, WEB_PAGES.TAG_CLASS, WEB_PAGES.TYPE, WEB_PAGES.HREF, WEB_PAGES.ICON_URL, WEB_PAGES.TITLE, WEB_PAGES.STATUS FROM WEB_PAGES WHERE (WEB_PAGES.PAGE_ID IN \r\n									(SELECT PAGE_ID FROM EMPLOYEE_WEBPAGE \r\n										WHERE EMP_ID = 2)) AND (WEB_PAGES.STATUS = "active");', 'Linda Tweed', '2016-06-15 18:27:20', '192.168.0.42'),
(399, 'SELECT HREF FROM WEB_PAGES WHERE (PAGE_ID IN \r\n									(SELECT PAGE_ID FROM EMPLOYEE_WEBPAGE \r\n										WHERE EMP_ID = 2)) AND (WEB_PAGES.STATUS = "active");', 'Linda Tweed', '2016-06-15 18:27:30', '192.168.0.42'),
(400, 'SELECT  EMPLOYEE_ATTENDANCES.EMP_ATT_ID, EMPLOYEES.EMP_FIRST_NAME, EMPLOYEES.EMP_LAST_NAME, EMPLOYEE_ATTENDANCES.EVENT_TYPE, EMPLOYEE_ATTENDANCES.DATE_TIME, EMPLOYEE_ATTENDANCES.IP_ADDR FROM EMPLOYEE_ATTENDANCES, EMPLOYEES WHERE EMPLOYEE_ATTENDANCES.EMP_ID=2 AND EMPLOYEE_ATTENDANCES.EMP_ID=EMPLOYEES.EMP_ID ORDER BY EMPLOYEE_ATTENDANCES.DATE_TIME DESC;', 'Linda Tweed', '2016-06-15 18:27:30', '192.168.0.42'),
(401, 'SELECT WEB_PAGES.PAGE_ID, WEB_PAGES.TAG_CLASS, WEB_PAGES.TYPE, WEB_PAGES.HREF, WEB_PAGES.ICON_URL, WEB_PAGES.TITLE, WEB_PAGES.STATUS FROM WEB_PAGES WHERE (WEB_PAGES.PAGE_ID IN \r\n									(SELECT PAGE_ID FROM EMPLOYEE_WEBPAGE \r\n										WHERE EMP_ID = 2)) AND (WEB_PAGES.STATUS = "active");', 'Linda Tweed', '2016-06-15 18:27:33', '192.168.0.42'),
(402, 'SELECT HREF FROM WEB_PAGES WHERE (PAGE_ID IN \r\n									(SELECT PAGE_ID FROM EMPLOYEE_WEBPAGE \r\n										WHERE EMP_ID = 2)) AND (WEB_PAGES.STATUS = "active");', 'Linda Tweed', '2016-06-15 18:27:34', '192.168.0.42'),
(403, 'SELECT  STUDENT_ATTENDANCES.STU_ATT_ID, CONCAT(STUDENTS.STU_FIRST_NAME, " ", STUDENTS.STU_LAST_NAME) AS STU_NAME, STUDENT_ATTENDANCES.EVENT_TYPE, STUDENT_ATTENDANCES.DATE_TIME, CONCAT(EMPLOYEES.EMP_FIRST_NAME, " ", EMPLOYEES.EMP_LAST_NAME) AS EMP_NAME, STUDENT_ATTENDANCES.IP_ADDR FROM STUDENT_ATTENDANCES, STUDENTS, EMPLOYEES WHERE STUDENTS.STU_ID = STUDENT_ATTENDANCES.STU_ID AND EMPLOYEES.EMP_ID = STUDENT_ATTENDANCES.EMP_ID ORDER BY STU_NAME ASC, STUDENT_ATTENDANCES.DATE_TIME DESC;', 'Linda Tweed', '2016-06-15 18:27:34', '192.168.0.42'),
(404, 'SELECT WEB_PAGES.PAGE_ID, WEB_PAGES.TAG_CLASS, WEB_PAGES.TYPE, WEB_PAGES.HREF, WEB_PAGES.ICON_URL, WEB_PAGES.TITLE, WEB_PAGES.STATUS FROM WEB_PAGES WHERE (WEB_PAGES.PAGE_ID IN \r\n									(SELECT PAGE_ID FROM EMPLOYEE_WEBPAGE \r\n										WHERE EMP_ID = 2)) AND (WEB_PAGES.STATUS = "active");', 'Linda Tweed', '2016-06-15 18:27:35', '192.168.0.42'),
(405, 'SELECT HREF FROM WEB_PAGES WHERE (PAGE_ID IN \r\n									(SELECT PAGE_ID FROM EMPLOYEE_WEBPAGE \r\n										WHERE EMP_ID = 2)) AND (WEB_PAGES.STATUS = "active");', 'Linda Tweed', '2016-06-15 18:27:37', '192.168.0.42'),
(406, 'SELECT EMPLOYEES.EMP_ID, CONCAT(EMPLOYEES.EMP_FIRST_NAME, " ", EMPLOYEES.EMP_LAST_NAME) AS EMP_NAME, EMPLOYEES.EMP_BIRTHDATE, EMPLOYEES.EMP_PHONE1 EMP_PHONE, EMPLOYEES.EMP_PHOTO FROM EMPLOYEES WHERE (EMPLOYEES.EMP_ID IN (SELECT EMPLOYEE_ATTENDANCES.EMP_ID FROM EMPLOYEE_ATTENDANCES WHERE EMPLOYEE_ATTENDANCES.DATE_TIME >= CURDATE() AND EMPLOYEE_ATTENDANCES.DATE_TIME < (CURDATE() + INTERVAL 1 DAY) AND EMPLOYEE_ATTENDANCES.EVENT_TYPE = "In")) AND (EMPLOYEES.EMP_ID NOT IN (SELECT EMPLOYEE_ATTENDANCES.EMP_ID FROM EMPLOYEE_ATTENDANCES WHERE EMPLOYEE_ATTENDANCES.DATE_TIME >= CURDATE() AND EMPLOYEE_ATTENDANCES.DATE_TIME < (CURDATE() + INTERVAL 1 DAY) AND EMPLOYEE_ATTENDANCES.EVENT_TYPE = "Out")) AND (EMPLOYEES.EMP_POST_ID1 IN (3,4 ));', 'Linda Tweed', '2016-06-15 18:27:37', '192.168.0.42'),
(407, 'SELECT STUDENTS.STU_ID, CONCAT(STUDENTS.STU_FIRST_NAME, " ", STUDENTS.STU_LAST_NAME) AS STU_NAME, STUDENTS.STU_BIRTHDATE, FLOOR(DATEDIFF(NOW(), STUDENTS.STU_BIRTHDATE)/365.25) AS STU_AGE, STUDENTS.STU_PHOTO FROM STUDENTS WHERE (STUDENTS.STU_ID IN (SELECT STUDENT_ATTENDANCES.STU_ID FROM STUDENT_ATTENDANCES WHERE STUDENT_ATTENDANCES.DATE_TIME >= CURDATE() AND STUDENT_ATTENDANCES.DATE_TIME < (CURDATE() + INTERVAL 1 DAY) AND STUDENT_ATTENDANCES.EVENT_TYPE = "In")) AND (STUDENTS.STU_ID NOT IN (SELECT STUDENT_ATTENDANCES.STU_ID FROM STUDENT_ATTENDANCES WHERE STUDENT_ATTENDANCES.DATE_TIME >= CURDATE() AND STUDENT_ATTENDANCES.DATE_TIME < (CURDATE() + INTERVAL 1 DAY) AND STUDENT_ATTENDANCES.EVENT_TYPE = "Out"));', 'Linda Tweed', '2016-06-15 18:27:37', '192.168.0.42'),
(408, 'SELECT DISTINCT EMPLOYEES.EMP_ID, CONCAT(EMPLOYEES.EMP_FIRST_NAME, " ", EMPLOYEES.EMP_LAST_NAME) AS EMP_NAME, EMPLOYEES.EMP_BIRTHDATE, EMPLOYEES.EMP_PHONE1 EMP_PHONE, EMPLOYEES.EMP_PHOTO FROM EMPLOYEES WHERE ((EMPLOYEES.EMP_ID NOT IN (SELECT EMPLOYEE_ATTENDANCES.EMP_ID FROM EMPLOYEE_ATTENDANCES WHERE EMPLOYEE_ATTENDANCES.DATE_TIME >= CURDATE() AND EMPLOYEE_ATTENDANCES.DATE_TIME < (CURDATE() + INTERVAL 1 DAY) AND EMPLOYEE_ATTENDANCES.EVENT_TYPE = "In")) OR (EMPLOYEES.EMP_ID IN (SELECT EMPLOYEE_ATTENDANCES.EMP_ID FROM EMPLOYEE_ATTENDANCES WHERE EMPLOYEE_ATTENDANCES.DATE_TIME >= CURDATE() AND EMPLOYEE_ATTENDANCES.DATE_TIME < (CURDATE() + INTERVAL 1 DAY) AND EMPLOYEE_ATTENDANCES.EVENT_TYPE = "Out"))) AND (EMPLOYEES.EMP_POST_ID1 IN (3,4 ));', 'Linda Tweed', '2016-06-15 18:27:37', '192.168.0.42'),
(409, 'SELECT WEB_PAGES.PAGE_ID, WEB_PAGES.TAG_CLASS, WEB_PAGES.TYPE, WEB_PAGES.HREF, WEB_PAGES.ICON_URL, WEB_PAGES.TITLE, WEB_PAGES.STATUS FROM WEB_PAGES WHERE (WEB_PAGES.PAGE_ID IN \r\n									(SELECT PAGE_ID FROM EMPLOYEE_WEBPAGE \r\n										WHERE EMP_ID = 2)) AND (WEB_PAGES.STATUS = "active");', 'Linda Tweed', '2016-06-15 18:27:39', '192.168.0.42'),
(410, 'SELECT HREF FROM WEB_PAGES WHERE (PAGE_ID IN \r\n									(SELECT PAGE_ID FROM EMPLOYEE_WEBPAGE \r\n										WHERE EMP_ID = 2)) AND (WEB_PAGES.STATUS = "active");', 'Linda Tweed', '2016-06-15 18:27:47', '192.168.0.42'),
(411, 'SELECT  STUDENTS.STU_ID, CONCAT(STUDENTS.STU_FIRST_NAME, " ", STUDENTS.STU_LAST_NAME) AS STU_NAME, STUDENTS.STU_BIRTHDATE, FLOOR(DATEDIFF(NOW(), STUDENTS.STU_BIRTHDATE)/365.25) AS STU_AGE, STUDENTS.STU_PHOTO FROM STUDENTS WHERE  STUDENTS.STU_ID NOT IN (SELECT STUDENT_ATTENDANCES.STU_ID FROM STUDENT_ATTENDANCES WHERE \r\n										STUDENT_ATTENDANCES.DATE_TIME >= CURDATE() AND \r\n										STUDENT_ATTENDANCES.DATE_TIME < (CURDATE() + INTERVAL 1 DAY) AND\r\n										STUDENT_ATTENDANCES.EVENT_TYPE = "In");', 'Linda Tweed', '2016-06-15 18:27:47', '192.168.0.42'),
(412, 'SELECT STUDENTS.STU_ID, CONCAT(STUDENTS.STU_FIRST_NAME, " ", STUDENTS.STU_LAST_NAME) AS STU_NAME, STUDENTS.STU_BIRTHDATE, FLOOR(DATEDIFF(NOW(), STUDENTS.STU_BIRTHDATE)/365.25) AS STU_AGE, STUDENTS.STU_PHOTO FROM STUDENTS WHERE (STUDENTS.STU_ID IN (SELECT STUDENT_ATTENDANCES.STU_ID FROM STUDENT_ATTENDANCES WHERE STUDENT_ATTENDANCES.DATE_TIME >= CURDATE() AND STUDENT_ATTENDANCES.DATE_TIME < (CURDATE() + INTERVAL 1 DAY) AND STUDENT_ATTENDANCES.EVENT_TYPE = "In")) AND (STUDENTS.STU_ID NOT IN (SELECT STUDENT_ATTENDANCES.STU_ID FROM STUDENT_ATTENDANCES WHERE STUDENT_ATTENDANCES.DATE_TIME >= CURDATE() AND STUDENT_ATTENDANCES.DATE_TIME < (CURDATE() + INTERVAL 1 DAY) AND STUDENT_ATTENDANCES.EVENT_TYPE = "Out"));', 'Linda Tweed', '2016-06-15 18:27:47', '192.168.0.42'),
(413, 'SELECT HREF FROM WEB_PAGES WHERE (PAGE_ID IN \r\n									(SELECT PAGE_ID FROM EMPLOYEE_WEBPAGE \r\n										WHERE EMP_ID = 2)) AND (WEB_PAGES.STATUS = "active");', 'Linda Tweed', '2016-06-15 18:28:07', '192.168.0.42'),
(414, 'SELECT  STUDENTS.STU_ID, CONCAT(STUDENTS.STU_FIRST_NAME, " ", STUDENTS.STU_LAST_NAME) AS STU_NAME, STUDENTS.STU_BIRTHDATE, FLOOR(DATEDIFF(NOW(), STUDENTS.STU_BIRTHDATE)/365.25) AS STU_AGE, STUDENTS.STU_PHOTO FROM STUDENTS WHERE  STUDENTS.STU_ID NOT IN (SELECT STUDENT_ATTENDANCES.STU_ID FROM STUDENT_ATTENDANCES WHERE \r\n										STUDENT_ATTENDANCES.DATE_TIME >= CURDATE() AND \r\n										STUDENT_ATTENDANCES.DATE_TIME < (CURDATE() + INTERVAL 1 DAY) AND\r\n										STUDENT_ATTENDANCES.EVENT_TYPE = "In");', 'Linda Tweed', '2016-06-15 18:28:07', '192.168.0.42'),
(415, 'SELECT STUDENTS.STU_ID, CONCAT(STUDENTS.STU_FIRST_NAME, " ", STUDENTS.STU_LAST_NAME) AS STU_NAME, STUDENTS.STU_BIRTHDATE, FLOOR(DATEDIFF(NOW(), STUDENTS.STU_BIRTHDATE)/365.25) AS STU_AGE, STUDENTS.STU_PHOTO FROM STUDENTS WHERE (STUDENTS.STU_ID IN (SELECT STUDENT_ATTENDANCES.STU_ID FROM STUDENT_ATTENDANCES WHERE STUDENT_ATTENDANCES.DATE_TIME >= CURDATE() AND STUDENT_ATTENDANCES.DATE_TIME < (CURDATE() + INTERVAL 1 DAY) AND STUDENT_ATTENDANCES.EVENT_TYPE = "In")) AND (STUDENTS.STU_ID NOT IN (SELECT STUDENT_ATTENDANCES.STU_ID FROM STUDENT_ATTENDANCES WHERE STUDENT_ATTENDANCES.DATE_TIME >= CURDATE() AND STUDENT_ATTENDANCES.DATE_TIME < (CURDATE() + INTERVAL 1 DAY) AND STUDENT_ATTENDANCES.EVENT_TYPE = "Out"));', 'Linda Tweed', '2016-06-15 18:28:07', '192.168.0.42'),
(416, 'SELECT  EMP_ID, EMP_FIRST_NAME, EMP_LAST_NAME, EMP_BIRTHDATE, EMP_PHONE1 FROM EMPLOYEES  WHERE EMP_PASSCODE="8772";', 'system', '2016-06-15 21:04:08', '192.168.0.42'),
(417, 'INSERT INTO EMPLOYEE_LOG_IOS(EMP_ID, EVENT_TYPE, DATE_TIME, IP_ADDR) VALUES(2, "In", NOW(), "192.168.0.42");', 'Linda Tweed', '2016-06-15 21:04:08', '192.168.0.42'),
(418, 'SELECT WEB_PAGES.PAGE_ID, WEB_PAGES.TAG_CLASS, WEB_PAGES.TYPE, WEB_PAGES.HREF, WEB_PAGES.ICON_URL, WEB_PAGES.TITLE, WEB_PAGES.STATUS FROM WEB_PAGES WHERE (WEB_PAGES.PAGE_ID IN \r\n									(SELECT PAGE_ID FROM EMPLOYEE_WEBPAGE \r\n										WHERE EMP_ID = 2)) AND (WEB_PAGES.STATUS = "active");', 'Linda Tweed', '2016-06-15 21:04:08', '192.168.0.42'),
(419, 'INSERT INTO EMPLOYEE_LOG_IOS(EMP_ID, EVENT_TYPE, DATE_TIME, IP_ADDR) VALUES(2, "Out", NOW(), "192.168.0.42");', 'Linda Tweed', '2016-06-15 21:04:13', '192.168.0.42'),
(420, 'SELECT  EMP_ID, EMP_FIRST_NAME, EMP_LAST_NAME, EMP_BIRTHDATE, EMP_PHONE1 FROM EMPLOYEES  WHERE EMP_PASSCODE="8772";', 'system', '2016-06-15 21:04:16', '192.168.0.42'),
(421, 'INSERT INTO EMPLOYEE_LOG_IOS(EMP_ID, EVENT_TYPE, DATE_TIME, IP_ADDR) VALUES(2, "In", NOW(), "192.168.0.42");', 'Linda Tweed', '2016-06-15 21:04:16', '192.168.0.42'),
(422, 'SELECT WEB_PAGES.PAGE_ID, WEB_PAGES.TAG_CLASS, WEB_PAGES.TYPE, WEB_PAGES.HREF, WEB_PAGES.ICON_URL, WEB_PAGES.TITLE, WEB_PAGES.STATUS FROM WEB_PAGES WHERE (WEB_PAGES.PAGE_ID IN \r\n									(SELECT PAGE_ID FROM EMPLOYEE_WEBPAGE \r\n										WHERE EMP_ID = 2)) AND (WEB_PAGES.STATUS = "active");', 'Linda Tweed', '2016-06-15 21:04:16', '192.168.0.42'),
(423, 'SELECT HREF FROM WEB_PAGES WHERE (PAGE_ID IN \r\n									(SELECT PAGE_ID FROM EMPLOYEE_WEBPAGE \r\n										WHERE EMP_ID = 2)) AND (WEB_PAGES.STATUS = "active");', 'Linda Tweed', '2016-06-15 21:04:20', '192.168.0.42'),
(424, 'SELECT  STUDENT_ATTENDANCES.STU_ATT_ID, CONCAT(STUDENTS.STU_FIRST_NAME, " ", STUDENTS.STU_LAST_NAME) AS STU_NAME, STUDENT_ATTENDANCES.EVENT_TYPE, STUDENT_ATTENDANCES.DATE_TIME, CONCAT(EMPLOYEES.EMP_FIRST_NAME, " ", EMPLOYEES.EMP_LAST_NAME) AS EMP_NAME, STUDENT_ATTENDANCES.IP_ADDR FROM STUDENT_ATTENDANCES, STUDENTS, EMPLOYEES WHERE STUDENTS.STU_ID = STUDENT_ATTENDANCES.STU_ID AND EMPLOYEES.EMP_ID = STUDENT_ATTENDANCES.EMP_ID ORDER BY STU_NAME ASC, STUDENT_ATTENDANCES.DATE_TIME DESC;', 'Linda Tweed', '2016-06-15 21:04:20', '192.168.0.42'),
(425, 'SELECT WEB_PAGES.PAGE_ID, WEB_PAGES.TAG_CLASS, WEB_PAGES.TYPE, WEB_PAGES.HREF, WEB_PAGES.ICON_URL, WEB_PAGES.TITLE, WEB_PAGES.STATUS FROM WEB_PAGES WHERE (WEB_PAGES.PAGE_ID IN \r\n									(SELECT PAGE_ID FROM EMPLOYEE_WEBPAGE \r\n										WHERE EMP_ID = 2)) AND (WEB_PAGES.STATUS = "active");', 'Linda Tweed', '2016-06-15 21:04:22', '192.168.0.42'),
(426, 'SELECT HREF FROM WEB_PAGES WHERE (PAGE_ID IN \r\n									(SELECT PAGE_ID FROM EMPLOYEE_WEBPAGE \r\n										WHERE EMP_ID = 2)) AND (WEB_PAGES.STATUS = "active");', 'Linda Tweed', '2016-06-15 21:04:23', '192.168.0.42'),
(427, 'SELECT  EDUCATOR_STUDENT.EDU_STU_ID, CONCAT(EMPLOYEES.EMP_FIRST_NAME, " ", EMPLOYEES.EMP_LAST_NAME) AS EMPLOYEE_NAME, CONCAT(STUDENTS.STU_FIRST_NAME, " ", STUDENTS.STU_LAST_NAME) AS STU_NAME, EDUCATOR_STUDENT.RESPONSITIVTY, EDUCATOR_STUDENT.START_DATE, EDUCATOR_STUDENT.END_DATE, EDUCATOR_STUDENT.NOTES FROM EDUCATOR_STUDENT JOIN EMPLOYEES ON EMPLOYEES.EMP_ID=EDUCATOR_STUDENT.EMP_ID JOIN STUDENTS ON STUDENTS.STU_ID=EDUCATOR_STUDENT.STU_ID WHERE EDUCATOR_STUDENT.EMP_ID=2;', 'Linda Tweed', '2016-06-15 21:04:23', '192.168.0.42'),
(428, 'SELECT WEB_PAGES.PAGE_ID, WEB_PAGES.TAG_CLASS, WEB_PAGES.TYPE, WEB_PAGES.HREF, WEB_PAGES.ICON_URL, WEB_PAGES.TITLE, WEB_PAGES.STATUS FROM WEB_PAGES WHERE (WEB_PAGES.PAGE_ID IN \r\n									(SELECT PAGE_ID FROM EMPLOYEE_WEBPAGE \r\n										WHERE EMP_ID = 2)) AND (WEB_PAGES.STATUS = "active");', 'Linda Tweed', '2016-06-15 21:04:25', '192.168.0.42'),
(429, 'SELECT HREF FROM WEB_PAGES WHERE (PAGE_ID IN \r\n									(SELECT PAGE_ID FROM EMPLOYEE_WEBPAGE \r\n										WHERE EMP_ID = 2)) AND (WEB_PAGES.STATUS = "active");', 'Linda Tweed', '2016-06-15 21:04:26', '192.168.0.42'),
(430, 'SELECT EMPLOYEES.EMP_ID, CONCAT(EMPLOYEES.EMP_FIRST_NAME, " ", EMPLOYEES.EMP_LAST_NAME) AS EMP_NAME, EMPLOYEES.EMP_BIRTHDATE, EMPLOYEES.EMP_PHONE1 EMP_PHONE, EMPLOYEES.EMP_PHOTO FROM EMPLOYEES WHERE (EMPLOYEES.EMP_ID IN (SELECT EMPLOYEE_ATTENDANCES.EMP_ID FROM EMPLOYEE_ATTENDANCES WHERE EMPLOYEE_ATTENDANCES.DATE_TIME >= CURDATE() AND EMPLOYEE_ATTENDANCES.DATE_TIME < (CURDATE() + INTERVAL 1 DAY) AND EMPLOYEE_ATTENDANCES.EVENT_TYPE = "In")) AND (EMPLOYEES.EMP_ID NOT IN (SELECT EMPLOYEE_ATTENDANCES.EMP_ID FROM EMPLOYEE_ATTENDANCES WHERE EMPLOYEE_ATTENDANCES.DATE_TIME >= CURDATE() AND EMPLOYEE_ATTENDANCES.DATE_TIME < (CURDATE() + INTERVAL 1 DAY) AND EMPLOYEE_ATTENDANCES.EVENT_TYPE = "Out")) AND (EMPLOYEES.EMP_POST_ID1 IN (3,4 ));', 'Linda Tweed', '2016-06-15 21:04:26', '192.168.0.42'),
(431, 'SELECT STUDENTS.STU_ID, CONCAT(STUDENTS.STU_FIRST_NAME, " ", STUDENTS.STU_LAST_NAME) AS STU_NAME, STUDENTS.STU_BIRTHDATE, FLOOR(DATEDIFF(NOW(), STUDENTS.STU_BIRTHDATE)/365.25) AS STU_AGE, STUDENTS.STU_PHOTO FROM STUDENTS WHERE (STUDENTS.STU_ID IN (SELECT STUDENT_ATTENDANCES.STU_ID FROM STUDENT_ATTENDANCES WHERE STUDENT_ATTENDANCES.DATE_TIME >= CURDATE() AND STUDENT_ATTENDANCES.DATE_TIME < (CURDATE() + INTERVAL 1 DAY) AND STUDENT_ATTENDANCES.EVENT_TYPE = "In")) AND (STUDENTS.STU_ID NOT IN (SELECT STUDENT_ATTENDANCES.STU_ID FROM STUDENT_ATTENDANCES WHERE STUDENT_ATTENDANCES.DATE_TIME >= CURDATE() AND STUDENT_ATTENDANCES.DATE_TIME < (CURDATE() + INTERVAL 1 DAY) AND STUDENT_ATTENDANCES.EVENT_TYPE = "Out"));', 'Linda Tweed', '2016-06-15 21:04:26', '192.168.0.42'),
(432, 'SELECT DISTINCT EMPLOYEES.EMP_ID, CONCAT(EMPLOYEES.EMP_FIRST_NAME, " ", EMPLOYEES.EMP_LAST_NAME) AS EMP_NAME, EMPLOYEES.EMP_BIRTHDATE, EMPLOYEES.EMP_PHONE1 EMP_PHONE, EMPLOYEES.EMP_PHOTO FROM EMPLOYEES WHERE ((EMPLOYEES.EMP_ID NOT IN (SELECT EMPLOYEE_ATTENDANCES.EMP_ID FROM EMPLOYEE_ATTENDANCES WHERE EMPLOYEE_ATTENDANCES.DATE_TIME >= CURDATE() AND EMPLOYEE_ATTENDANCES.DATE_TIME < (CURDATE() + INTERVAL 1 DAY) AND EMPLOYEE_ATTENDANCES.EVENT_TYPE = "In")) OR (EMPLOYEES.EMP_ID IN (SELECT EMPLOYEE_ATTENDANCES.EMP_ID FROM EMPLOYEE_ATTENDANCES WHERE EMPLOYEE_ATTENDANCES.DATE_TIME >= CURDATE() AND EMPLOYEE_ATTENDANCES.DATE_TIME < (CURDATE() + INTERVAL 1 DAY) AND EMPLOYEE_ATTENDANCES.EVENT_TYPE = "Out"))) AND (EMPLOYEES.EMP_POST_ID1 IN (3,4 ));', 'Linda Tweed', '2016-06-15 21:04:27', '192.168.0.42'),
(433, 'SELECT WEB_PAGES.PAGE_ID, WEB_PAGES.TAG_CLASS, WEB_PAGES.TYPE, WEB_PAGES.HREF, WEB_PAGES.ICON_URL, WEB_PAGES.TITLE, WEB_PAGES.STATUS FROM WEB_PAGES WHERE (WEB_PAGES.PAGE_ID IN \r\n									(SELECT PAGE_ID FROM EMPLOYEE_WEBPAGE \r\n										WHERE EMP_ID = 2)) AND (WEB_PAGES.STATUS = "active");', 'Linda Tweed', '2016-06-15 21:04:28', '192.168.0.42'),
(434, 'SELECT HREF FROM WEB_PAGES WHERE (PAGE_ID IN \r\n									(SELECT PAGE_ID FROM EMPLOYEE_WEBPAGE \r\n										WHERE EMP_ID = 2)) AND (WEB_PAGES.STATUS = "active");', 'Linda Tweed', '2016-06-15 21:04:32', '192.168.0.42'),
(435, 'SELECT  STUDENTS.STU_ID, CONCAT(STUDENTS.STU_FIRST_NAME, " ", STUDENTS.STU_LAST_NAME) AS STU_NAME, STUDENTS.STU_BIRTHDATE, FLOOR(DATEDIFF(NOW(), STUDENTS.STU_BIRTHDATE)/365.25) AS STU_AGE, STUDENTS.STU_PHOTO FROM STUDENTS WHERE  STUDENTS.STU_ID NOT IN (SELECT STUDENT_ATTENDANCES.STU_ID FROM STUDENT_ATTENDANCES WHERE \r\n										STUDENT_ATTENDANCES.DATE_TIME >= CURDATE() AND \r\n										STUDENT_ATTENDANCES.DATE_TIME < (CURDATE() + INTERVAL 1 DAY) AND\r\n										STUDENT_ATTENDANCES.EVENT_TYPE = "In");', 'Linda Tweed', '2016-06-15 21:04:32', '192.168.0.42'),
(436, 'SELECT STUDENTS.STU_ID, CONCAT(STUDENTS.STU_FIRST_NAME, " ", STUDENTS.STU_LAST_NAME) AS STU_NAME, STUDENTS.STU_BIRTHDATE, FLOOR(DATEDIFF(NOW(), STUDENTS.STU_BIRTHDATE)/365.25) AS STU_AGE, STUDENTS.STU_PHOTO FROM STUDENTS WHERE (STUDENTS.STU_ID IN (SELECT STUDENT_ATTENDANCES.STU_ID FROM STUDENT_ATTENDANCES WHERE STUDENT_ATTENDANCES.DATE_TIME >= CURDATE() AND STUDENT_ATTENDANCES.DATE_TIME < (CURDATE() + INTERVAL 1 DAY) AND STUDENT_ATTENDANCES.EVENT_TYPE = "In")) AND (STUDENTS.STU_ID NOT IN (SELECT STUDENT_ATTENDANCES.STU_ID FROM STUDENT_ATTENDANCES WHERE STUDENT_ATTENDANCES.DATE_TIME >= CURDATE() AND STUDENT_ATTENDANCES.DATE_TIME < (CURDATE() + INTERVAL 1 DAY) AND STUDENT_ATTENDANCES.EVENT_TYPE = "Out"));', 'Linda Tweed', '2016-06-15 21:04:32', '192.168.0.42'),
(437, 'SELECT WEB_PAGES.PAGE_ID, WEB_PAGES.TAG_CLASS, WEB_PAGES.TYPE, WEB_PAGES.HREF, WEB_PAGES.ICON_URL, WEB_PAGES.TITLE, WEB_PAGES.STATUS FROM WEB_PAGES WHERE (WEB_PAGES.PAGE_ID IN \r\n									(SELECT PAGE_ID FROM EMPLOYEE_WEBPAGE \r\n										WHERE EMP_ID = 2)) AND (WEB_PAGES.STATUS = "active");', 'Linda Tweed', '2016-06-15 21:04:59', '192.168.0.42'),
(438, 'SELECT HREF FROM WEB_PAGES WHERE (PAGE_ID IN \r\n									(SELECT PAGE_ID FROM EMPLOYEE_WEBPAGE \r\n										WHERE EMP_ID = 2)) AND (WEB_PAGES.STATUS = "active");', 'Linda Tweed', '2016-06-15 21:05:00', '192.168.0.42'),
(439, 'SELECT STUDENTS.STU_ID, CONCAT(STUDENTS.STU_FIRST_NAME, " ", STUDENTS.STU_LAST_NAME) AS STU_NAME, STUDENTS.STU_BIRTHDATE, FLOOR(DATEDIFF(NOW(), STUDENTS.STU_BIRTHDATE)/365.25) AS STU_AGE, STUDENTS.STU_PHOTO FROM STUDENTS WHERE (STUDENTS.STU_ID IN (SELECT STUDENT_ATTENDANCES.STU_ID FROM STUDENT_ATTENDANCES WHERE STUDENT_ATTENDANCES.DATE_TIME >= CURDATE() AND STUDENT_ATTENDANCES.DATE_TIME < (CURDATE() + INTERVAL 1 DAY) AND STUDENT_ATTENDANCES.EVENT_TYPE = "In")) AND (STUDENTS.STU_ID NOT IN (SELECT STUDENT_ATTENDANCES.STU_ID FROM STUDENT_ATTENDANCES WHERE STUDENT_ATTENDANCES.DATE_TIME >= CURDATE() AND STUDENT_ATTENDANCES.DATE_TIME < (CURDATE() + INTERVAL 1 DAY) AND STUDENT_ATTENDANCES.EVENT_TYPE = "Out"));', 'Linda Tweed', '2016-06-15 21:05:00', '192.168.0.42'),
(440, 'SELECT WEB_PAGES.PAGE_ID, WEB_PAGES.TAG_CLASS, WEB_PAGES.TYPE, WEB_PAGES.HREF, WEB_PAGES.ICON_URL, WEB_PAGES.TITLE, WEB_PAGES.STATUS FROM WEB_PAGES WHERE (WEB_PAGES.PAGE_ID IN \r\n									(SELECT PAGE_ID FROM EMPLOYEE_WEBPAGE \r\n										WHERE EMP_ID = 2)) AND (WEB_PAGES.STATUS = "active");', 'Linda Tweed', '2016-06-15 21:05:05', '192.168.0.42'),
(441, 'SELECT HREF FROM WEB_PAGES WHERE (PAGE_ID IN \r\n									(SELECT PAGE_ID FROM EMPLOYEE_WEBPAGE \r\n										WHERE EMP_ID = 2)) AND (WEB_PAGES.STATUS = "active");', 'Linda Tweed', '2016-06-15 21:05:35', '192.168.0.42'),
(442, 'SELECT  STUDENTS.STU_ID, CONCAT(STUDENTS.STU_FIRST_NAME, " ", STUDENTS.STU_LAST_NAME) AS STU_NAME, STUDENTS.STU_BIRTHDATE, FLOOR(DATEDIFF(NOW(), STUDENTS.STU_BIRTHDATE)/365.25) AS STU_AGE, STUDENTS.STU_PHOTO FROM STUDENTS WHERE  STUDENTS.STU_ID NOT IN (SELECT STUDENT_ATTENDANCES.STU_ID FROM STUDENT_ATTENDANCES WHERE \r\n										STUDENT_ATTENDANCES.DATE_TIME >= CURDATE() AND \r\n										STUDENT_ATTENDANCES.DATE_TIME < (CURDATE() + INTERVAL 1 DAY) AND\r\n										STUDENT_ATTENDANCES.EVENT_TYPE = "In");', 'Linda Tweed', '2016-06-15 21:05:35', '192.168.0.42'),
(443, 'SELECT STUDENTS.STU_ID, CONCAT(STUDENTS.STU_FIRST_NAME, " ", STUDENTS.STU_LAST_NAME) AS STU_NAME, STUDENTS.STU_BIRTHDATE, FLOOR(DATEDIFF(NOW(), STUDENTS.STU_BIRTHDATE)/365.25) AS STU_AGE, STUDENTS.STU_PHOTO FROM STUDENTS WHERE (STUDENTS.STU_ID IN (SELECT STUDENT_ATTENDANCES.STU_ID FROM STUDENT_ATTENDANCES WHERE STUDENT_ATTENDANCES.DATE_TIME >= CURDATE() AND STUDENT_ATTENDANCES.DATE_TIME < (CURDATE() + INTERVAL 1 DAY) AND STUDENT_ATTENDANCES.EVENT_TYPE = "In")) AND (STUDENTS.STU_ID NOT IN (SELECT STUDENT_ATTENDANCES.STU_ID FROM STUDENT_ATTENDANCES WHERE STUDENT_ATTENDANCES.DATE_TIME >= CURDATE() AND STUDENT_ATTENDANCES.DATE_TIME < (CURDATE() + INTERVAL 1 DAY) AND STUDENT_ATTENDANCES.EVENT_TYPE = "Out"));', 'Linda Tweed', '2016-06-15 21:05:35', '192.168.0.42'),
(444, 'SELECT WEB_PAGES.PAGE_ID, WEB_PAGES.TAG_CLASS, WEB_PAGES.TYPE, WEB_PAGES.HREF, WEB_PAGES.ICON_URL, WEB_PAGES.TITLE, WEB_PAGES.STATUS FROM WEB_PAGES WHERE (WEB_PAGES.PAGE_ID IN \r\n									(SELECT PAGE_ID FROM EMPLOYEE_WEBPAGE \r\n										WHERE EMP_ID = 2)) AND (WEB_PAGES.STATUS = "active");', 'Linda Tweed', '2016-06-15 21:05:39', '192.168.0.42'),
(445, 'SELECT HREF FROM WEB_PAGES WHERE (PAGE_ID IN \r\n									(SELECT PAGE_ID FROM EMPLOYEE_WEBPAGE \r\n										WHERE EMP_ID = 2)) AND (WEB_PAGES.STATUS = "active");', 'Linda Tweed', '2016-06-15 21:05:41', '192.168.0.42'),
(446, 'SELECT  STUDENT_ATTENDANCES.STU_ATT_ID, CONCAT(STUDENTS.STU_FIRST_NAME, " ", STUDENTS.STU_LAST_NAME) AS STU_NAME, STUDENT_ATTENDANCES.EVENT_TYPE, STUDENT_ATTENDANCES.DATE_TIME, CONCAT(EMPLOYEES.EMP_FIRST_NAME, " ", EMPLOYEES.EMP_LAST_NAME) AS EMP_NAME, STUDENT_ATTENDANCES.IP_ADDR FROM STUDENT_ATTENDANCES, STUDENTS, EMPLOYEES WHERE STUDENTS.STU_ID = STUDENT_ATTENDANCES.STU_ID AND EMPLOYEES.EMP_ID = STUDENT_ATTENDANCES.EMP_ID ORDER BY STU_NAME ASC, STUDENT_ATTENDANCES.DATE_TIME DESC;', 'Linda Tweed', '2016-06-15 21:05:41', '192.168.0.42'),
(447, 'SELECT WEB_PAGES.PAGE_ID, WEB_PAGES.TAG_CLASS, WEB_PAGES.TYPE, WEB_PAGES.HREF, WEB_PAGES.ICON_URL, WEB_PAGES.TITLE, WEB_PAGES.STATUS FROM WEB_PAGES WHERE (WEB_PAGES.PAGE_ID IN \r\n									(SELECT PAGE_ID FROM EMPLOYEE_WEBPAGE \r\n										WHERE EMP_ID = 2)) AND (WEB_PAGES.STATUS = "active");', 'Linda Tweed', '2016-06-15 21:05:44', '192.168.0.42'),
(448, 'SELECT HREF FROM WEB_PAGES WHERE (PAGE_ID IN \r\n									(SELECT PAGE_ID FROM EMPLOYEE_WEBPAGE \r\n										WHERE EMP_ID = 2)) AND (WEB_PAGES.STATUS = "active");', 'Linda Tweed', '2016-06-15 21:05:46', '192.168.0.42'),
(449, 'SELECT  EDUCATOR_STUDENT.EDU_STU_ID, CONCAT(EMPLOYEES.EMP_FIRST_NAME, " ", EMPLOYEES.EMP_LAST_NAME) AS EMPLOYEE_NAME, CONCAT(STUDENTS.STU_FIRST_NAME, " ", STUDENTS.STU_LAST_NAME) AS STU_NAME, EDUCATOR_STUDENT.RESPONSITIVTY, EDUCATOR_STUDENT.START_DATE, EDUCATOR_STUDENT.END_DATE, EDUCATOR_STUDENT.NOTES FROM EDUCATOR_STUDENT JOIN EMPLOYEES ON EMPLOYEES.EMP_ID=EDUCATOR_STUDENT.EMP_ID JOIN STUDENTS ON STUDENTS.STU_ID=EDUCATOR_STUDENT.STU_ID WHERE EDUCATOR_STUDENT.EMP_ID=2;', 'Linda Tweed', '2016-06-15 21:05:46', '192.168.0.42'),
(450, 'SELECT WEB_PAGES.PAGE_ID, WEB_PAGES.TAG_CLASS, WEB_PAGES.TYPE, WEB_PAGES.HREF, WEB_PAGES.ICON_URL, WEB_PAGES.TITLE, WEB_PAGES.STATUS FROM WEB_PAGES WHERE (WEB_PAGES.PAGE_ID IN \r\n									(SELECT PAGE_ID FROM EMPLOYEE_WEBPAGE \r\n										WHERE EMP_ID = 2)) AND (WEB_PAGES.STATUS = "active");', 'Linda Tweed', '2016-06-15 21:05:48', '192.168.0.42'),
(451, 'INSERT INTO EMPLOYEE_LOG_IOS(EMP_ID, EVENT_TYPE, DATE_TIME, IP_ADDR) VALUES(2, "Out", NOW(), "192.168.0.42");', 'Linda Tweed', '2016-06-15 21:05:52', '192.168.0.42'),
(452, 'SELECT  EMP_ID, EMP_FIRST_NAME, EMP_LAST_NAME, EMP_BIRTHDATE, EMP_PHONE1 FROM EMPLOYEES  WHERE EMP_PASSCODE="1357";', 'system', '2016-06-15 21:07:03', '192.168.0.42'),
(453, 'INSERT INTO EMPLOYEE_LOG_IOS(EMP_ID, EVENT_TYPE, DATE_TIME, IP_ADDR) VALUES(6, "In", NOW(), "192.168.0.42");', 'Super User', '2016-06-15 21:07:03', '192.168.0.42'),
(454, 'SELECT WEB_PAGES.PAGE_ID, WEB_PAGES.TAG_CLASS, WEB_PAGES.TYPE, WEB_PAGES.HREF, WEB_PAGES.ICON_URL, WEB_PAGES.TITLE, WEB_PAGES.STATUS FROM WEB_PAGES WHERE (WEB_PAGES.PAGE_ID IN \r\n									(SELECT PAGE_ID FROM EMPLOYEE_WEBPAGE \r\n										WHERE EMP_ID = 6)) AND (WEB_PAGES.STATUS = "active");', 'Super User', '2016-06-15 21:07:03', '192.168.0.42'),
(455, 'SELECT HREF FROM WEB_PAGES WHERE (PAGE_ID IN \r\n									(SELECT PAGE_ID FROM EMPLOYEE_WEBPAGE \r\n										WHERE EMP_ID = 6)) AND (WEB_PAGES.STATUS = "active");', 'Super User', '2016-06-15 21:07:07', '192.168.0.42'),
(456, 'SELECT  * FROM DB_QUERY_LOGS ORDER BY DATE_TIME DESC;', 'Super User', '2016-06-15 21:07:07', '192.168.0.42'),
(457, 'SELECT WEB_PAGES.PAGE_ID, WEB_PAGES.TAG_CLASS, WEB_PAGES.TYPE, WEB_PAGES.HREF, WEB_PAGES.ICON_URL, WEB_PAGES.TITLE, WEB_PAGES.STATUS FROM WEB_PAGES WHERE (WEB_PAGES.PAGE_ID IN \r\n									(SELECT PAGE_ID FROM EMPLOYEE_WEBPAGE \r\n										WHERE EMP_ID = 6)) AND (WEB_PAGES.STATUS = "active");', 'Super User', '2016-06-15 21:07:17', '192.168.0.42'),
(458, 'SELECT HREF FROM WEB_PAGES WHERE (PAGE_ID IN \r\n									(SELECT PAGE_ID FROM EMPLOYEE_WEBPAGE \r\n										WHERE EMP_ID = 6)) AND (WEB_PAGES.STATUS = "active");', 'Super User', '2016-06-15 21:07:22', '192.168.0.42'),
(459, 'SELECT  STUDENTS.STU_ID, CONCAT(STUDENTS.STU_FIRST_NAME, " ", STUDENTS.STU_LAST_NAME) AS STU_NAME, STUDENTS.STU_BIRTHDATE, FLOOR(DATEDIFF(NOW(), STUDENTS.STU_BIRTHDATE)/365.25) AS STU_AGE, STUDENTS.STU_PHOTO FROM STUDENTS WHERE  STUDENTS.STU_ID NOT IN (SELECT STUDENT_ATTENDANCES.STU_ID FROM STUDENT_ATTENDANCES WHERE \r\n										STUDENT_ATTENDANCES.DATE_TIME >= CURDATE() AND \r\n										STUDENT_ATTENDANCES.DATE_TIME < (CURDATE() + INTERVAL 1 DAY) AND\r\n										STUDENT_ATTENDANCES.EVENT_TYPE = "In");', 'Super User', '2016-06-15 21:07:22', '192.168.0.42'),
(460, 'SELECT STUDENTS.STU_ID, CONCAT(STUDENTS.STU_FIRST_NAME, " ", STUDENTS.STU_LAST_NAME) AS STU_NAME, STUDENTS.STU_BIRTHDATE, FLOOR(DATEDIFF(NOW(), STUDENTS.STU_BIRTHDATE)/365.25) AS STU_AGE, STUDENTS.STU_PHOTO FROM STUDENTS WHERE (STUDENTS.STU_ID IN (SELECT STUDENT_ATTENDANCES.STU_ID FROM STUDENT_ATTENDANCES WHERE STUDENT_ATTENDANCES.DATE_TIME >= CURDATE() AND STUDENT_ATTENDANCES.DATE_TIME < (CURDATE() + INTERVAL 1 DAY) AND STUDENT_ATTENDANCES.EVENT_TYPE = "In")) AND (STUDENTS.STU_ID NOT IN (SELECT STUDENT_ATTENDANCES.STU_ID FROM STUDENT_ATTENDANCES WHERE STUDENT_ATTENDANCES.DATE_TIME >= CURDATE() AND STUDENT_ATTENDANCES.DATE_TIME < (CURDATE() + INTERVAL 1 DAY) AND STUDENT_ATTENDANCES.EVENT_TYPE = "Out"));', 'Super User', '2016-06-15 21:07:22', '192.168.0.42'),
(461, 'SELECT WEB_PAGES.PAGE_ID, WEB_PAGES.TAG_CLASS, WEB_PAGES.TYPE, WEB_PAGES.HREF, WEB_PAGES.ICON_URL, WEB_PAGES.TITLE, WEB_PAGES.STATUS FROM WEB_PAGES WHERE (WEB_PAGES.PAGE_ID IN \r\n									(SELECT PAGE_ID FROM EMPLOYEE_WEBPAGE \r\n										WHERE EMP_ID = 6)) AND (WEB_PAGES.STATUS = "active");', 'Super User', '2016-06-15 21:07:23', '192.168.0.42'),
(462, 'SELECT HREF FROM WEB_PAGES WHERE (PAGE_ID IN \r\n									(SELECT PAGE_ID FROM EMPLOYEE_WEBPAGE \r\n										WHERE EMP_ID = 6)) AND (WEB_PAGES.STATUS = "active");', 'Super User', '2016-06-15 21:07:25', '192.168.0.42'),
(463, 'SELECT  EM_LOG_F_ID, IP_ADDR, PASSCODE, DATE_TIME FROM EMPLOYEE_LOG_FAILURES ORDER BY DATE_TIME DESC;', 'Super User', '2016-06-15 21:07:25', '192.168.0.42'),
(464, 'SELECT WEB_PAGES.PAGE_ID, WEB_PAGES.TAG_CLASS, WEB_PAGES.TYPE, WEB_PAGES.HREF, WEB_PAGES.ICON_URL, WEB_PAGES.TITLE, WEB_PAGES.STATUS FROM WEB_PAGES WHERE (WEB_PAGES.PAGE_ID IN \r\n									(SELECT PAGE_ID FROM EMPLOYEE_WEBPAGE \r\n										WHERE EMP_ID = 6)) AND (WEB_PAGES.STATUS = "active");', 'Super User', '2016-06-15 21:07:32', '192.168.0.42'),
(465, 'SELECT HREF FROM WEB_PAGES WHERE (PAGE_ID IN \r\n									(SELECT PAGE_ID FROM EMPLOYEE_WEBPAGE \r\n										WHERE EMP_ID = 6)) AND (WEB_PAGES.STATUS = "active");', 'Super User', '2016-06-15 21:07:35', '192.168.0.42'),
(466, 'SELECT  * FROM DB_QUERY_LOGS ORDER BY DATE_TIME DESC;', 'Super User', '2016-06-15 21:07:35', '192.168.0.42'),
(467, 'SELECT WEB_PAGES.PAGE_ID, WEB_PAGES.TAG_CLASS, WEB_PAGES.TYPE, WEB_PAGES.HREF, WEB_PAGES.ICON_URL, WEB_PAGES.TITLE, WEB_PAGES.STATUS FROM WEB_PAGES WHERE (WEB_PAGES.PAGE_ID IN \r\n									(SELECT PAGE_ID FROM EMPLOYEE_WEBPAGE \r\n										WHERE EMP_ID = 6)) AND (WEB_PAGES.STATUS = "active");', 'Super User', '2016-06-15 21:07:43', '192.168.0.42'),
(468, 'SELECT HREF FROM WEB_PAGES WHERE (PAGE_ID IN \r\n									(SELECT PAGE_ID FROM EMPLOYEE_WEBPAGE \r\n										WHERE EMP_ID = 6)) AND (WEB_PAGES.STATUS = "active");', 'Super User', '2016-06-15 21:07:46', '192.168.0.42'),
(469, 'SELECT  * FROM EMPLOYEES ORDER BY EMP_FIRST_NAME ASC;', 'Super User', '2016-06-15 21:07:46', '192.168.0.42'),
(470, 'SELECT WEB_PAGES.PAGE_ID, WEB_PAGES.TAG_CLASS, WEB_PAGES.TYPE, WEB_PAGES.HREF, WEB_PAGES.ICON_URL, WEB_PAGES.TITLE, WEB_PAGES.STATUS FROM WEB_PAGES WHERE (WEB_PAGES.PAGE_ID IN \r\n									(SELECT PAGE_ID FROM EMPLOYEE_WEBPAGE \r\n										WHERE EMP_ID = 6)) AND (WEB_PAGES.STATUS = "active");', 'Super User', '2016-06-15 21:07:56', '192.168.0.42'),
(471, 'SELECT HREF FROM WEB_PAGES WHERE (PAGE_ID IN \r\n									(SELECT PAGE_ID FROM EMPLOYEE_WEBPAGE \r\n										WHERE EMP_ID = 6)) AND (WEB_PAGES.STATUS = "active");', 'Super User', '2016-06-15 21:08:01', '192.168.0.42'),
(472, 'SELECT  EMPLOYEE_ATTENDANCES.EMP_ATT_ID, EMPLOYEES.EMP_FIRST_NAME, EMPLOYEES.EMP_LAST_NAME, EMPLOYEE_ATTENDANCES.EVENT_TYPE, EMPLOYEE_ATTENDANCES.DATE_TIME, EMPLOYEE_ATTENDANCES.IP_ADDR FROM EMPLOYEE_ATTENDANCES, EMPLOYEES WHERE EMPLOYEE_ATTENDANCES.EMP_ID=6 AND EMPLOYEE_ATTENDANCES.EMP_ID=EMPLOYEES.EMP_ID ORDER BY EMPLOYEE_ATTENDANCES.DATE_TIME DESC;', 'Super User', '2016-06-15 21:08:01', '192.168.0.42'),
(473, 'SELECT WEB_PAGES.PAGE_ID, WEB_PAGES.TAG_CLASS, WEB_PAGES.TYPE, WEB_PAGES.HREF, WEB_PAGES.ICON_URL, WEB_PAGES.TITLE, WEB_PAGES.STATUS FROM WEB_PAGES WHERE (WEB_PAGES.PAGE_ID IN \r\n									(SELECT PAGE_ID FROM EMPLOYEE_WEBPAGE \r\n										WHERE EMP_ID = 6)) AND (WEB_PAGES.STATUS = "active");', 'Super User', '2016-06-15 21:08:03', '192.168.0.42'),
(474, 'SELECT HREF FROM WEB_PAGES WHERE (PAGE_ID IN \r\n									(SELECT PAGE_ID FROM EMPLOYEE_WEBPAGE \r\n										WHERE EMP_ID = 6)) AND (WEB_PAGES.STATUS = "active");', 'Super User', '2016-06-15 21:08:05', '192.168.0.42'),
(475, 'SELECT  STUDENT_ATTENDANCES.STU_ATT_ID, CONCAT(STUDENTS.STU_FIRST_NAME, " ", STUDENTS.STU_LAST_NAME) AS STU_NAME, STUDENT_ATTENDANCES.EVENT_TYPE, STUDENT_ATTENDANCES.DATE_TIME, CONCAT(EMPLOYEES.EMP_FIRST_NAME, " ", EMPLOYEES.EMP_LAST_NAME) AS EMP_NAME, STUDENT_ATTENDANCES.IP_ADDR FROM STUDENT_ATTENDANCES, STUDENTS, EMPLOYEES WHERE STUDENTS.STU_ID = STUDENT_ATTENDANCES.STU_ID AND EMPLOYEES.EMP_ID = STUDENT_ATTENDANCES.EMP_ID ORDER BY STU_NAME ASC, STUDENT_ATTENDANCES.DATE_TIME DESC;', 'Super User', '2016-06-15 21:08:05', '192.168.0.42'),
(476, 'SELECT WEB_PAGES.PAGE_ID, WEB_PAGES.TAG_CLASS, WEB_PAGES.TYPE, WEB_PAGES.HREF, WEB_PAGES.ICON_URL, WEB_PAGES.TITLE, WEB_PAGES.STATUS FROM WEB_PAGES WHERE (WEB_PAGES.PAGE_ID IN \r\n									(SELECT PAGE_ID FROM EMPLOYEE_WEBPAGE \r\n										WHERE EMP_ID = 6)) AND (WEB_PAGES.STATUS = "active");', 'Super User', '2016-06-15 21:08:06', '192.168.0.42'),
(477, 'SELECT HREF FROM WEB_PAGES WHERE (PAGE_ID IN \r\n									(SELECT PAGE_ID FROM EMPLOYEE_WEBPAGE \r\n										WHERE EMP_ID = 6)) AND (WEB_PAGES.STATUS = "active");', 'Super User', '2016-06-15 21:08:09', '192.168.0.42');
INSERT INTO `db_query_logs` (`DB_QL_ID`, `QUERY_STR`, `USER_NAME`, `DATE_TIME`, `IP_ADDR`) VALUES
(478, 'SELECT  * FROM STUDENTS ORDER BY STU_FIRST_NAME ASC;', 'Super User', '2016-06-15 21:08:09', '192.168.0.42'),
(479, 'SELECT WEB_PAGES.PAGE_ID, WEB_PAGES.TAG_CLASS, WEB_PAGES.TYPE, WEB_PAGES.HREF, WEB_PAGES.ICON_URL, WEB_PAGES.TITLE, WEB_PAGES.STATUS FROM WEB_PAGES WHERE (WEB_PAGES.PAGE_ID IN \r\n									(SELECT PAGE_ID FROM EMPLOYEE_WEBPAGE \r\n										WHERE EMP_ID = 6)) AND (WEB_PAGES.STATUS = "active");', 'Super User', '2016-06-15 21:08:17', '192.168.0.42'),
(480, 'SELECT HREF FROM WEB_PAGES WHERE (PAGE_ID IN \r\n									(SELECT PAGE_ID FROM EMPLOYEE_WEBPAGE \r\n										WHERE EMP_ID = 6)) AND (WEB_PAGES.STATUS = "active");', 'Super User', '2016-06-15 21:08:48', '192.168.0.42'),
(481, 'SELECT  EMPLOYEE_LOG_IOS.EMP_LOGS_ID, EMPLOYEES.EMP_FIRST_NAME, EMPLOYEES.EMP_LAST_NAME, EMPLOYEE_LOG_IOS.EVENT_TYPE, EMPLOYEE_LOG_IOS.DATE_TIME, EMPLOYEE_LOG_IOS.IP_ADDR FROM EMPLOYEE_LOG_IOS, EMPLOYEES WHERE EMPLOYEE_LOG_IOS.EMP_ID=6 AND EMPLOYEE_LOG_IOS.EMP_ID=EMPLOYEES.EMP_ID ORDER BY EMPLOYEE_LOG_IOS.DATE_TIME DESC;', 'Super User', '2016-06-15 21:08:48', '192.168.0.42'),
(482, 'SELECT WEB_PAGES.PAGE_ID, WEB_PAGES.TAG_CLASS, WEB_PAGES.TYPE, WEB_PAGES.HREF, WEB_PAGES.ICON_URL, WEB_PAGES.TITLE, WEB_PAGES.STATUS FROM WEB_PAGES WHERE (WEB_PAGES.PAGE_ID IN \r\n									(SELECT PAGE_ID FROM EMPLOYEE_WEBPAGE \r\n										WHERE EMP_ID = 6)) AND (WEB_PAGES.STATUS = "active");', 'Super User', '2016-06-15 21:08:51', '192.168.0.42'),
(483, 'SELECT HREF FROM WEB_PAGES WHERE (PAGE_ID IN \r\n									(SELECT PAGE_ID FROM EMPLOYEE_WEBPAGE \r\n										WHERE EMP_ID = 6)) AND (WEB_PAGES.STATUS = "active");', 'Super User', '2016-06-15 21:09:17', '192.168.0.42'),
(484, 'SELECT  * FROM ACTIVITIES ORDER BY ACT_TYPE_ID ASC , ACT_SUBTYPE_ID ASC;', 'Super User', '2016-06-15 21:09:17', '192.168.0.42'),
(485, 'SELECT WEB_PAGES.PAGE_ID, WEB_PAGES.TAG_CLASS, WEB_PAGES.TYPE, WEB_PAGES.HREF, WEB_PAGES.ICON_URL, WEB_PAGES.TITLE, WEB_PAGES.STATUS FROM WEB_PAGES WHERE (WEB_PAGES.PAGE_ID IN \r\n									(SELECT PAGE_ID FROM EMPLOYEE_WEBPAGE \r\n										WHERE EMP_ID = 6)) AND (WEB_PAGES.STATUS = "active");', 'Super User', '2016-06-15 21:09:19', '192.168.0.42'),
(486, 'SELECT HREF FROM WEB_PAGES WHERE (PAGE_ID IN \r\n									(SELECT PAGE_ID FROM EMPLOYEE_WEBPAGE \r\n										WHERE EMP_ID = 6)) AND (WEB_PAGES.STATUS = "active");', 'Super User', '2016-06-15 21:09:21', '192.168.0.42'),
(487, 'SELECT  * FROM EDUCATIONS ORDER BY EDU_ID ASC;', 'Super User', '2016-06-15 21:09:21', '192.168.0.42'),
(488, 'SELECT WEB_PAGES.PAGE_ID, WEB_PAGES.TAG_CLASS, WEB_PAGES.TYPE, WEB_PAGES.HREF, WEB_PAGES.ICON_URL, WEB_PAGES.TITLE, WEB_PAGES.STATUS FROM WEB_PAGES WHERE (WEB_PAGES.PAGE_ID IN \r\n									(SELECT PAGE_ID FROM EMPLOYEE_WEBPAGE \r\n										WHERE EMP_ID = 6)) AND (WEB_PAGES.STATUS = "active");', 'Super User', '2016-06-15 21:09:23', '192.168.0.42'),
(489, 'SELECT HREF FROM WEB_PAGES WHERE (PAGE_ID IN \r\n									(SELECT PAGE_ID FROM EMPLOYEE_WEBPAGE \r\n										WHERE EMP_ID = 6)) AND (WEB_PAGES.STATUS = "active");', 'Super User', '2016-06-15 21:09:24', '192.168.0.42'),
(490, 'SELECT  * FROM POSITIONS ORDER BY POS_ID ASC;', 'Super User', '2016-06-15 21:09:24', '192.168.0.42'),
(491, 'SELECT WEB_PAGES.PAGE_ID, WEB_PAGES.TAG_CLASS, WEB_PAGES.TYPE, WEB_PAGES.HREF, WEB_PAGES.ICON_URL, WEB_PAGES.TITLE, WEB_PAGES.STATUS FROM WEB_PAGES WHERE (WEB_PAGES.PAGE_ID IN \r\n									(SELECT PAGE_ID FROM EMPLOYEE_WEBPAGE \r\n										WHERE EMP_ID = 6)) AND (WEB_PAGES.STATUS = "active");', 'Super User', '2016-06-15 21:09:26', '192.168.0.42'),
(492, 'SELECT HREF FROM WEB_PAGES WHERE (PAGE_ID IN \r\n									(SELECT PAGE_ID FROM EMPLOYEE_WEBPAGE \r\n										WHERE EMP_ID = 6)) AND (WEB_PAGES.STATUS = "active");', 'Super User', '2016-06-15 21:09:28', '192.168.0.42'),
(493, 'SELECT  * FROM POSITIONS ORDER BY POS_ID ASC;', 'Super User', '2016-06-15 21:09:28', '192.168.0.42'),
(494, 'SELECT WEB_PAGES.PAGE_ID, WEB_PAGES.TAG_CLASS, WEB_PAGES.TYPE, WEB_PAGES.HREF, WEB_PAGES.ICON_URL, WEB_PAGES.TITLE, WEB_PAGES.STATUS FROM WEB_PAGES WHERE (WEB_PAGES.PAGE_ID IN \r\n									(SELECT PAGE_ID FROM EMPLOYEE_WEBPAGE \r\n										WHERE EMP_ID = 6)) AND (WEB_PAGES.STATUS = "active");', 'Super User', '2016-06-15 21:09:32', '192.168.0.42'),
(495, 'INSERT INTO EMPLOYEE_LOG_IOS(EMP_ID, EVENT_TYPE, DATE_TIME, IP_ADDR) VALUES(6, "Out", NOW(), "192.168.0.42");', 'Super User', '2016-06-15 21:10:12', '192.168.0.42'),
(496, 'SELECT  EMP_ID, EMP_FIRST_NAME, EMP_LAST_NAME, EMP_BIRTHDATE, EMP_PHONE1 FROM EMPLOYEES  WHERE EMP_PASSCODE="8772";', 'system', '2016-06-15 21:10:18', '192.168.0.42'),
(497, 'INSERT INTO EMPLOYEE_LOG_IOS(EMP_ID, EVENT_TYPE, DATE_TIME, IP_ADDR) VALUES(2, "In", NOW(), "192.168.0.42");', 'Linda Tweed', '2016-06-15 21:10:18', '192.168.0.42'),
(498, 'SELECT WEB_PAGES.PAGE_ID, WEB_PAGES.TAG_CLASS, WEB_PAGES.TYPE, WEB_PAGES.HREF, WEB_PAGES.ICON_URL, WEB_PAGES.TITLE, WEB_PAGES.STATUS FROM WEB_PAGES WHERE (WEB_PAGES.PAGE_ID IN \r\n									(SELECT PAGE_ID FROM EMPLOYEE_WEBPAGE \r\n										WHERE EMP_ID = 2)) AND (WEB_PAGES.STATUS = "active");', 'Linda Tweed', '2016-06-15 21:10:18', '192.168.0.42'),
(499, 'SELECT HREF FROM WEB_PAGES WHERE (PAGE_ID IN \r\n									(SELECT PAGE_ID FROM EMPLOYEE_WEBPAGE \r\n										WHERE EMP_ID = 2)) AND (WEB_PAGES.STATUS = "active");', 'Linda Tweed', '2016-06-15 21:10:30', '192.168.0.42'),
(500, 'SELECT  STUDENTS.STU_ID, CONCAT(STUDENTS.STU_FIRST_NAME, " ", STUDENTS.STU_LAST_NAME) AS STU_NAME, STUDENTS.STU_BIRTHDATE, FLOOR(DATEDIFF(NOW(), STUDENTS.STU_BIRTHDATE)/365.25) AS STU_AGE, STUDENTS.STU_PHOTO FROM STUDENTS WHERE  STUDENTS.STU_ID NOT IN (SELECT STUDENT_ATTENDANCES.STU_ID FROM STUDENT_ATTENDANCES WHERE \r\n										STUDENT_ATTENDANCES.DATE_TIME >= CURDATE() AND \r\n										STUDENT_ATTENDANCES.DATE_TIME < (CURDATE() + INTERVAL 1 DAY) AND\r\n										STUDENT_ATTENDANCES.EVENT_TYPE = "In");', 'Linda Tweed', '2016-06-15 21:10:30', '192.168.0.42'),
(501, 'SELECT STUDENTS.STU_ID, CONCAT(STUDENTS.STU_FIRST_NAME, " ", STUDENTS.STU_LAST_NAME) AS STU_NAME, STUDENTS.STU_BIRTHDATE, FLOOR(DATEDIFF(NOW(), STUDENTS.STU_BIRTHDATE)/365.25) AS STU_AGE, STUDENTS.STU_PHOTO FROM STUDENTS WHERE (STUDENTS.STU_ID IN (SELECT STUDENT_ATTENDANCES.STU_ID FROM STUDENT_ATTENDANCES WHERE STUDENT_ATTENDANCES.DATE_TIME >= CURDATE() AND STUDENT_ATTENDANCES.DATE_TIME < (CURDATE() + INTERVAL 1 DAY) AND STUDENT_ATTENDANCES.EVENT_TYPE = "In")) AND (STUDENTS.STU_ID NOT IN (SELECT STUDENT_ATTENDANCES.STU_ID FROM STUDENT_ATTENDANCES WHERE STUDENT_ATTENDANCES.DATE_TIME >= CURDATE() AND STUDENT_ATTENDANCES.DATE_TIME < (CURDATE() + INTERVAL 1 DAY) AND STUDENT_ATTENDANCES.EVENT_TYPE = "Out"));', 'Linda Tweed', '2016-06-15 21:10:30', '192.168.0.42'),
(502, 'SELECT WEB_PAGES.PAGE_ID, WEB_PAGES.TAG_CLASS, WEB_PAGES.TYPE, WEB_PAGES.HREF, WEB_PAGES.ICON_URL, WEB_PAGES.TITLE, WEB_PAGES.STATUS FROM WEB_PAGES WHERE (WEB_PAGES.PAGE_ID IN \r\n									(SELECT PAGE_ID FROM EMPLOYEE_WEBPAGE \r\n										WHERE EMP_ID = 2)) AND (WEB_PAGES.STATUS = "active");', 'Linda Tweed', '2016-06-15 21:11:24', '192.168.0.42'),
(503, 'SELECT WEB_PAGES.PAGE_ID, WEB_PAGES.TAG_CLASS, WEB_PAGES.TYPE, WEB_PAGES.HREF, WEB_PAGES.ICON_URL, WEB_PAGES.TITLE, WEB_PAGES.STATUS FROM WEB_PAGES WHERE (WEB_PAGES.PAGE_ID IN \r\n									(SELECT PAGE_ID FROM EMPLOYEE_WEBPAGE \r\n										WHERE EMP_ID = 2)) AND (WEB_PAGES.STATUS = "active");', 'Linda Tweed', '2016-06-16 09:26:10', '192.168.0.42'),
(504, 'INSERT INTO EMPLOYEE_LOG_IOS(EMP_ID, EVENT_TYPE, DATE_TIME, IP_ADDR) VALUES(2, "Out", NOW(), "192.168.0.42");', 'Linda Tweed', '2016-06-16 09:26:12', '192.168.0.42'),
(505, 'SELECT  EMP_ID, EMP_FIRST_NAME, EMP_LAST_NAME, EMP_BIRTHDATE, EMP_PHONE1 FROM EMPLOYEES  WHERE EMP_PASSCODE="8772";', 'system', '2016-06-16 09:26:15', '192.168.0.42'),
(506, 'INSERT INTO EMPLOYEE_LOG_IOS(EMP_ID, EVENT_TYPE, DATE_TIME, IP_ADDR) VALUES(2, "In", NOW(), "192.168.0.42");', 'Linda Tweed', '2016-06-16 09:26:15', '192.168.0.42'),
(507, 'SELECT WEB_PAGES.PAGE_ID, WEB_PAGES.TAG_CLASS, WEB_PAGES.TYPE, WEB_PAGES.HREF, WEB_PAGES.ICON_URL, WEB_PAGES.TITLE, WEB_PAGES.STATUS FROM WEB_PAGES WHERE (WEB_PAGES.PAGE_ID IN \r\n									(SELECT PAGE_ID FROM EMPLOYEE_WEBPAGE \r\n										WHERE EMP_ID = 2)) AND (WEB_PAGES.STATUS = "active");', 'Linda Tweed', '2016-06-16 09:26:15', '192.168.0.42'),
(508, 'SELECT HREF FROM WEB_PAGES WHERE (PAGE_ID IN \r\n									(SELECT PAGE_ID FROM EMPLOYEE_WEBPAGE \r\n										WHERE EMP_ID = 2)) AND (WEB_PAGES.STATUS = "active");', 'Linda Tweed', '2016-06-16 09:26:19', '192.168.0.42'),
(509, 'SELECT  STUDENTS.STU_ID, CONCAT(STUDENTS.STU_FIRST_NAME, " ", STUDENTS.STU_LAST_NAME) AS STU_NAME, STUDENTS.STU_BIRTHDATE, FLOOR(DATEDIFF(NOW(), STUDENTS.STU_BIRTHDATE)/365.25) AS STU_AGE, STUDENTS.STU_PHOTO FROM STUDENTS WHERE  STUDENTS.STU_ID NOT IN (SELECT STUDENT_ATTENDANCES.STU_ID FROM STUDENT_ATTENDANCES WHERE \r\n										STUDENT_ATTENDANCES.DATE_TIME >= CURDATE() AND \r\n										STUDENT_ATTENDANCES.DATE_TIME < (CURDATE() + INTERVAL 1 DAY) AND\r\n										STUDENT_ATTENDANCES.EVENT_TYPE = "In");', 'Linda Tweed', '2016-06-16 09:26:19', '192.168.0.42'),
(510, 'SELECT STUDENTS.STU_ID, CONCAT(STUDENTS.STU_FIRST_NAME, " ", STUDENTS.STU_LAST_NAME) AS STU_NAME, STUDENTS.STU_BIRTHDATE, FLOOR(DATEDIFF(NOW(), STUDENTS.STU_BIRTHDATE)/365.25) AS STU_AGE, STUDENTS.STU_PHOTO FROM STUDENTS WHERE (STUDENTS.STU_ID IN (SELECT STUDENT_ATTENDANCES.STU_ID FROM STUDENT_ATTENDANCES WHERE STUDENT_ATTENDANCES.DATE_TIME >= CURDATE() AND STUDENT_ATTENDANCES.DATE_TIME < (CURDATE() + INTERVAL 1 DAY) AND STUDENT_ATTENDANCES.EVENT_TYPE = "In")) AND (STUDENTS.STU_ID NOT IN (SELECT STUDENT_ATTENDANCES.STU_ID FROM STUDENT_ATTENDANCES WHERE STUDENT_ATTENDANCES.DATE_TIME >= CURDATE() AND STUDENT_ATTENDANCES.DATE_TIME < (CURDATE() + INTERVAL 1 DAY) AND STUDENT_ATTENDANCES.EVENT_TYPE = "Out"));', 'Linda Tweed', '2016-06-16 09:26:20', '192.168.0.42'),
(511, 'SELECT WEB_PAGES.PAGE_ID, WEB_PAGES.TAG_CLASS, WEB_PAGES.TYPE, WEB_PAGES.HREF, WEB_PAGES.ICON_URL, WEB_PAGES.TITLE, WEB_PAGES.STATUS FROM WEB_PAGES WHERE (WEB_PAGES.PAGE_ID IN \r\n									(SELECT PAGE_ID FROM EMPLOYEE_WEBPAGE \r\n										WHERE EMP_ID = 2)) AND (WEB_PAGES.STATUS = "active");', 'Linda Tweed', '2016-06-16 09:26:25', '192.168.0.42'),
(512, 'SELECT WEB_PAGES.PAGE_ID, WEB_PAGES.TAG_CLASS, WEB_PAGES.TYPE, WEB_PAGES.HREF, WEB_PAGES.ICON_URL, WEB_PAGES.TITLE, WEB_PAGES.STATUS FROM WEB_PAGES WHERE (WEB_PAGES.PAGE_ID IN \r\n									(SELECT PAGE_ID FROM EMPLOYEE_WEBPAGE \r\n										WHERE EMP_ID = 2)) AND (WEB_PAGES.STATUS = "active");', 'Linda Tweed', '2016-06-16 10:09:11', '192.168.0.42'),
(513, 'SELECT HREF FROM WEB_PAGES WHERE (PAGE_ID IN \r\n									(SELECT PAGE_ID FROM EMPLOYEE_WEBPAGE \r\n										WHERE EMP_ID = 2)) AND (WEB_PAGES.STATUS = "active");', 'Linda Tweed', '2016-06-16 10:09:13', '192.168.0.42'),
(514, 'SELECT  STUDENTS.STU_ID, CONCAT(STUDENTS.STU_FIRST_NAME, " ", STUDENTS.STU_LAST_NAME) AS STU_NAME, STUDENTS.STU_BIRTHDATE, FLOOR(DATEDIFF(NOW(), STUDENTS.STU_BIRTHDATE)/365.25) AS STU_AGE, STUDENTS.STU_PHOTO FROM STUDENTS WHERE  STUDENTS.STU_ID NOT IN (SELECT STUDENT_ATTENDANCES.STU_ID FROM STUDENT_ATTENDANCES WHERE \r\n										STUDENT_ATTENDANCES.DATE_TIME >= CURDATE() AND \r\n										STUDENT_ATTENDANCES.DATE_TIME < (CURDATE() + INTERVAL 1 DAY) AND\r\n										STUDENT_ATTENDANCES.EVENT_TYPE = "In");', 'Linda Tweed', '2016-06-16 10:09:13', '192.168.0.42'),
(515, 'SELECT STUDENTS.STU_ID, CONCAT(STUDENTS.STU_FIRST_NAME, " ", STUDENTS.STU_LAST_NAME) AS STU_NAME, STUDENTS.STU_BIRTHDATE, FLOOR(DATEDIFF(NOW(), STUDENTS.STU_BIRTHDATE)/365.25) AS STU_AGE, STUDENTS.STU_PHOTO FROM STUDENTS WHERE (STUDENTS.STU_ID IN (SELECT STUDENT_ATTENDANCES.STU_ID FROM STUDENT_ATTENDANCES WHERE STUDENT_ATTENDANCES.DATE_TIME >= CURDATE() AND STUDENT_ATTENDANCES.DATE_TIME < (CURDATE() + INTERVAL 1 DAY) AND STUDENT_ATTENDANCES.EVENT_TYPE = "In")) AND (STUDENTS.STU_ID NOT IN (SELECT STUDENT_ATTENDANCES.STU_ID FROM STUDENT_ATTENDANCES WHERE STUDENT_ATTENDANCES.DATE_TIME >= CURDATE() AND STUDENT_ATTENDANCES.DATE_TIME < (CURDATE() + INTERVAL 1 DAY) AND STUDENT_ATTENDANCES.EVENT_TYPE = "Out"));', 'Linda Tweed', '2016-06-16 10:09:13', '192.168.0.42'),
(516, 'SELECT HREF FROM WEB_PAGES WHERE (PAGE_ID IN \r\n									(SELECT PAGE_ID FROM EMPLOYEE_WEBPAGE \r\n										WHERE EMP_ID = 2)) AND (WEB_PAGES.STATUS = "active");', 'Linda Tweed', '2016-06-16 10:09:16', '192.168.0.42'),
(517, 'INSERT INTO STUDENT_ATTENDANCES(STU_ID, EVENT_TYPE, DATE_TIME, EMP_ID, IP_ADDR, NOTES) VALUES(5, "In", NOW(), 2, "192.168.0.42", "");', 'Linda Tweed', '2016-06-16 10:09:16', '192.168.0.42'),
(518, 'INSERT INTO STUDENT_ATTENDANCES(STU_ID, EVENT_TYPE, DATE_TIME, EMP_ID, IP_ADDR, NOTES) VALUES(6, "In", NOW(), 2, "192.168.0.42", "");', 'Linda Tweed', '2016-06-16 10:09:16', '192.168.0.42'),
(519, 'SELECT HREF FROM WEB_PAGES WHERE (PAGE_ID IN \r\n									(SELECT PAGE_ID FROM EMPLOYEE_WEBPAGE \r\n										WHERE EMP_ID = 2)) AND (WEB_PAGES.STATUS = "active");', 'Linda Tweed', '2016-06-16 10:09:17', '192.168.0.42'),
(520, 'SELECT  STUDENTS.STU_ID, CONCAT(STUDENTS.STU_FIRST_NAME, " ", STUDENTS.STU_LAST_NAME) AS STU_NAME, STUDENTS.STU_BIRTHDATE, FLOOR(DATEDIFF(NOW(), STUDENTS.STU_BIRTHDATE)/365.25) AS STU_AGE, STUDENTS.STU_PHOTO FROM STUDENTS WHERE  STUDENTS.STU_ID NOT IN (SELECT STUDENT_ATTENDANCES.STU_ID FROM STUDENT_ATTENDANCES WHERE \r\n										STUDENT_ATTENDANCES.DATE_TIME >= CURDATE() AND \r\n										STUDENT_ATTENDANCES.DATE_TIME < (CURDATE() + INTERVAL 1 DAY) AND\r\n										STUDENT_ATTENDANCES.EVENT_TYPE = "In");', 'Linda Tweed', '2016-06-16 10:09:17', '192.168.0.42'),
(521, 'SELECT STUDENTS.STU_ID, CONCAT(STUDENTS.STU_FIRST_NAME, " ", STUDENTS.STU_LAST_NAME) AS STU_NAME, STUDENTS.STU_BIRTHDATE, FLOOR(DATEDIFF(NOW(), STUDENTS.STU_BIRTHDATE)/365.25) AS STU_AGE, STUDENTS.STU_PHOTO FROM STUDENTS WHERE (STUDENTS.STU_ID IN (SELECT STUDENT_ATTENDANCES.STU_ID FROM STUDENT_ATTENDANCES WHERE STUDENT_ATTENDANCES.DATE_TIME >= CURDATE() AND STUDENT_ATTENDANCES.DATE_TIME < (CURDATE() + INTERVAL 1 DAY) AND STUDENT_ATTENDANCES.EVENT_TYPE = "In")) AND (STUDENTS.STU_ID NOT IN (SELECT STUDENT_ATTENDANCES.STU_ID FROM STUDENT_ATTENDANCES WHERE STUDENT_ATTENDANCES.DATE_TIME >= CURDATE() AND STUDENT_ATTENDANCES.DATE_TIME < (CURDATE() + INTERVAL 1 DAY) AND STUDENT_ATTENDANCES.EVENT_TYPE = "Out"));', 'Linda Tweed', '2016-06-16 10:09:17', '192.168.0.42'),
(522, 'SELECT WEB_PAGES.PAGE_ID, WEB_PAGES.TAG_CLASS, WEB_PAGES.TYPE, WEB_PAGES.HREF, WEB_PAGES.ICON_URL, WEB_PAGES.TITLE, WEB_PAGES.STATUS FROM WEB_PAGES WHERE (WEB_PAGES.PAGE_ID IN \r\n									(SELECT PAGE_ID FROM EMPLOYEE_WEBPAGE \r\n										WHERE EMP_ID = 2)) AND (WEB_PAGES.STATUS = "active");', 'Linda Tweed', '2016-06-16 10:09:19', '192.168.0.42'),
(523, 'INSERT INTO EMPLOYEE_LOG_IOS(EMP_ID, EVENT_TYPE, DATE_TIME, IP_ADDR) VALUES(2, "Out", NOW(), "192.168.0.42");', 'Linda Tweed', '2016-06-16 10:09:57', '192.168.0.42'),
(524, 'SELECT  EMP_ID, EMP_FIRST_NAME, EMP_LAST_NAME, EMP_BIRTHDATE, EMP_PHONE1 FROM EMPLOYEES  WHERE EMP_PASSCODE="8772";', 'system', '2016-06-16 10:10:04', '192.168.0.42'),
(525, 'INSERT INTO EMPLOYEE_LOG_IOS(EMP_ID, EVENT_TYPE, DATE_TIME, IP_ADDR) VALUES(2, "In", NOW(), "192.168.0.42");', 'Linda Tweed', '2016-06-16 10:10:04', '192.168.0.42'),
(526, 'SELECT WEB_PAGES.PAGE_ID, WEB_PAGES.TAG_CLASS, WEB_PAGES.TYPE, WEB_PAGES.HREF, WEB_PAGES.ICON_URL, WEB_PAGES.TITLE, WEB_PAGES.STATUS FROM WEB_PAGES WHERE (WEB_PAGES.PAGE_ID IN \r\n									(SELECT PAGE_ID FROM EMPLOYEE_WEBPAGE \r\n										WHERE EMP_ID = 2)) AND (WEB_PAGES.STATUS = "active");', 'Linda Tweed', '2016-06-16 10:10:57', '192.168.0.42'),
(527, 'SELECT WEB_PAGES.PAGE_ID, WEB_PAGES.TAG_CLASS, WEB_PAGES.TYPE, WEB_PAGES.HREF, WEB_PAGES.ICON_URL, WEB_PAGES.TITLE, WEB_PAGES.STATUS FROM WEB_PAGES WHERE (WEB_PAGES.PAGE_ID IN \r\n									(SELECT PAGE_ID FROM EMPLOYEE_WEBPAGE \r\n										WHERE EMP_ID = 2)) AND (WEB_PAGES.STATUS = "active");', 'Linda Tweed', '2016-06-16 10:11:36', '192.168.0.42'),
(528, 'SELECT WEB_PAGES.PAGE_ID, WEB_PAGES.TAG_CLASS, WEB_PAGES.TYPE, WEB_PAGES.HREF, WEB_PAGES.ICON_URL, WEB_PAGES.TITLE, WEB_PAGES.STATUS FROM WEB_PAGES WHERE (WEB_PAGES.PAGE_ID IN \r\n									(SELECT PAGE_ID FROM EMPLOYEE_WEBPAGE \r\n										WHERE EMP_ID = 2)) AND (WEB_PAGES.STATUS = "active");', 'Linda Tweed', '2016-06-16 10:12:00', '192.168.0.42'),
(529, 'SELECT WEB_PAGES.PAGE_ID, WEB_PAGES.TAG_CLASS, WEB_PAGES.TYPE, WEB_PAGES.HREF, WEB_PAGES.ICON_URL, WEB_PAGES.TITLE, WEB_PAGES.STATUS FROM WEB_PAGES WHERE (WEB_PAGES.PAGE_ID IN \r\n									(SELECT PAGE_ID FROM EMPLOYEE_WEBPAGE \r\n										WHERE EMP_ID = 2)) AND (WEB_PAGES.STATUS = "active");', 'Linda Tweed', '2016-06-16 10:12:02', '192.168.0.42'),
(530, 'SELECT WEB_PAGES.PAGE_ID, WEB_PAGES.TAG_CLASS, WEB_PAGES.TYPE, WEB_PAGES.HREF, WEB_PAGES.ICON_URL, WEB_PAGES.TITLE, WEB_PAGES.STATUS FROM WEB_PAGES WHERE (WEB_PAGES.PAGE_ID IN \r\n									(SELECT PAGE_ID FROM EMPLOYEE_WEBPAGE \r\n										WHERE EMP_ID = 2)) AND (WEB_PAGES.STATUS = "active");', 'Linda Tweed', '2016-06-16 10:12:07', '192.168.0.42'),
(531, 'SELECT HREF FROM WEB_PAGES WHERE (PAGE_ID IN \r\n									(SELECT PAGE_ID FROM EMPLOYEE_WEBPAGE \r\n										WHERE EMP_ID = 2)) AND (WEB_PAGES.STATUS = "active");', 'Linda Tweed', '2016-06-16 10:12:09', '192.168.0.42'),
(532, 'INSERT INTO EMPLOYEE_ATTENDANCES(EMP_ID, EVENT_TYPE, DATE_TIME, IP_ADDR, NOTES) VALUES(2, "In", NOW(), "192.168.0.42", "");', 'Linda Tweed', '2016-06-16 10:12:09', '192.168.0.42'),
(533, 'SELECT WEB_PAGES.PAGE_ID, WEB_PAGES.TAG_CLASS, WEB_PAGES.TYPE, WEB_PAGES.HREF, WEB_PAGES.ICON_URL, WEB_PAGES.TITLE, WEB_PAGES.STATUS FROM WEB_PAGES WHERE (WEB_PAGES.PAGE_ID IN \r\n									(SELECT PAGE_ID FROM EMPLOYEE_WEBPAGE \r\n										WHERE EMP_ID = 2)) AND (WEB_PAGES.STATUS = "active");', 'Linda Tweed', '2016-06-16 10:12:11', '192.168.0.42'),
(534, 'SELECT WEB_PAGES.PAGE_ID, WEB_PAGES.TAG_CLASS, WEB_PAGES.TYPE, WEB_PAGES.HREF, WEB_PAGES.ICON_URL, WEB_PAGES.TITLE, WEB_PAGES.STATUS FROM WEB_PAGES WHERE (WEB_PAGES.PAGE_ID IN \r\n									(SELECT PAGE_ID FROM EMPLOYEE_WEBPAGE \r\n										WHERE EMP_ID = 2)) AND (WEB_PAGES.STATUS = "active");', 'Linda Tweed', '2016-06-16 10:12:24', '192.168.0.42'),
(535, 'SELECT WEB_PAGES.PAGE_ID, WEB_PAGES.TAG_CLASS, WEB_PAGES.TYPE, WEB_PAGES.HREF, WEB_PAGES.ICON_URL, WEB_PAGES.TITLE, WEB_PAGES.STATUS FROM WEB_PAGES WHERE (WEB_PAGES.PAGE_ID IN \r\n									(SELECT PAGE_ID FROM EMPLOYEE_WEBPAGE \r\n										WHERE EMP_ID = 2)) AND (WEB_PAGES.STATUS = "active");', 'Linda Tweed', '2016-06-16 10:12:44', '192.168.0.42'),
(536, 'SELECT WEB_PAGES.PAGE_ID, WEB_PAGES.TAG_CLASS, WEB_PAGES.TYPE, WEB_PAGES.HREF, WEB_PAGES.ICON_URL, WEB_PAGES.TITLE, WEB_PAGES.STATUS FROM WEB_PAGES WHERE (WEB_PAGES.PAGE_ID IN \r\n									(SELECT PAGE_ID FROM EMPLOYEE_WEBPAGE \r\n										WHERE EMP_ID = 2)) AND (WEB_PAGES.STATUS = "active");', 'Linda Tweed', '2016-06-16 10:14:07', '192.168.0.42'),
(537, 'SELECT HREF FROM WEB_PAGES WHERE (PAGE_ID IN \r\n									(SELECT PAGE_ID FROM EMPLOYEE_WEBPAGE \r\n										WHERE EMP_ID = 2)) AND (WEB_PAGES.STATUS = "active");', 'Linda Tweed', '2016-06-16 10:14:12', '192.168.0.42'),
(538, 'SELECT  EMPLOYEE_ATTENDANCES.EMP_ATT_ID, EMPLOYEES.EMP_FIRST_NAME, EMPLOYEES.EMP_LAST_NAME, EMPLOYEE_ATTENDANCES.EVENT_TYPE, EMPLOYEE_ATTENDANCES.DATE_TIME, EMPLOYEE_ATTENDANCES.IP_ADDR FROM EMPLOYEE_ATTENDANCES, EMPLOYEES WHERE EMPLOYEE_ATTENDANCES.EMP_ID=2 AND EMPLOYEE_ATTENDANCES.EMP_ID=EMPLOYEES.EMP_ID ORDER BY EMPLOYEE_ATTENDANCES.DATE_TIME DESC;', 'Linda Tweed', '2016-06-16 10:14:12', '192.168.0.42'),
(539, 'SELECT WEB_PAGES.PAGE_ID, WEB_PAGES.TAG_CLASS, WEB_PAGES.TYPE, WEB_PAGES.HREF, WEB_PAGES.ICON_URL, WEB_PAGES.TITLE, WEB_PAGES.STATUS FROM WEB_PAGES WHERE (WEB_PAGES.PAGE_ID IN \r\n									(SELECT PAGE_ID FROM EMPLOYEE_WEBPAGE \r\n										WHERE EMP_ID = 2)) AND (WEB_PAGES.STATUS = "active");', 'Linda Tweed', '2016-06-16 10:14:14', '192.168.0.42'),
(540, 'SELECT WEB_PAGES.PAGE_ID, WEB_PAGES.TAG_CLASS, WEB_PAGES.TYPE, WEB_PAGES.HREF, WEB_PAGES.ICON_URL, WEB_PAGES.TITLE, WEB_PAGES.STATUS FROM WEB_PAGES WHERE (WEB_PAGES.PAGE_ID IN \r\n									(SELECT PAGE_ID FROM EMPLOYEE_WEBPAGE \r\n										WHERE EMP_ID = 2)) AND (WEB_PAGES.STATUS = "active");', 'Linda Tweed', '2016-06-16 10:14:47', '192.168.0.42'),
(541, 'SELECT WEB_PAGES.PAGE_ID, WEB_PAGES.TAG_CLASS, WEB_PAGES.TYPE, WEB_PAGES.HREF, WEB_PAGES.ICON_URL, WEB_PAGES.TITLE, WEB_PAGES.STATUS FROM WEB_PAGES WHERE (WEB_PAGES.PAGE_ID IN \r\n									(SELECT PAGE_ID FROM EMPLOYEE_WEBPAGE \r\n										WHERE EMP_ID = 2)) AND (WEB_PAGES.STATUS = "active");', 'Linda Tweed', '2016-06-16 10:15:44', '192.168.0.42'),
(542, 'SELECT WEB_PAGES.PAGE_ID, WEB_PAGES.TAG_CLASS, WEB_PAGES.TYPE, WEB_PAGES.HREF, WEB_PAGES.ICON_URL, WEB_PAGES.TITLE, WEB_PAGES.STATUS FROM WEB_PAGES WHERE (WEB_PAGES.PAGE_ID IN \r\n									(SELECT PAGE_ID FROM EMPLOYEE_WEBPAGE \r\n										WHERE EMP_ID = 2)) AND (WEB_PAGES.STATUS = "active");', 'Linda Tweed', '2016-06-16 10:16:45', '192.168.0.42'),
(543, 'SELECT WEB_PAGES.PAGE_ID, WEB_PAGES.TAG_CLASS, WEB_PAGES.TYPE, WEB_PAGES.HREF, WEB_PAGES.ICON_URL, WEB_PAGES.TITLE, WEB_PAGES.STATUS FROM WEB_PAGES WHERE (WEB_PAGES.PAGE_ID IN \r\n									(SELECT PAGE_ID FROM EMPLOYEE_WEBPAGE \r\n										WHERE EMP_ID = 2)) AND (WEB_PAGES.STATUS = "active");', 'Linda Tweed', '2016-06-16 10:19:54', '192.168.0.42'),
(544, 'SELECT WEB_PAGES.PAGE_ID, WEB_PAGES.TAG_CLASS, WEB_PAGES.TYPE, WEB_PAGES.HREF, WEB_PAGES.ICON_URL, WEB_PAGES.TITLE, WEB_PAGES.STATUS FROM WEB_PAGES WHERE (WEB_PAGES.PAGE_ID IN \r\n									(SELECT PAGE_ID FROM EMPLOYEE_WEBPAGE \r\n										WHERE EMP_ID = 2)) AND (WEB_PAGES.STATUS = "active");', 'Linda Tweed', '2016-06-16 10:20:10', '192.168.0.42'),
(545, 'SELECT WEB_PAGES.PAGE_ID, WEB_PAGES.TAG_CLASS, WEB_PAGES.TYPE, WEB_PAGES.HREF, WEB_PAGES.ICON_URL, WEB_PAGES.TITLE, WEB_PAGES.STATUS FROM WEB_PAGES WHERE (WEB_PAGES.PAGE_ID IN \r\n									(SELECT PAGE_ID FROM EMPLOYEE_WEBPAGE \r\n										WHERE EMP_ID = 2)) AND (WEB_PAGES.STATUS = "active");', 'Linda Tweed', '2016-06-16 10:20:39', '192.168.0.42'),
(546, 'SELECT WEB_PAGES.PAGE_ID, WEB_PAGES.TAG_CLASS, WEB_PAGES.TYPE, WEB_PAGES.HREF, WEB_PAGES.ICON_URL, WEB_PAGES.TITLE, WEB_PAGES.STATUS FROM WEB_PAGES WHERE (WEB_PAGES.PAGE_ID IN \r\n									(SELECT PAGE_ID FROM EMPLOYEE_WEBPAGE \r\n										WHERE EMP_ID = 2)) AND (WEB_PAGES.STATUS = "active");', 'Linda Tweed', '2016-06-16 10:21:10', '192.168.0.42'),
(547, 'SELECT WEB_PAGES.PAGE_ID, WEB_PAGES.TAG_CLASS, WEB_PAGES.TYPE, WEB_PAGES.HREF, WEB_PAGES.ICON_URL, WEB_PAGES.TITLE, WEB_PAGES.STATUS FROM WEB_PAGES WHERE (WEB_PAGES.PAGE_ID IN \r\n									(SELECT PAGE_ID FROM EMPLOYEE_WEBPAGE \r\n										WHERE EMP_ID = 2)) AND (WEB_PAGES.STATUS = "active");', 'Linda Tweed', '2016-06-16 10:21:31', '192.168.0.42'),
(548, 'SELECT WEB_PAGES.PAGE_ID, WEB_PAGES.TAG_CLASS, WEB_PAGES.TYPE, WEB_PAGES.HREF, WEB_PAGES.ICON_URL, WEB_PAGES.TITLE, WEB_PAGES.STATUS FROM WEB_PAGES WHERE (WEB_PAGES.PAGE_ID IN \r\n									(SELECT PAGE_ID FROM EMPLOYEE_WEBPAGE \r\n										WHERE EMP_ID = 2)) AND (WEB_PAGES.STATUS = "active");', 'Linda Tweed', '2016-06-16 10:24:09', '192.168.0.42'),
(549, 'SELECT WEB_PAGES.PAGE_ID, WEB_PAGES.TAG_CLASS, WEB_PAGES.TYPE, WEB_PAGES.HREF, WEB_PAGES.ICON_URL, WEB_PAGES.TITLE, WEB_PAGES.STATUS FROM WEB_PAGES WHERE (WEB_PAGES.PAGE_ID IN \r\n									(SELECT PAGE_ID FROM EMPLOYEE_WEBPAGE \r\n										WHERE EMP_ID = 2)) AND (WEB_PAGES.STATUS = "active");', 'Linda Tweed', '2016-06-16 10:24:18', '192.168.0.42'),
(550, 'SELECT WEB_PAGES.PAGE_ID, WEB_PAGES.TAG_CLASS, WEB_PAGES.TYPE, WEB_PAGES.HREF, WEB_PAGES.ICON_URL, WEB_PAGES.TITLE, WEB_PAGES.STATUS FROM WEB_PAGES WHERE (WEB_PAGES.PAGE_ID IN \r\n									(SELECT PAGE_ID FROM EMPLOYEE_WEBPAGE \r\n										WHERE EMP_ID = 2)) AND (WEB_PAGES.STATUS = "active");', 'Linda Tweed', '2016-06-16 10:25:47', '192.168.0.42'),
(551, 'SELECT WEB_PAGES.PAGE_ID, WEB_PAGES.TAG_CLASS, WEB_PAGES.TYPE, WEB_PAGES.HREF, WEB_PAGES.ICON_URL, WEB_PAGES.TITLE, WEB_PAGES.STATUS FROM WEB_PAGES WHERE (WEB_PAGES.PAGE_ID IN \r\n									(SELECT PAGE_ID FROM EMPLOYEE_WEBPAGE \r\n										WHERE EMP_ID = 2)) AND (WEB_PAGES.STATUS = "active");', 'Linda Tweed', '2016-06-16 10:33:29', '192.168.0.42'),
(552, 'INSERT INTO EMPLOYEE_LOG_IOS(EMP_ID, EVENT_TYPE, DATE_TIME, IP_ADDR) VALUES(2, "Out", NOW(), "192.168.0.42");', 'Linda Tweed', '2016-06-16 10:33:32', '192.168.0.42'),
(553, 'SELECT  EMP_ID, EMP_FIRST_NAME, EMP_LAST_NAME, EMP_BIRTHDATE, EMP_PHONE1 FROM EMPLOYEES  WHERE EMP_PASSCODE="8772";', 'system', '2016-06-16 10:33:35', '192.168.0.42'),
(554, 'INSERT INTO EMPLOYEE_LOG_IOS(EMP_ID, EVENT_TYPE, DATE_TIME, IP_ADDR) VALUES(2, "In", NOW(), "192.168.0.42");', 'Linda Tweed', '2016-06-16 10:33:35', '192.168.0.42'),
(555, 'SELECT WEB_PAGES.PAGE_ID, WEB_PAGES.TAG_CLASS, WEB_PAGES.TYPE, WEB_PAGES.HREF, WEB_PAGES.ICON_URL, WEB_PAGES.TITLE, WEB_PAGES.STATUS FROM WEB_PAGES WHERE (WEB_PAGES.PAGE_ID IN \r\n									(SELECT PAGE_ID FROM EMPLOYEE_WEBPAGE \r\n										WHERE EMP_ID = 2)) AND (WEB_PAGES.STATUS = "active");', 'Linda Tweed', '2016-06-16 10:33:36', '192.168.0.42'),
(556, 'SELECT HREF FROM WEB_PAGES WHERE (PAGE_ID IN \r\n									(SELECT PAGE_ID FROM EMPLOYEE_WEBPAGE \r\n										WHERE EMP_ID = 2)) AND (WEB_PAGES.STATUS = "active");', 'Linda Tweed', '2016-06-16 10:33:43', '192.168.0.42'),
(557, 'INSERT INTO EMPLOYEE_ATTENDANCES(EMP_ID, EVENT_TYPE, DATE_TIME, IP_ADDR, NOTES) VALUES(2, "In", NOW(), "192.168.0.42", "");', 'Linda Tweed', '2016-06-16 10:33:43', '192.168.0.42'),
(558, 'SELECT WEB_PAGES.PAGE_ID, WEB_PAGES.TAG_CLASS, WEB_PAGES.TYPE, WEB_PAGES.HREF, WEB_PAGES.ICON_URL, WEB_PAGES.TITLE, WEB_PAGES.STATUS FROM WEB_PAGES WHERE (WEB_PAGES.PAGE_ID IN \r\n									(SELECT PAGE_ID FROM EMPLOYEE_WEBPAGE \r\n										WHERE EMP_ID = 2)) AND (WEB_PAGES.STATUS = "active");', 'Linda Tweed', '2016-06-16 10:33:44', '192.168.0.42'),
(559, 'SELECT HREF FROM WEB_PAGES WHERE (PAGE_ID IN \r\n									(SELECT PAGE_ID FROM EMPLOYEE_WEBPAGE \r\n										WHERE EMP_ID = 2)) AND (WEB_PAGES.STATUS = "active");', 'Linda Tweed', '2016-06-16 10:33:47', '192.168.0.42'),
(560, 'SELECT  EMPLOYEE_ATTENDANCES.EMP_ATT_ID, EMPLOYEES.EMP_FIRST_NAME, EMPLOYEES.EMP_LAST_NAME, EMPLOYEE_ATTENDANCES.EVENT_TYPE, EMPLOYEE_ATTENDANCES.DATE_TIME, EMPLOYEE_ATTENDANCES.IP_ADDR FROM EMPLOYEE_ATTENDANCES, EMPLOYEES WHERE EMPLOYEE_ATTENDANCES.EMP_ID=2 AND EMPLOYEE_ATTENDANCES.EMP_ID=EMPLOYEES.EMP_ID ORDER BY EMPLOYEE_ATTENDANCES.DATE_TIME DESC;', 'Linda Tweed', '2016-06-16 10:33:47', '192.168.0.42'),
(561, 'SELECT WEB_PAGES.PAGE_ID, WEB_PAGES.TAG_CLASS, WEB_PAGES.TYPE, WEB_PAGES.HREF, WEB_PAGES.ICON_URL, WEB_PAGES.TITLE, WEB_PAGES.STATUS FROM WEB_PAGES WHERE (WEB_PAGES.PAGE_ID IN \r\n									(SELECT PAGE_ID FROM EMPLOYEE_WEBPAGE \r\n										WHERE EMP_ID = 2)) AND (WEB_PAGES.STATUS = "active");', 'Linda Tweed', '2016-06-16 10:33:50', '192.168.0.42'),
(562, 'SELECT HREF FROM WEB_PAGES WHERE (PAGE_ID IN \r\n									(SELECT PAGE_ID FROM EMPLOYEE_WEBPAGE \r\n										WHERE EMP_ID = 2)) AND (WEB_PAGES.STATUS = "active");', 'Linda Tweed', '2016-06-16 10:33:51', '192.168.0.42'),
(563, 'SELECT  STUDENTS.STU_ID, CONCAT(STUDENTS.STU_FIRST_NAME, " ", STUDENTS.STU_LAST_NAME) AS STU_NAME, STUDENTS.STU_BIRTHDATE, FLOOR(DATEDIFF(NOW(), STUDENTS.STU_BIRTHDATE)/365.25) AS STU_AGE, STUDENTS.STU_PHOTO FROM STUDENTS WHERE  STUDENTS.STU_ID NOT IN (SELECT STUDENT_ATTENDANCES.STU_ID FROM STUDENT_ATTENDANCES WHERE \r\n										STUDENT_ATTENDANCES.DATE_TIME >= CURDATE() AND \r\n										STUDENT_ATTENDANCES.DATE_TIME < (CURDATE() + INTERVAL 1 DAY) AND\r\n										STUDENT_ATTENDANCES.EVENT_TYPE = "In");', 'Linda Tweed', '2016-06-16 10:33:51', '192.168.0.42'),
(564, 'SELECT STUDENTS.STU_ID, CONCAT(STUDENTS.STU_FIRST_NAME, " ", STUDENTS.STU_LAST_NAME) AS STU_NAME, STUDENTS.STU_BIRTHDATE, FLOOR(DATEDIFF(NOW(), STUDENTS.STU_BIRTHDATE)/365.25) AS STU_AGE, STUDENTS.STU_PHOTO FROM STUDENTS WHERE (STUDENTS.STU_ID IN (SELECT STUDENT_ATTENDANCES.STU_ID FROM STUDENT_ATTENDANCES WHERE STUDENT_ATTENDANCES.DATE_TIME >= CURDATE() AND STUDENT_ATTENDANCES.DATE_TIME < (CURDATE() + INTERVAL 1 DAY) AND STUDENT_ATTENDANCES.EVENT_TYPE = "In")) AND (STUDENTS.STU_ID NOT IN (SELECT STUDENT_ATTENDANCES.STU_ID FROM STUDENT_ATTENDANCES WHERE STUDENT_ATTENDANCES.DATE_TIME >= CURDATE() AND STUDENT_ATTENDANCES.DATE_TIME < (CURDATE() + INTERVAL 1 DAY) AND STUDENT_ATTENDANCES.EVENT_TYPE = "Out"));', 'Linda Tweed', '2016-06-16 10:33:51', '192.168.0.42'),
(565, 'SELECT HREF FROM WEB_PAGES WHERE (PAGE_ID IN \r\n									(SELECT PAGE_ID FROM EMPLOYEE_WEBPAGE \r\n										WHERE EMP_ID = 2)) AND (WEB_PAGES.STATUS = "active");', 'Linda Tweed', '2016-06-16 10:33:54', '192.168.0.42'),
(566, 'INSERT INTO STUDENT_ATTENDANCES(STU_ID, EVENT_TYPE, DATE_TIME, EMP_ID, IP_ADDR, NOTES) VALUES(2, "In", NOW(), 2, "192.168.0.42", "");', 'Linda Tweed', '2016-06-16 10:33:54', '192.168.0.42'),
(567, 'INSERT INTO STUDENT_ATTENDANCES(STU_ID, EVENT_TYPE, DATE_TIME, EMP_ID, IP_ADDR, NOTES) VALUES(3, "In", NOW(), 2, "192.168.0.42", "");', 'Linda Tweed', '2016-06-16 10:33:54', '192.168.0.42'),
(568, 'INSERT INTO STUDENT_ATTENDANCES(STU_ID, EVENT_TYPE, DATE_TIME, EMP_ID, IP_ADDR, NOTES) VALUES(4, "In", NOW(), 2, "192.168.0.42", "");', 'Linda Tweed', '2016-06-16 10:33:54', '192.168.0.42'),
(569, 'INSERT INTO STUDENT_ATTENDANCES(STU_ID, EVENT_TYPE, DATE_TIME, EMP_ID, IP_ADDR, NOTES) VALUES(7, "In", NOW(), 2, "192.168.0.42", "");', 'Linda Tweed', '2016-06-16 10:33:55', '192.168.0.42'),
(570, 'SELECT HREF FROM WEB_PAGES WHERE (PAGE_ID IN \r\n									(SELECT PAGE_ID FROM EMPLOYEE_WEBPAGE \r\n										WHERE EMP_ID = 2)) AND (WEB_PAGES.STATUS = "active");', 'Linda Tweed', '2016-06-16 10:33:56', '192.168.0.42'),
(571, 'SELECT  STUDENTS.STU_ID, CONCAT(STUDENTS.STU_FIRST_NAME, " ", STUDENTS.STU_LAST_NAME) AS STU_NAME, STUDENTS.STU_BIRTHDATE, FLOOR(DATEDIFF(NOW(), STUDENTS.STU_BIRTHDATE)/365.25) AS STU_AGE, STUDENTS.STU_PHOTO FROM STUDENTS WHERE  STUDENTS.STU_ID NOT IN (SELECT STUDENT_ATTENDANCES.STU_ID FROM STUDENT_ATTENDANCES WHERE \r\n										STUDENT_ATTENDANCES.DATE_TIME >= CURDATE() AND \r\n										STUDENT_ATTENDANCES.DATE_TIME < (CURDATE() + INTERVAL 1 DAY) AND\r\n										STUDENT_ATTENDANCES.EVENT_TYPE = "In");', 'Linda Tweed', '2016-06-16 10:33:56', '192.168.0.42'),
(572, 'SELECT STUDENTS.STU_ID, CONCAT(STUDENTS.STU_FIRST_NAME, " ", STUDENTS.STU_LAST_NAME) AS STU_NAME, STUDENTS.STU_BIRTHDATE, FLOOR(DATEDIFF(NOW(), STUDENTS.STU_BIRTHDATE)/365.25) AS STU_AGE, STUDENTS.STU_PHOTO FROM STUDENTS WHERE (STUDENTS.STU_ID IN (SELECT STUDENT_ATTENDANCES.STU_ID FROM STUDENT_ATTENDANCES WHERE STUDENT_ATTENDANCES.DATE_TIME >= CURDATE() AND STUDENT_ATTENDANCES.DATE_TIME < (CURDATE() + INTERVAL 1 DAY) AND STUDENT_ATTENDANCES.EVENT_TYPE = "In")) AND (STUDENTS.STU_ID NOT IN (SELECT STUDENT_ATTENDANCES.STU_ID FROM STUDENT_ATTENDANCES WHERE STUDENT_ATTENDANCES.DATE_TIME >= CURDATE() AND STUDENT_ATTENDANCES.DATE_TIME < (CURDATE() + INTERVAL 1 DAY) AND STUDENT_ATTENDANCES.EVENT_TYPE = "Out"));', 'Linda Tweed', '2016-06-16 10:33:56', '192.168.0.42'),
(573, 'SELECT WEB_PAGES.PAGE_ID, WEB_PAGES.TAG_CLASS, WEB_PAGES.TYPE, WEB_PAGES.HREF, WEB_PAGES.ICON_URL, WEB_PAGES.TITLE, WEB_PAGES.STATUS FROM WEB_PAGES WHERE (WEB_PAGES.PAGE_ID IN \r\n									(SELECT PAGE_ID FROM EMPLOYEE_WEBPAGE \r\n										WHERE EMP_ID = 2)) AND (WEB_PAGES.STATUS = "active");', 'Linda Tweed', '2016-06-16 10:33:59', '192.168.0.42'),
(574, 'SELECT HREF FROM WEB_PAGES WHERE (PAGE_ID IN \r\n									(SELECT PAGE_ID FROM EMPLOYEE_WEBPAGE \r\n										WHERE EMP_ID = 2)) AND (WEB_PAGES.STATUS = "active");', 'Linda Tweed', '2016-06-16 10:34:00', '192.168.0.42'),
(575, 'SELECT EMPLOYEES.EMP_ID, CONCAT(EMPLOYEES.EMP_FIRST_NAME, " ", EMPLOYEES.EMP_LAST_NAME) AS EMP_NAME, EMPLOYEES.EMP_BIRTHDATE, EMPLOYEES.EMP_PHONE1 EMP_PHONE, EMPLOYEES.EMP_PHOTO FROM EMPLOYEES WHERE (EMPLOYEES.EMP_ID IN (SELECT EMPLOYEE_ATTENDANCES.EMP_ID FROM EMPLOYEE_ATTENDANCES WHERE EMPLOYEE_ATTENDANCES.DATE_TIME >= CURDATE() AND EMPLOYEE_ATTENDANCES.DATE_TIME < (CURDATE() + INTERVAL 1 DAY) AND EMPLOYEE_ATTENDANCES.EVENT_TYPE = "In")) AND (EMPLOYEES.EMP_ID NOT IN (SELECT EMPLOYEE_ATTENDANCES.EMP_ID FROM EMPLOYEE_ATTENDANCES WHERE EMPLOYEE_ATTENDANCES.DATE_TIME >= CURDATE() AND EMPLOYEE_ATTENDANCES.DATE_TIME < (CURDATE() + INTERVAL 1 DAY) AND EMPLOYEE_ATTENDANCES.EVENT_TYPE = "Out")) AND (EMPLOYEES.EMP_POST_ID1 IN (3,4 ));', 'Linda Tweed', '2016-06-16 10:34:00', '192.168.0.42'),
(576, 'SELECT STUDENTS.STU_ID, CONCAT(STUDENTS.STU_FIRST_NAME, " ", STUDENTS.STU_LAST_NAME) AS STU_NAME, STUDENTS.STU_BIRTHDATE, FLOOR(DATEDIFF(NOW(), STUDENTS.STU_BIRTHDATE)/365.25) AS STU_AGE, STUDENTS.STU_PHOTO FROM STUDENTS WHERE (STUDENTS.STU_ID IN (SELECT STUDENT_ATTENDANCES.STU_ID FROM STUDENT_ATTENDANCES WHERE STUDENT_ATTENDANCES.DATE_TIME >= CURDATE() AND STUDENT_ATTENDANCES.DATE_TIME < (CURDATE() + INTERVAL 1 DAY) AND STUDENT_ATTENDANCES.EVENT_TYPE = "In")) AND (STUDENTS.STU_ID NOT IN (SELECT STUDENT_ATTENDANCES.STU_ID FROM STUDENT_ATTENDANCES WHERE STUDENT_ATTENDANCES.DATE_TIME >= CURDATE() AND STUDENT_ATTENDANCES.DATE_TIME < (CURDATE() + INTERVAL 1 DAY) AND STUDENT_ATTENDANCES.EVENT_TYPE = "Out"));', 'Linda Tweed', '2016-06-16 10:34:00', '192.168.0.42'),
(577, 'SELECT DISTINCT EMPLOYEES.EMP_ID, CONCAT(EMPLOYEES.EMP_FIRST_NAME, " ", EMPLOYEES.EMP_LAST_NAME) AS EMP_NAME, EMPLOYEES.EMP_BIRTHDATE, EMPLOYEES.EMP_PHONE1 EMP_PHONE, EMPLOYEES.EMP_PHOTO FROM EMPLOYEES WHERE ((EMPLOYEES.EMP_ID NOT IN (SELECT EMPLOYEE_ATTENDANCES.EMP_ID FROM EMPLOYEE_ATTENDANCES WHERE EMPLOYEE_ATTENDANCES.DATE_TIME >= CURDATE() AND EMPLOYEE_ATTENDANCES.DATE_TIME < (CURDATE() + INTERVAL 1 DAY) AND EMPLOYEE_ATTENDANCES.EVENT_TYPE = "In")) OR (EMPLOYEES.EMP_ID IN (SELECT EMPLOYEE_ATTENDANCES.EMP_ID FROM EMPLOYEE_ATTENDANCES WHERE EMPLOYEE_ATTENDANCES.DATE_TIME >= CURDATE() AND EMPLOYEE_ATTENDANCES.DATE_TIME < (CURDATE() + INTERVAL 1 DAY) AND EMPLOYEE_ATTENDANCES.EVENT_TYPE = "Out"))) AND (EMPLOYEES.EMP_POST_ID1 IN (3,4 ));', 'Linda Tweed', '2016-06-16 10:34:00', '192.168.0.42'),
(578, 'INSERT INTO EMPLOYEE_LOG_IOS(EMP_ID, EVENT_TYPE, DATE_TIME, IP_ADDR) VALUES(2, "Out", NOW(), "192.168.0.42");', 'Linda Tweed', '2016-06-16 10:34:06', '192.168.0.42'),
(579, 'SELECT  EMP_ID, EMP_FIRST_NAME, EMP_LAST_NAME, EMP_BIRTHDATE, EMP_PHONE1 FROM EMPLOYEES  WHERE EMP_PASSCODE="1357";', 'system', '2016-06-16 10:34:12', '192.168.0.42'),
(580, 'INSERT INTO EMPLOYEE_LOG_IOS(EMP_ID, EVENT_TYPE, DATE_TIME, IP_ADDR) VALUES(6, "In", NOW(), "192.168.0.42");', 'Super User', '2016-06-16 10:34:12', '192.168.0.42'),
(581, 'SELECT WEB_PAGES.PAGE_ID, WEB_PAGES.TAG_CLASS, WEB_PAGES.TYPE, WEB_PAGES.HREF, WEB_PAGES.ICON_URL, WEB_PAGES.TITLE, WEB_PAGES.STATUS FROM WEB_PAGES WHERE (WEB_PAGES.PAGE_ID IN \r\n									(SELECT PAGE_ID FROM EMPLOYEE_WEBPAGE \r\n										WHERE EMP_ID = 6)) AND (WEB_PAGES.STATUS = "active");', 'Super User', '2016-06-16 10:34:12', '192.168.0.42'),
(582, 'SELECT HREF FROM WEB_PAGES WHERE (PAGE_ID IN \r\n									(SELECT PAGE_ID FROM EMPLOYEE_WEBPAGE \r\n										WHERE EMP_ID = 6)) AND (WEB_PAGES.STATUS = "active");', 'Super User', '2016-06-16 10:34:15', '192.168.0.42'),
(583, 'SELECT  EMPLOYEE_LOG_IOS.EMP_LOGS_ID, EMPLOYEES.EMP_FIRST_NAME, EMPLOYEES.EMP_LAST_NAME, EMPLOYEE_LOG_IOS.EVENT_TYPE, EMPLOYEE_LOG_IOS.DATE_TIME, EMPLOYEE_LOG_IOS.IP_ADDR FROM EMPLOYEE_LOG_IOS, EMPLOYEES WHERE EMPLOYEE_LOG_IOS.EMP_ID=6 AND EMPLOYEE_LOG_IOS.EMP_ID=EMPLOYEES.EMP_ID ORDER BY EMPLOYEE_LOG_IOS.DATE_TIME DESC;', 'Super User', '2016-06-16 10:34:15', '192.168.0.42'),
(584, 'SELECT WEB_PAGES.PAGE_ID, WEB_PAGES.TAG_CLASS, WEB_PAGES.TYPE, WEB_PAGES.HREF, WEB_PAGES.ICON_URL, WEB_PAGES.TITLE, WEB_PAGES.STATUS FROM WEB_PAGES WHERE (WEB_PAGES.PAGE_ID IN \r\n									(SELECT PAGE_ID FROM EMPLOYEE_WEBPAGE \r\n										WHERE EMP_ID = 6)) AND (WEB_PAGES.STATUS = "active");', 'Super User', '2016-06-16 10:34:16', '192.168.0.42'),
(585, 'SELECT HREF FROM WEB_PAGES WHERE (PAGE_ID IN \r\n									(SELECT PAGE_ID FROM EMPLOYEE_WEBPAGE \r\n										WHERE EMP_ID = 6)) AND (WEB_PAGES.STATUS = "active");', 'Super User', '2016-06-16 10:34:18', '192.168.0.42'),
(586, 'SELECT  EM_LOG_F_ID, IP_ADDR, PASSCODE, DATE_TIME FROM EMPLOYEE_LOG_FAILURES ORDER BY DATE_TIME DESC;', 'Super User', '2016-06-16 10:34:18', '192.168.0.42'),
(587, 'SELECT WEB_PAGES.PAGE_ID, WEB_PAGES.TAG_CLASS, WEB_PAGES.TYPE, WEB_PAGES.HREF, WEB_PAGES.ICON_URL, WEB_PAGES.TITLE, WEB_PAGES.STATUS FROM WEB_PAGES WHERE (WEB_PAGES.PAGE_ID IN \r\n									(SELECT PAGE_ID FROM EMPLOYEE_WEBPAGE \r\n										WHERE EMP_ID = 6)) AND (WEB_PAGES.STATUS = "active");', 'Super User', '2016-06-16 10:34:19', '192.168.0.42'),
(588, 'SELECT HREF FROM WEB_PAGES WHERE (PAGE_ID IN \r\n									(SELECT PAGE_ID FROM EMPLOYEE_WEBPAGE \r\n										WHERE EMP_ID = 6)) AND (WEB_PAGES.STATUS = "active");', 'Super User', '2016-06-16 10:34:21', '192.168.0.42'),
(589, 'SELECT  * FROM DB_QUERY_LOGS ORDER BY DATE_TIME DESC;', 'Super User', '2016-06-16 10:34:21', '192.168.0.42'),
(590, 'SELECT WEB_PAGES.PAGE_ID, WEB_PAGES.TAG_CLASS, WEB_PAGES.TYPE, WEB_PAGES.HREF, WEB_PAGES.ICON_URL, WEB_PAGES.TITLE, WEB_PAGES.STATUS FROM WEB_PAGES WHERE (WEB_PAGES.PAGE_ID IN \r\n									(SELECT PAGE_ID FROM EMPLOYEE_WEBPAGE \r\n										WHERE EMP_ID = 6)) AND (WEB_PAGES.STATUS = "active");', 'Super User', '2016-06-16 10:34:24', '192.168.0.42'),
(591, 'SELECT HREF FROM WEB_PAGES WHERE (PAGE_ID IN \r\n									(SELECT PAGE_ID FROM EMPLOYEE_WEBPAGE \r\n										WHERE EMP_ID = 6)) AND (WEB_PAGES.STATUS = "active");', 'Super User', '2016-06-16 10:34:27', '192.168.0.42'),
(592, 'SELECT  * FROM EDUCATIONS ORDER BY EDU_ID ASC;', 'Super User', '2016-06-16 10:34:27', '192.168.0.42'),
(593, 'SELECT WEB_PAGES.PAGE_ID, WEB_PAGES.TAG_CLASS, WEB_PAGES.TYPE, WEB_PAGES.HREF, WEB_PAGES.ICON_URL, WEB_PAGES.TITLE, WEB_PAGES.STATUS FROM WEB_PAGES WHERE (WEB_PAGES.PAGE_ID IN \r\n									(SELECT PAGE_ID FROM EMPLOYEE_WEBPAGE \r\n										WHERE EMP_ID = 6)) AND (WEB_PAGES.STATUS = "active");', 'Super User', '2016-06-16 10:34:28', '192.168.0.42'),
(594, 'SELECT HREF FROM WEB_PAGES WHERE (PAGE_ID IN \r\n									(SELECT PAGE_ID FROM EMPLOYEE_WEBPAGE \r\n										WHERE EMP_ID = 6)) AND (WEB_PAGES.STATUS = "active");', 'Super User', '2016-06-16 10:34:29', '192.168.0.42'),
(595, 'SELECT  * FROM POSITIONS ORDER BY POS_ID ASC;', 'Super User', '2016-06-16 10:34:29', '192.168.0.42'),
(596, 'SELECT WEB_PAGES.PAGE_ID, WEB_PAGES.TAG_CLASS, WEB_PAGES.TYPE, WEB_PAGES.HREF, WEB_PAGES.ICON_URL, WEB_PAGES.TITLE, WEB_PAGES.STATUS FROM WEB_PAGES WHERE (WEB_PAGES.PAGE_ID IN \r\n									(SELECT PAGE_ID FROM EMPLOYEE_WEBPAGE \r\n										WHERE EMP_ID = 6)) AND (WEB_PAGES.STATUS = "active");', 'Super User', '2016-06-16 10:34:31', '192.168.0.42'),
(597, 'SELECT WEB_PAGES.PAGE_ID, WEB_PAGES.TAG_CLASS, WEB_PAGES.TYPE, WEB_PAGES.HREF, WEB_PAGES.ICON_URL, WEB_PAGES.TITLE, WEB_PAGES.STATUS FROM WEB_PAGES WHERE (WEB_PAGES.PAGE_ID IN \r\n									(SELECT PAGE_ID FROM EMPLOYEE_WEBPAGE \r\n										WHERE EMP_ID = 6)) AND (WEB_PAGES.STATUS = "active");', 'Super User', '2016-06-16 10:34:55', '192.168.0.42'),
(598, 'SELECT WEB_PAGES.PAGE_ID, WEB_PAGES.TAG_CLASS, WEB_PAGES.TYPE, WEB_PAGES.HREF, WEB_PAGES.ICON_URL, WEB_PAGES.TITLE, WEB_PAGES.STATUS FROM WEB_PAGES WHERE (WEB_PAGES.PAGE_ID IN \r\n									(SELECT PAGE_ID FROM EMPLOYEE_WEBPAGE \r\n										WHERE EMP_ID = 6)) AND (WEB_PAGES.STATUS = "active");', 'Super User', '2016-06-16 10:52:38', '192.168.0.42'),
(599, 'INSERT INTO EMPLOYEE_LOG_IOS(EMP_ID, EVENT_TYPE, DATE_TIME, IP_ADDR) VALUES(6, "Out", NOW(), "192.168.0.42");', 'Super User', '2016-06-16 10:52:41', '192.168.0.42'),
(600, 'SELECT  EMP_ID, EMP_FIRST_NAME, EMP_LAST_NAME, EMP_BIRTHDATE, EMP_PHONE1 FROM EMPLOYEES  WHERE EMP_PASSCODE="1887";', 'system', '2016-06-16 10:52:46', '192.168.0.42'),
(601, 'INSERT INTO EMPLOYEE_LOG_IOS(EMP_ID, EVENT_TYPE, DATE_TIME, IP_ADDR) VALUES(1, "In", NOW(), "192.168.0.42");', 'Raphaelle Philippe', '2016-06-16 10:52:46', '192.168.0.42'),
(602, 'SELECT WEB_PAGES.PAGE_ID, WEB_PAGES.TAG_CLASS, WEB_PAGES.TYPE, WEB_PAGES.HREF, WEB_PAGES.ICON_URL, WEB_PAGES.TITLE, WEB_PAGES.STATUS FROM WEB_PAGES WHERE (WEB_PAGES.PAGE_ID IN \r\n									(SELECT PAGE_ID FROM EMPLOYEE_WEBPAGE \r\n										WHERE EMP_ID = 1)) AND (WEB_PAGES.STATUS = "active");', 'Raphaelle Philippe', '2016-06-16 10:52:46', '192.168.0.42'),
(603, 'SELECT HREF FROM WEB_PAGES WHERE (PAGE_ID IN \r\n									(SELECT PAGE_ID FROM EMPLOYEE_WEBPAGE \r\n										WHERE EMP_ID = 1)) AND (WEB_PAGES.STATUS = "active");', 'Raphaelle Philippe', '2016-06-16 10:52:48', '192.168.0.42'),
(604, 'INSERT INTO EMPLOYEE_ATTENDANCES(EMP_ID, EVENT_TYPE, DATE_TIME, IP_ADDR, NOTES) VALUES(1, "In", NOW(), "192.168.0.42", "");', 'Raphaelle Philippe', '2016-06-16 10:52:48', '192.168.0.42'),
(605, 'SELECT WEB_PAGES.PAGE_ID, WEB_PAGES.TAG_CLASS, WEB_PAGES.TYPE, WEB_PAGES.HREF, WEB_PAGES.ICON_URL, WEB_PAGES.TITLE, WEB_PAGES.STATUS FROM WEB_PAGES WHERE (WEB_PAGES.PAGE_ID IN \r\n									(SELECT PAGE_ID FROM EMPLOYEE_WEBPAGE \r\n										WHERE EMP_ID = 1)) AND (WEB_PAGES.STATUS = "active");', 'Raphaelle Philippe', '2016-06-16 10:52:50', '192.168.0.42'),
(606, 'SELECT HREF FROM WEB_PAGES WHERE (PAGE_ID IN \r\n									(SELECT PAGE_ID FROM EMPLOYEE_WEBPAGE \r\n										WHERE EMP_ID = 1)) AND (WEB_PAGES.STATUS = "active");', 'Raphaelle Philippe', '2016-06-16 10:52:52', '192.168.0.42'),
(607, 'SELECT EMPLOYEES.EMP_ID, CONCAT(EMPLOYEES.EMP_FIRST_NAME, " ", EMPLOYEES.EMP_LAST_NAME) AS EMP_NAME, EMPLOYEES.EMP_BIRTHDATE, EMPLOYEES.EMP_PHONE1 EMP_PHONE, EMPLOYEES.EMP_PHOTO FROM EMPLOYEES WHERE (EMPLOYEES.EMP_ID IN (SELECT EMPLOYEE_ATTENDANCES.EMP_ID FROM EMPLOYEE_ATTENDANCES WHERE EMPLOYEE_ATTENDANCES.DATE_TIME >= CURDATE() AND EMPLOYEE_ATTENDANCES.DATE_TIME < (CURDATE() + INTERVAL 1 DAY) AND EMPLOYEE_ATTENDANCES.EVENT_TYPE = "In")) AND (EMPLOYEES.EMP_ID NOT IN (SELECT EMPLOYEE_ATTENDANCES.EMP_ID FROM EMPLOYEE_ATTENDANCES WHERE EMPLOYEE_ATTENDANCES.DATE_TIME >= CURDATE() AND EMPLOYEE_ATTENDANCES.DATE_TIME < (CURDATE() + INTERVAL 1 DAY) AND EMPLOYEE_ATTENDANCES.EVENT_TYPE = "Out")) AND (EMPLOYEES.EMP_POST_ID1 IN (3,4 ));', 'Raphaelle Philippe', '2016-06-16 10:52:52', '192.168.0.42'),
(608, 'SELECT STUDENTS.STU_ID, CONCAT(STUDENTS.STU_FIRST_NAME, " ", STUDENTS.STU_LAST_NAME) AS STU_NAME, STUDENTS.STU_BIRTHDATE, FLOOR(DATEDIFF(NOW(), STUDENTS.STU_BIRTHDATE)/365.25) AS STU_AGE, STUDENTS.STU_PHOTO FROM STUDENTS WHERE (STUDENTS.STU_ID IN (SELECT STUDENT_ATTENDANCES.STU_ID FROM STUDENT_ATTENDANCES WHERE STUDENT_ATTENDANCES.DATE_TIME >= CURDATE() AND STUDENT_ATTENDANCES.DATE_TIME < (CURDATE() + INTERVAL 1 DAY) AND STUDENT_ATTENDANCES.EVENT_TYPE = "In")) AND (STUDENTS.STU_ID NOT IN (SELECT STUDENT_ATTENDANCES.STU_ID FROM STUDENT_ATTENDANCES WHERE STUDENT_ATTENDANCES.DATE_TIME >= CURDATE() AND STUDENT_ATTENDANCES.DATE_TIME < (CURDATE() + INTERVAL 1 DAY) AND STUDENT_ATTENDANCES.EVENT_TYPE = "Out"));', 'Raphaelle Philippe', '2016-06-16 10:52:52', '192.168.0.42'),
(609, 'SELECT DISTINCT EMPLOYEES.EMP_ID, CONCAT(EMPLOYEES.EMP_FIRST_NAME, " ", EMPLOYEES.EMP_LAST_NAME) AS EMP_NAME, EMPLOYEES.EMP_BIRTHDATE, EMPLOYEES.EMP_PHONE1 EMP_PHONE, EMPLOYEES.EMP_PHOTO FROM EMPLOYEES WHERE ((EMPLOYEES.EMP_ID NOT IN (SELECT EMPLOYEE_ATTENDANCES.EMP_ID FROM EMPLOYEE_ATTENDANCES WHERE EMPLOYEE_ATTENDANCES.DATE_TIME >= CURDATE() AND EMPLOYEE_ATTENDANCES.DATE_TIME < (CURDATE() + INTERVAL 1 DAY) AND EMPLOYEE_ATTENDANCES.EVENT_TYPE = "In")) OR (EMPLOYEES.EMP_ID IN (SELECT EMPLOYEE_ATTENDANCES.EMP_ID FROM EMPLOYEE_ATTENDANCES WHERE EMPLOYEE_ATTENDANCES.DATE_TIME >= CURDATE() AND EMPLOYEE_ATTENDANCES.DATE_TIME < (CURDATE() + INTERVAL 1 DAY) AND EMPLOYEE_ATTENDANCES.EVENT_TYPE = "Out"))) AND (EMPLOYEES.EMP_POST_ID1 IN (3,4 ));', 'Raphaelle Philippe', '2016-06-16 10:52:52', '192.168.0.42'),
(610, 'SELECT WEB_PAGES.PAGE_ID, WEB_PAGES.TAG_CLASS, WEB_PAGES.TYPE, WEB_PAGES.HREF, WEB_PAGES.ICON_URL, WEB_PAGES.TITLE, WEB_PAGES.STATUS FROM WEB_PAGES WHERE (WEB_PAGES.PAGE_ID IN \r\n									(SELECT PAGE_ID FROM EMPLOYEE_WEBPAGE \r\n										WHERE EMP_ID = 1)) AND (WEB_PAGES.STATUS = "active");', 'Raphaelle Philippe', '2016-06-16 10:52:59', '192.168.0.42'),
(611, 'INSERT INTO EMPLOYEE_LOG_IOS(EMP_ID, EVENT_TYPE, DATE_TIME, IP_ADDR) VALUES(1, "Out", NOW(), "192.168.0.42");', 'Raphaelle Philippe', '2016-06-16 10:53:02', '192.168.0.42'),
(612, 'SELECT  EMP_ID, EMP_FIRST_NAME, EMP_LAST_NAME, EMP_BIRTHDATE, EMP_PHONE1 FROM EMPLOYEES  WHERE EMP_PASSCODE="2016";', 'system', '2016-06-16 10:53:08', '192.168.0.42'),
(613, 'INSERT INTO EMPLOYEE_LOG_IOS(EMP_ID, EVENT_TYPE, DATE_TIME, IP_ADDR) VALUES(4, "In", NOW(), "192.168.0.42");', 'Mary Garcia', '2016-06-16 10:53:08', '192.168.0.42'),
(614, 'SELECT WEB_PAGES.PAGE_ID, WEB_PAGES.TAG_CLASS, WEB_PAGES.TYPE, WEB_PAGES.HREF, WEB_PAGES.ICON_URL, WEB_PAGES.TITLE, WEB_PAGES.STATUS FROM WEB_PAGES WHERE (WEB_PAGES.PAGE_ID IN \r\n									(SELECT PAGE_ID FROM EMPLOYEE_WEBPAGE \r\n										WHERE EMP_ID = 4)) AND (WEB_PAGES.STATUS = "active");', 'Mary Garcia', '2016-06-16 10:53:08', '192.168.0.42'),
(615, 'SELECT HREF FROM WEB_PAGES WHERE (PAGE_ID IN \r\n									(SELECT PAGE_ID FROM EMPLOYEE_WEBPAGE \r\n										WHERE EMP_ID = 4)) AND (WEB_PAGES.STATUS = "active");', 'Mary Garcia', '2016-06-16 10:53:11', '192.168.0.42'),
(616, 'INSERT INTO EMPLOYEE_ATTENDANCES(EMP_ID, EVENT_TYPE, DATE_TIME, IP_ADDR, NOTES) VALUES(4, "In", NOW(), "192.168.0.42", "");', 'Mary Garcia', '2016-06-16 10:53:11', '192.168.0.42'),
(617, 'SELECT WEB_PAGES.PAGE_ID, WEB_PAGES.TAG_CLASS, WEB_PAGES.TYPE, WEB_PAGES.HREF, WEB_PAGES.ICON_URL, WEB_PAGES.TITLE, WEB_PAGES.STATUS FROM WEB_PAGES WHERE (WEB_PAGES.PAGE_ID IN \r\n									(SELECT PAGE_ID FROM EMPLOYEE_WEBPAGE \r\n										WHERE EMP_ID = 4)) AND (WEB_PAGES.STATUS = "active");', 'Mary Garcia', '2016-06-16 10:53:12', '192.168.0.42'),
(618, 'SELECT HREF FROM WEB_PAGES WHERE (PAGE_ID IN \r\n									(SELECT PAGE_ID FROM EMPLOYEE_WEBPAGE \r\n										WHERE EMP_ID = 4)) AND (WEB_PAGES.STATUS = "active");', 'Mary Garcia', '2016-06-16 10:53:17', '192.168.0.42'),
(619, 'SELECT EMPLOYEES.EMP_ID, CONCAT(EMPLOYEES.EMP_FIRST_NAME, " ", EMPLOYEES.EMP_LAST_NAME) AS EMP_NAME, EMPLOYEES.EMP_BIRTHDATE, EMPLOYEES.EMP_PHONE1 EMP_PHONE, EMPLOYEES.EMP_PHOTO FROM EMPLOYEES WHERE (EMPLOYEES.EMP_ID IN (SELECT EMPLOYEE_ATTENDANCES.EMP_ID FROM EMPLOYEE_ATTENDANCES WHERE EMPLOYEE_ATTENDANCES.DATE_TIME >= CURDATE() AND EMPLOYEE_ATTENDANCES.DATE_TIME < (CURDATE() + INTERVAL 1 DAY) AND EMPLOYEE_ATTENDANCES.EVENT_TYPE = "In")) AND (EMPLOYEES.EMP_ID NOT IN (SELECT EMPLOYEE_ATTENDANCES.EMP_ID FROM EMPLOYEE_ATTENDANCES WHERE EMPLOYEE_ATTENDANCES.DATE_TIME >= CURDATE() AND EMPLOYEE_ATTENDANCES.DATE_TIME < (CURDATE() + INTERVAL 1 DAY) AND EMPLOYEE_ATTENDANCES.EVENT_TYPE = "Out")) AND (EMPLOYEES.EMP_POST_ID1 IN (3,4 ));', 'Mary Garcia', '2016-06-16 10:53:17', '192.168.0.42'),
(620, 'SELECT STUDENTS.STU_ID, CONCAT(STUDENTS.STU_FIRST_NAME, " ", STUDENTS.STU_LAST_NAME) AS STU_NAME, STUDENTS.STU_BIRTHDATE, FLOOR(DATEDIFF(NOW(), STUDENTS.STU_BIRTHDATE)/365.25) AS STU_AGE, STUDENTS.STU_PHOTO FROM STUDENTS WHERE (STUDENTS.STU_ID IN (SELECT STUDENT_ATTENDANCES.STU_ID FROM STUDENT_ATTENDANCES WHERE STUDENT_ATTENDANCES.DATE_TIME >= CURDATE() AND STUDENT_ATTENDANCES.DATE_TIME < (CURDATE() + INTERVAL 1 DAY) AND STUDENT_ATTENDANCES.EVENT_TYPE = "In")) AND (STUDENTS.STU_ID NOT IN (SELECT STUDENT_ATTENDANCES.STU_ID FROM STUDENT_ATTENDANCES WHERE STUDENT_ATTENDANCES.DATE_TIME >= CURDATE() AND STUDENT_ATTENDANCES.DATE_TIME < (CURDATE() + INTERVAL 1 DAY) AND STUDENT_ATTENDANCES.EVENT_TYPE = "Out"));', 'Mary Garcia', '2016-06-16 10:53:17', '192.168.0.42'),
(621, 'SELECT DISTINCT EMPLOYEES.EMP_ID, CONCAT(EMPLOYEES.EMP_FIRST_NAME, " ", EMPLOYEES.EMP_LAST_NAME) AS EMP_NAME, EMPLOYEES.EMP_BIRTHDATE, EMPLOYEES.EMP_PHONE1 EMP_PHONE, EMPLOYEES.EMP_PHOTO FROM EMPLOYEES WHERE ((EMPLOYEES.EMP_ID NOT IN (SELECT EMPLOYEE_ATTENDANCES.EMP_ID FROM EMPLOYEE_ATTENDANCES WHERE EMPLOYEE_ATTENDANCES.DATE_TIME >= CURDATE() AND EMPLOYEE_ATTENDANCES.DATE_TIME < (CURDATE() + INTERVAL 1 DAY) AND EMPLOYEE_ATTENDANCES.EVENT_TYPE = "In")) OR (EMPLOYEES.EMP_ID IN (SELECT EMPLOYEE_ATTENDANCES.EMP_ID FROM EMPLOYEE_ATTENDANCES WHERE EMPLOYEE_ATTENDANCES.DATE_TIME >= CURDATE() AND EMPLOYEE_ATTENDANCES.DATE_TIME < (CURDATE() + INTERVAL 1 DAY) AND EMPLOYEE_ATTENDANCES.EVENT_TYPE = "Out"))) AND (EMPLOYEES.EMP_POST_ID1 IN (3,4 ));', 'Mary Garcia', '2016-06-16 10:53:17', '192.168.0.42'),
(622, 'SELECT HREF FROM WEB_PAGES WHERE (PAGE_ID IN \r\n									(SELECT PAGE_ID FROM EMPLOYEE_WEBPAGE \r\n										WHERE EMP_ID = 4)) AND (WEB_PAGES.STATUS = "active");', 'Mary Garcia', '2016-06-16 10:58:38', '192.168.0.42'),
(623, 'SELECT  EM_LOG_F_ID, IP_ADDR, PASSCODE, DATE_TIME FROM EMPLOYEE_LOG_FAILURES ORDER BY DATE_TIME DESC;', 'Mary Garcia', '2016-06-16 10:58:38', '192.168.0.42'),
(624, 'SELECT WEB_PAGES.PAGE_ID, WEB_PAGES.TAG_CLASS, WEB_PAGES.TYPE, WEB_PAGES.HREF, WEB_PAGES.ICON_URL, WEB_PAGES.TITLE, WEB_PAGES.STATUS FROM WEB_PAGES WHERE (WEB_PAGES.PAGE_ID IN \r\n									(SELECT PAGE_ID FROM EMPLOYEE_WEBPAGE \r\n										WHERE EMP_ID = 4)) AND (WEB_PAGES.STATUS = "active");', 'Mary Garcia', '2016-06-16 10:58:43', '192.168.0.42');

-- --------------------------------------------------------

--
-- Table structure for table `educations`
--

CREATE TABLE `educations` (
  `EDU_ID` int(11) NOT NULL,
  `EDU_DEGREE` varchar(50) NOT NULL
) ENGINE=InnoDB DEFAULT CHARSET=latin1;

--
-- Dumping data for table `educations`
--

INSERT INTO `educations` (`EDU_ID`, `EDU_DEGREE`) VALUES
(1, 'No Degree'),
(2, '3-month Attestation of Collegial Studies'),
(3, '6-month Attestation of Collegial Studies'),
(4, '1-year Attestation of Collegial Studies'),
(5, '3-year College'),
(6, '4-year University'),
(7, 'Master of Arts'),
(8, 'Doctor of Philosophy');

-- --------------------------------------------------------

--
-- Table structure for table `educator_student`
--

CREATE TABLE `educator_student` (
  `EDU_STU_ID` int(11) NOT NULL,
  `EMP_ID` int(11) NOT NULL,
  `STU_ID` int(11) NOT NULL,
  `RESPONSITIVTY` varchar(10) NOT NULL,
  `START_DATE` date NOT NULL,
  `END_DATE` date NOT NULL,
  `NOTES` text NOT NULL
) ENGINE=InnoDB DEFAULT CHARSET=latin1;

--
-- Dumping data for table `educator_student`
--

INSERT INTO `educator_student` (`EDU_STU_ID`, `EMP_ID`, `STU_ID`, `RESPONSITIVTY`, `START_DATE`, `END_DATE`, `NOTES`) VALUES
(1, 1, 1, 'Teach', '2016-06-13', '0000-00-00', ''),
(2, 1, 3, 'Teach', '2016-06-11', '0000-00-00', ''),
(3, 1, 5, 'Teach', '2016-05-02', '0000-00-00', ''),
(4, 1, 7, 'Teach', '2016-04-01', '0000-00-00', ''),
(5, 1, 9, 'Teach', '2016-04-09', '0000-00-00', ''),
(6, 1, 10, 'Teach', '2016-02-05', '0000-00-00', ''),
(7, 1, 12, 'Teach', '2016-05-20', '0000-00-00', ''),
(8, 1, 14, 'Teach', '2016-07-06', '0000-00-00', ''),
(9, 1, 16, 'Teach', '2016-04-03', '0000-00-00', ''),
(10, 1, 18, 'Teach', '2016-07-30', '0000-00-00', ''),
(11, 1, 20, 'Teach', '2015-04-19', '0000-00-00', ''),
(12, 2, 2, 'Teach', '2014-05-19', '0000-00-00', ''),
(13, 2, 4, 'Teach', '2014-05-31', '0000-00-00', ''),
(14, 2, 6, 'Teach', '2015-05-06', '0000-00-00', ''),
(15, 2, 8, 'Teach', '2015-05-30', '0000-00-00', ''),
(16, 2, 11, 'Teach', '2015-07-24', '0000-00-00', ''),
(17, 2, 13, 'Teach', '2016-09-25', '0000-00-00', ''),
(18, 2, 15, 'Teach', '2013-09-04', '0000-00-00', ''),
(19, 2, 17, 'Teach', '2015-12-31', '0000-00-00', ''),
(20, 2, 19, 'Teach', '2014-07-06', '0000-00-00', '');

-- --------------------------------------------------------

--
-- Table structure for table `employees`
--

CREATE TABLE `employees` (
  `EMP_ID` int(11) NOT NULL,
  `EMP_FIRST_NAME` varchar(50) NOT NULL,
  `EMP_LAST_NAME` varchar(25) NOT NULL,
  `EMP_BIRTHDATE` date NOT NULL,
  `EMP_SEX` varchar(1) NOT NULL,
  `EMP_PHOTO` varchar(50) NOT NULL,
  `EMP_ADDRESS` varchar(50) NOT NULL,
  `EMP_CITY` varchar(20) NOT NULL,
  `EMP_PROVINCE` varchar(20) NOT NULL,
  `EMP_POSTAL_CODE` varchar(10) NOT NULL,
  `EMP_COUNTRY` varchar(20) NOT NULL,
  `EMP_PHONE1` varchar(15) NOT NULL,
  `EMP_PHONE2` varchar(15) DEFAULT NULL,
  `EMP_EMAIL` varchar(50) NOT NULL,
  `EMP_HIRE_DATE` date NOT NULL,
  `EMP_END_DATE` date NOT NULL,
  `EMP_EDU_ID` int(11) NOT NULL,
  `EDU_DAYCARE_EXPERIENCE` tinyint(11) NOT NULL,
  `EDU_MONTESSORI_EXPERIENCE` tinyint(11) NOT NULL,
  `EMP_POST_ID1` int(11) NOT NULL,
  `EMP_POST_ID2` int(11) DEFAULT NULL,
  `EMP_BOSS_ID` int(11) DEFAULT NULL,
  `EMP_HOURLY_RATE` float NOT NULL,
  `EMP_PASSCODE` varchar(10) NOT NULL,
  `EMP_NOTES` text
) ENGINE=InnoDB DEFAULT CHARSET=latin1;

--
-- Dumping data for table `employees`
--

INSERT INTO `employees` (`EMP_ID`, `EMP_FIRST_NAME`, `EMP_LAST_NAME`, `EMP_BIRTHDATE`, `EMP_SEX`, `EMP_PHOTO`, `EMP_ADDRESS`, `EMP_CITY`, `EMP_PROVINCE`, `EMP_POSTAL_CODE`, `EMP_COUNTRY`, `EMP_PHONE1`, `EMP_PHONE2`, `EMP_EMAIL`, `EMP_HIRE_DATE`, `EMP_END_DATE`, `EMP_EDU_ID`, `EDU_DAYCARE_EXPERIENCE`, `EDU_MONTESSORI_EXPERIENCE`, `EMP_POST_ID1`, `EMP_POST_ID2`, `EMP_BOSS_ID`, `EMP_HOURLY_RATE`, `EMP_PASSCODE`, `EMP_NOTES`) VALUES
(1, 'Raphaelle', 'Philippe', '1973-06-08', 'F', 'images/employee_photos/1.png', '1887 Ch. du Tremblay #100', 'Longueuil', 'QC', 'J4N 1A4', 'Canada', ' 450-332-7255', NULL, 'raphaelle.philippe@gmail.com', '2009-06-19', '0000-00-00', 6, 7, 7, 3, 1, NULL, 35.75, '1887', 'The owner of the school'),
(2, 'Linda', 'Tweed', '1982-10-10', 'F', 'images/employee_photos/2.png', '3412 Rue Simon', 'Montreal', 'QC', 'H1K 2S6 ', 'Canada', '514-649-6731', NULL, 'linda.tweed@yahoo.com', '2013-07-04', '0000-00-00', 4, 5, 5, 4, NULL, 1, 15.5, '8772', NULL),
(3, 'Cathy', 'Kim', '1988-12-11', 'F', 'images/employee_photos/3.png', '4528 University Street', 'Montreal', 'QC', 'H3A 0E9', 'Canada', '514-464-2673', NULL, 'cathy.kim@gmail.com', '2015-09-12', '0000-00-00', 3, 2, 1, 4, NULL, 1, 14.5, '4072', NULL),
(4, 'Mary', 'Garcia', '1988-12-11', 'F', 'images/employee_photos/4.png', '2856 Ave. George', 'Montreal', 'QC', 'H1K 2S8', 'Canada', '514-644-7721', NULL, 'mary.garcia@hotmail.com', '2014-11-09', '0000-00-00', 4, 5, 2, 3, NULL, 1, 17.5, '2016', NULL),
(5, 'Jenifer', 'Taylor', '1989-12-24', 'F', 'images/employee_photos/5.png', '39 Rue Saint Paul Est', 'Montreal', 'QC', 'S1A 1B9', 'Canada', '438-414-7281', NULL, 'Jenifer.Taylor@hotmail.com', '2012-09-16', '0000-00-00', 5, 6, 3, 4, NULL, 1, 20.75, '7381', NULL),
(6, 'Super', 'User', '1990-01-17', 'M', 'images/employee_photos/6.png', '3927 Rue Saint-Denis', 'Montreal', 'QC', 'H4H 2A5', 'Canada', '460-135-5567', NULL, 'super.user@hotmail.com', '2010-09-16', '0000-00-00', 3, 0, 0, 8, NULL, 1, 25, '1357', NULL);

-- --------------------------------------------------------

--
-- Table structure for table `employee_attendances`
--

CREATE TABLE `employee_attendances` (
  `EMP_ATT_ID` int(11) NOT NULL,
  `EMP_ID` int(11) NOT NULL,
  `EVENT_TYPE` varchar(5) NOT NULL,
  `DATE_TIME` datetime NOT NULL,
  `IP_ADDR` varchar(50) NOT NULL,
  `NOTES` text NOT NULL
) ENGINE=InnoDB DEFAULT CHARSET=latin1;

--
-- Dumping data for table `employee_attendances`
--

INSERT INTO `employee_attendances` (`EMP_ATT_ID`, `EMP_ID`, `EVENT_TYPE`, `DATE_TIME`, `IP_ADDR`, `NOTES`) VALUES
(143, 2, 'In', '2016-06-16 10:12:09', '192.168.0.42', ''),
(144, 2, 'In', '2016-06-16 10:33:43', '192.168.0.42', ''),
(145, 1, 'In', '2016-06-16 10:52:49', '192.168.0.42', ''),
(146, 4, 'In', '2016-06-16 10:53:11', '192.168.0.42', '');

-- --------------------------------------------------------

--
-- Table structure for table `employee_log_failures`
--

CREATE TABLE `employee_log_failures` (
  `EM_LOG_F_ID` int(11) NOT NULL,
  `IP_ADDR` varchar(50) NOT NULL,
  `PASSCODE` varchar(50) NOT NULL,
  `DATE_TIME` datetime NOT NULL
) ENGINE=InnoDB DEFAULT CHARSET=latin1;

--
-- Dumping data for table `employee_log_failures`
--

INSERT INTO `employee_log_failures` (`EM_LOG_F_ID`, `IP_ADDR`, `PASSCODE`, `DATE_TIME`) VALUES
(41, '::1', '11', '2016-06-10 12:37:36'),
(42, '::1', '12', '2016-06-10 12:37:46'),
(43, '::1', '13', '2016-06-10 12:37:54'),
(44, '::1', '14', '2016-06-10 12:38:05'),
(45, '::1', '15', '2016-06-10 12:38:13'),
(46, '::1', '16', '2016-06-10 12:39:08'),
(47, '::1', '17', '2016-06-10 12:39:11'),
(48, '::1', '18', '2016-06-10 12:39:13'),
(49, '::1', '19', '2016-06-10 12:39:15'),
(50, '::1', '20', '2016-06-10 12:39:17'),
(51, '::1', '21', '2016-06-10 12:39:20'),
(52, '::1', '22', '2016-06-10 12:39:22'),
(53, '::1', '23', '2016-06-10 12:39:25'),
(54, '::1', '78', '2016-06-10 12:40:42'),
(55, '::1', '12', '2016-06-10 12:43:26'),
(56, '::1', '25', '2016-06-10 12:44:54'),
(57, '::1', '12', '2016-06-10 12:45:09'),
(58, '::1', '', '2016-06-10 12:45:12'),
(59, '::1', '62', '2016-06-10 12:45:16'),
(60, '::1', '32', '2016-06-10 12:45:18'),
(61, '::1', '21', '2016-06-10 12:45:34'),
(62, '::1', '65', '2016-06-10 12:45:37'),
(63, '::1', '98', '2016-06-10 12:45:38'),
(64, '::1', '80', '2016-06-10 12:45:41'),
(65, '::1', '45', '2016-06-10 12:45:43'),
(66, '::1', '39', '2016-06-10 12:45:47'),
(67, '::1', '78', '2016-06-10 12:45:50'),
(68, '::1', '08', '2016-06-10 12:45:52'),
(69, '::1', '5880', '2016-06-10 12:45:54'),
(70, '::1', '21', '2016-06-10 12:46:14'),
(71, '::1', '25', '2016-06-10 12:47:42'),
(72, '::1', '12', '2016-06-10 12:49:26'),
(73, '::1', '12', '2016-06-10 12:50:04'),
(74, '::1', '45', '2016-06-10 13:18:29'),
(75, '::1', '632', '2016-06-10 13:19:12'),
(76, '::1', '65', '2016-06-10 13:24:54'),
(77, '::1', '21', '2016-06-10 13:35:05'),
(78, '::1', '985', '2016-06-10 13:35:08'),
(79, '::1', '123456', '2016-06-10 14:11:06'),
(80, '::1', '5623', '2016-06-10 17:51:17'),
(81, '::1', '3254', '2016-06-10 17:51:26'),
(82, '192.168.1.68', '569', '2016-06-10 22:22:25'),
(83, '192.168.1.68', '6598', '2016-06-10 22:40:29'),
(84, '192.168.1.68', '25896554', '2016-06-10 22:45:03'),
(85, '192.168.1.68', '562566', '2016-06-10 22:45:07'),
(86, '192.168.1.68', '5365125', '2016-06-10 22:48:30'),
(87, '192.168.1.68', '1872', '2016-06-10 22:49:27'),
(88, '::1', '78', '2016-06-13 10:55:31'),
(89, '::1', '', '2016-06-13 10:55:31'),
(90, '192.168.0.42', '6', '2016-06-13 11:19:40'),
(91, '192.168.0.42', '65', '2016-06-13 11:19:43'),
(92, 'localhost/unknown', '655', '2016-06-13 11:30:15'),
(93, 'localhost/unknown', '96589', '2016-06-13 11:30:17'),
(94, '10.1.31.59', '566546', '2016-06-13 13:08:55'),
(95, '10.1.31.59', '652365', '2016-06-13 13:08:57'),
(96, '10.1.31.59', '8569', '2016-06-13 13:54:15'),
(97, '10.1.31.59', '4587', '2016-06-13 13:54:18'),
(98, '10.1.31.59', '998566', '2016-06-13 13:58:32'),
(99, '10.1.31.59', '5236', '2016-06-13 14:07:00'),
(100, '10.1.31.59', '854', '2016-06-13 14:07:01'),
(101, '192.168.1.68', '872', '2016-06-14 00:08:02'),
(102, '10.1.31.59', '2365', '2016-06-14 18:35:21'),
(103, '10.1.31.59', '6632', '2016-06-14 18:35:23'),
(104, '10.1.31.59', '6589', '2016-06-14 18:35:25'),
(105, '10.1.31.59', '877', '2016-06-14 18:51:27'),
(106, '192.168.1.68', '365', '2016-06-15 00:41:46'),
(107, '192.168.1.68', '652', '2016-06-15 00:43:45'),
(108, '192.168.1.68', '563', '2016-06-15 00:43:49'),
(109, '192.168.1.68', '5698', '2016-06-15 00:43:52'),
(110, '192.168.1.68', '5699', '2016-06-15 00:43:55'),
(111, '192.168.0.42', '2816', '2016-06-15 12:36:51'),
(112, '192.168.0.42', '2816', '2016-06-15 12:36:55'),
(113, '192.168.0.42', '2816', '2016-06-15 13:59:09'),
(114, '192.168.0.42', '4872', '2016-06-15 14:24:27'),
(115, '192.168.0.42', '381', '2016-06-15 17:27:02');

-- --------------------------------------------------------

--
-- Table structure for table `employee_log_ios`
--

CREATE TABLE `employee_log_ios` (
  `EMP_LOGS_ID` int(11) NOT NULL,
  `EMP_ID` int(11) NOT NULL,
  `EVENT_TYPE` varchar(3) NOT NULL,
  `DATE_TIME` datetime NOT NULL,
  `IP_ADDR` varchar(50) NOT NULL
) ENGINE=InnoDB DEFAULT CHARSET=latin1;

--
-- Dumping data for table `employee_log_ios`
--

INSERT INTO `employee_log_ios` (`EMP_LOGS_ID`, `EMP_ID`, `EVENT_TYPE`, `DATE_TIME`, `IP_ADDR`) VALUES
(1, 1, 'In', '2016-06-01 07:00:00', ''),
(2, 1, 'Out', '2016-06-01 07:15:00', ''),
(3, 1, 'In', '2016-06-01 09:17:00', ''),
(4, 1, 'Out', '2016-06-01 09:49:00', ''),
(5, 2, 'In', '2016-06-01 08:30:00', ''),
(6, 2, 'Out', '2016-06-01 08:31:00', ''),
(7, 2, 'In', '2016-06-01 14:23:15', ''),
(8, 2, 'Out', '2016-06-01 14:31:45', ''),
(9, 2, 'In', '2016-06-09 19:32:55', ''),
(10, 1, 'In', '2016-06-09 19:33:54', ''),
(11, 2, 'In', '2016-06-09 19:42:32', ''),
(12, 2, 'Out', '2016-06-09 19:42:39', ''),
(13, 2, 'In', '2016-06-09 19:42:52', ''),
(14, 2, 'Out', '2016-06-09 19:45:54', ''),
(15, 1, 'In', '2016-06-09 19:45:59', ''),
(16, 1, 'Out', '2016-06-09 19:46:10', ''),
(17, 1, 'In', '2016-06-09 19:46:14', ''),
(18, 1, 'Out', '2016-06-09 19:46:21', ''),
(19, 2, 'In', '2016-06-09 19:46:25', ''),
(20, 2, 'Out', '2016-06-09 19:46:31', ''),
(21, 2, 'In', '2016-06-09 20:06:34', ''),
(22, 2, 'Out', '2016-06-09 20:07:40', ''),
(23, 2, 'In', '2016-06-09 20:07:44', ''),
(24, 1, 'In', '2016-06-09 20:08:19', ''),
(25, 1, 'Out', '2016-06-09 20:10:15', ''),
(26, 2, 'Out', '2016-06-09 20:12:29', ''),
(27, 2, 'In', '2016-06-09 20:20:47', ''),
(28, 2, 'Out', '2016-06-09 20:25:47', '::1'),
(29, 2, 'In', '2016-06-09 20:25:51', '::1'),
(30, 2, 'Out', '2016-06-09 20:27:45', '::1'),
(31, 2, 'In', '2016-06-09 20:27:59', '::1'),
(32, 2, 'Out', '2016-06-09 20:33:46', '::1'),
(33, 1, 'In', '2016-06-09 20:33:56', '::1'),
(34, 1, 'In', '2016-06-09 20:34:56', '::1'),
(35, 1, 'Out', '2016-06-09 20:35:46', '::1'),
(36, 1, 'In', '2016-06-09 20:35:50', '::1'),
(37, 2, 'Out', '2016-06-09 20:37:07', '10.1.31.65'),
(38, 1, 'In', '2016-06-09 20:37:23', '10.1.31.65'),
(39, 1, 'Out', '2016-06-09 20:38:19', '::1'),
(40, 1, 'In', '2016-06-09 20:38:25', '::1'),
(41, 1, 'Out', '2016-06-09 20:38:40', '10.1.31.65'),
(42, 1, 'Out', '2016-06-09 20:42:07', '::1'),
(43, 1, 'In', '2016-06-09 20:42:10', '::1'),
(44, 1, 'Out', '2016-06-09 20:42:12', '::1'),
(45, 1, 'In', '2016-06-09 20:42:15', '::1'),
(46, 1, 'Out', '2016-06-09 20:42:56', '::1'),
(47, 2, 'In', '2016-06-09 20:43:16', '::1'),
(48, 2, 'Out', '2016-06-09 21:15:35', '::1'),
(49, 2, 'In', '2016-06-09 21:15:39', '::1'),
(50, 2, 'In', '2016-06-09 21:16:12', '::1'),
(51, 2, 'Out', '2016-06-09 21:16:50', '::1'),
(52, 2, 'In', '2016-06-09 21:17:21', '::1'),
(53, 2, 'Out', '2016-06-09 21:18:13', '::1'),
(54, 2, 'In', '2016-06-09 21:18:15', '::1'),
(55, 2, 'Out', '2016-06-09 21:18:54', '::1'),
(56, 2, 'In', '2016-06-09 21:18:57', '::1'),
(57, 1, 'In', '2016-06-09 21:21:24', '10.1.31.65'),
(58, 2, 'Out', '2016-06-09 21:23:53', '::1'),
(59, 2, 'In', '2016-06-09 21:23:57', '::1'),
(60, 1, 'Out', '2016-06-09 21:35:52', '10.1.31.65'),
(61, 2, 'In', '2016-06-10 10:03:20', '::1'),
(62, 2, 'In', '2016-06-10 10:34:25', '::1'),
(63, 2, 'Out', '2016-06-10 10:34:34', '::1'),
(64, 1, 'In', '2016-06-10 10:37:07', '::1'),
(65, 2, 'In', '2016-06-10 11:33:40', '::1'),
(66, 2, 'Out', '2016-06-10 11:44:03', '::1'),
(67, 2, 'In', '2016-06-10 11:44:07', '::1'),
(68, 2, 'In', '2016-06-10 12:00:07', '::1'),
(69, 2, 'Out', '2016-06-10 12:29:45', '::1'),
(70, 2, 'In', '2016-06-10 12:40:45', '::1'),
(71, 2, 'Out', '2016-06-10 12:43:26', '::1'),
(72, 2, 'In', '2016-06-10 12:50:20', '::1'),
(73, 2, 'Out', '2016-06-10 13:18:08', '::1'),
(74, 2, 'In', '2016-06-10 13:19:19', '::1'),
(75, 2, 'Out', '2016-06-10 13:21:19', '::1'),
(76, 2, 'In', '2016-06-10 13:21:29', '::1'),
(77, 2, 'Out', '2016-06-10 13:21:33', '::1'),
(78, 2, 'In', '2016-06-10 13:21:52', '::1'),
(79, 2, 'Out', '2016-06-10 13:22:24', '::1'),
(80, 1, 'In', '2016-06-10 13:22:44', '::1'),
(81, 1, 'Out', '2016-06-10 13:22:47', '::1'),
(82, 2, 'In', '2016-06-10 13:22:56', '::1'),
(83, 2, 'Out', '2016-06-10 13:24:51', '::1'),
(84, 2, 'In', '2016-06-10 13:25:05', '::1'),
(85, 2, 'Out', '2016-06-10 13:26:14', '::1'),
(86, 1, 'In', '2016-06-10 13:33:48', '::1'),
(87, 1, 'Out', '2016-06-10 13:35:05', '::1'),
(88, 2, 'In', '2016-06-10 13:35:16', '::1'),
(89, 2, 'Out', '2016-06-10 13:36:39', '::1'),
(90, 2, 'In', '2016-06-10 13:37:11', '::1'),
(91, 2, 'In', '2016-06-10 13:39:44', '::1'),
(92, 1, 'In', '2016-06-10 13:39:49', '::1'),
(93, 1, 'Out', '2016-06-10 14:11:01', '::1'),
(94, 2, 'In', '2016-06-10 14:11:09', '::1'),
(95, 2, 'Out', '2016-06-10 17:48:23', '::1'),
(96, 2, 'In', '2016-06-10 17:48:30', '::1'),
(97, 2, 'Out', '2016-06-10 17:50:23', '::1'),
(98, 1, 'In', '2016-06-10 17:50:30', '::1'),
(99, 1, 'Out', '2016-06-10 17:51:12', '::1'),
(100, 2, 'In', '2016-06-10 17:51:36', '::1'),
(101, 2, 'Out', '2016-06-10 18:20:16', '::1'),
(102, 2, 'In', '2016-06-10 18:21:48', '::1'),
(103, 2, 'Out', '2016-06-10 18:22:07', '::1'),
(104, 1, 'In', '2016-06-10 18:22:13', '::1'),
(105, 2, 'In', '2016-06-10 21:54:20', '::1'),
(106, 2, 'Out', '2016-06-10 21:55:52', '::1'),
(107, 2, 'In', '2016-06-10 21:55:58', '::1'),
(108, 2, 'Out', '2016-06-10 22:10:39', '::1'),
(109, 1, 'In', '2016-06-10 22:10:49', '::1'),
(110, 1, 'Out', '2016-06-10 22:21:45', '::1'),
(111, 1, 'In', '2016-06-10 22:21:49', '::1'),
(112, 2, 'In', '2016-06-10 22:22:29', '192.168.1.68'),
(113, 2, 'Out', '2016-06-10 22:40:26', '192.168.1.68'),
(114, 1, 'In', '2016-06-10 22:40:34', '192.168.1.68'),
(115, 1, 'Out', '2016-06-10 22:44:53', '192.168.1.68'),
(116, 2, 'In', '2016-06-10 22:45:16', '192.168.1.68'),
(117, 2, 'Out', '2016-06-10 22:47:25', '192.168.1.68'),
(118, 1, 'In', '2016-06-10 22:47:38', '192.168.1.68'),
(119, 1, 'Out', '2016-06-10 22:48:16', '192.168.1.68'),
(120, 2, 'In', '2016-06-10 22:48:38', '192.168.1.68'),
(121, 2, 'Out', '2016-06-10 22:48:56', '192.168.1.68'),
(122, 2, 'In', '2016-06-10 22:49:02', '192.168.1.68'),
(123, 2, 'Out', '2016-06-10 22:49:08', '192.168.1.68'),
(124, 1, 'In', '2016-06-10 22:49:34', '192.168.1.68'),
(125, 2, 'In', '2016-06-10 22:50:43', '192.168.1.68'),
(126, 2, 'Out', '2016-06-10 23:14:23', '192.168.1.68'),
(127, 2, 'In', '2016-06-10 23:14:27', '192.168.1.68'),
(128, 2, 'In', '2016-06-10 23:15:46', '192.168.1.69'),
(129, 2, 'Out', '2016-06-10 23:18:19', '192.168.1.69'),
(130, 1, 'In', '2016-06-10 23:18:49', '192.168.1.69'),
(131, 1, 'Out', '2016-06-10 23:19:22', '192.168.1.69'),
(132, 1, 'In', '2016-06-10 23:19:44', '192.168.1.69'),
(133, 1, 'Out', '2016-06-10 23:22:04', '192.168.1.69'),
(134, 2, 'In', '2016-06-10 23:22:39', '192.168.1.69'),
(135, 2, 'Out', '2016-06-13 09:26:39', '::1'),
(136, 1, 'In', '2016-06-13 09:26:45', '::1'),
(137, 1, 'Out', '2016-06-13 10:29:40', '::1'),
(138, 2, 'In', '2016-06-13 10:29:46', '::1'),
(139, 1, 'In', '2016-06-13 10:55:35', '::1'),
(140, 2, 'In', '2016-06-13 10:57:41', '::1'),
(141, 2, 'In', '2016-06-13 10:58:36', '192.168.0.42'),
(142, 2, 'Out', '2016-06-13 11:03:09', '192.168.0.42'),
(143, 2, 'In', '2016-06-13 11:03:13', '192.168.0.42'),
(144, 2, 'Out', '2016-06-13 11:03:35', '192.168.0.42'),
(145, 2, 'In', '2016-06-13 11:03:44', '192.168.0.42'),
(146, 2, 'Out', '2016-06-13 11:06:11', '192.168.0.42'),
(147, 2, 'In', '2016-06-13 11:06:15', '192.168.0.42'),
(148, 2, 'Out', '2016-06-13 11:07:48', '192.168.0.42'),
(149, 2, 'In', '2016-06-13 11:09:18', '192.168.0.42'),
(150, 2, 'Out', '2016-06-13 11:11:44', '192.168.0.42'),
(151, 1, 'In', '2016-06-13 11:12:54', '192.168.0.42'),
(152, 2, 'In', '2016-06-13 11:13:54', '192.168.0.42'),
(153, 2, 'Out', '2016-06-13 11:19:37', '192.168.0.42'),
(154, 2, 'In', '2016-06-13 11:19:46', '192.168.0.42'),
(155, 2, 'Out', '2016-06-13 11:25:23', 'localhost/unknown'),
(156, 2, 'In', '2016-06-13 11:25:28', 'localhost/unknown'),
(157, 1, 'In', '2016-06-13 11:26:52', 'localhost/unknown'),
(158, 1, 'Out', '2016-06-13 11:28:00', 'localhost/unknown'),
(159, 2, 'In', '2016-06-13 11:28:05', 'localhost/unknown'),
(160, 2, 'Out', '2016-06-13 11:29:15', 'localhost/unknown'),
(161, 1, 'In', '2016-06-13 11:29:20', 'localhost/unknown'),
(162, 1, 'Out', '2016-06-13 11:29:53', 'localhost/unknown'),
(163, 2, 'In', '2016-06-13 11:29:57', 'localhost/unknown'),
(164, 2, 'Out', '2016-06-13 11:30:13', 'localhost/unknown'),
(165, 2, 'In', '2016-06-13 11:30:20', 'localhost/unknown'),
(166, 2, 'Out', '2016-06-13 11:30:51', '192.168.0.42'),
(167, 2, 'In', '2016-06-13 11:30:55', '192.168.0.42'),
(168, 2, 'In', '2016-06-13 12:48:56', '10.1.31.59'),
(169, 2, 'Out', '2016-06-13 12:49:00', '10.1.31.59'),
(170, 1, 'In', '2016-06-13 12:49:20', '10.1.31.59'),
(171, 1, 'Out', '2016-06-13 13:04:48', '10.1.31.59'),
(172, 2, 'In', '2016-06-13 13:07:37', '10.1.31.59'),
(173, 2, 'Out', '2016-06-13 13:07:40', '10.1.31.59'),
(174, 2, 'In', '2016-06-13 13:07:48', '10.1.31.59'),
(175, 2, 'Out', '2016-06-13 13:08:51', '10.1.31.59'),
(176, 2, 'In', '2016-06-13 13:09:03', '10.1.31.59'),
(177, 2, 'In', '2016-06-13 13:15:59', '10.1.31.65'),
(178, 2, 'Out', '2016-06-13 13:29:21', '10.1.31.59'),
(179, 2, 'In', '2016-06-13 13:29:25', '10.1.31.59'),
(180, 2, 'Out', '2016-06-13 13:29:29', '10.1.31.59'),
(181, 1, 'In', '2016-06-13 13:39:14', '10.1.31.59'),
(182, 1, 'Out', '2016-06-13 13:46:44', '10.1.31.59'),
(183, 2, 'In', '2016-06-13 13:46:50', '10.1.31.59'),
(184, 2, 'Out', '2016-06-13 13:54:00', '10.1.31.59'),
(185, 2, 'In', '2016-06-13 13:54:21', '10.1.31.59'),
(186, 2, 'Out', '2016-06-13 13:56:15', '10.1.31.59'),
(187, 1, 'In', '2016-06-13 13:56:30', '10.1.31.59'),
(188, 1, 'Out', '2016-06-13 13:57:08', '10.1.31.59'),
(189, 1, 'In', '2016-06-13 14:00:01', '10.1.31.59'),
(190, 1, 'Out', '2016-06-13 14:06:21', '10.1.31.59'),
(191, 1, 'In', '2016-06-13 14:06:52', '10.1.31.59'),
(192, 1, 'Out', '2016-06-13 14:06:57', '10.1.31.59'),
(193, 2, 'In', '2016-06-13 14:07:05', '10.1.31.59'),
(194, 2, 'Out', '2016-06-13 14:25:26', '10.1.31.59'),
(195, 2, 'In', '2016-06-13 14:28:31', '10.1.31.59'),
(196, 2, 'Out', '2016-06-13 15:03:07', '10.1.31.59'),
(197, 1, 'In', '2016-06-13 15:06:41', '10.1.31.59'),
(198, 1, 'Out', '2016-06-13 16:09:36', '10.1.31.59'),
(199, 2, 'In', '2016-06-13 16:09:39', '10.1.31.59'),
(200, 2, 'In', '2016-06-13 16:18:41', '10.1.31.59'),
(201, 2, 'Out', '2016-06-13 16:21:17', '10.1.31.59'),
(202, 2, 'In', '2016-06-13 16:21:23', '10.1.31.59'),
(203, 2, 'Out', '2016-06-13 16:31:33', '10.1.31.59'),
(204, 2, 'In', '2016-06-13 16:31:36', '10.1.31.59'),
(205, 2, 'Out', '2016-06-13 17:01:52', '10.1.31.59'),
(206, 1, 'In', '2016-06-13 17:01:56', '10.1.31.59'),
(207, 2, 'In', '2016-06-13 18:03:00', '10.1.31.59'),
(208, 2, 'Out', '2016-06-13 18:11:08', '10.1.31.59'),
(209, 1, 'In', '2016-06-13 18:11:12', '10.1.31.59'),
(210, 2, 'In', '2016-06-13 22:30:20', '192.168.1.68'),
(211, 2, 'Out', '2016-06-13 22:51:58', '192.168.1.68'),
(212, 1, 'In', '2016-06-13 22:52:02', '192.168.1.68'),
(213, 1, 'Out', '2016-06-14 00:07:58', '192.168.1.68'),
(214, 2, 'In', '2016-06-14 00:08:06', '192.168.1.68'),
(215, 2, 'Out', '2016-06-14 09:59:14', '192.168.0.42'),
(216, 1, 'In', '2016-06-14 09:59:17', '192.168.0.42'),
(217, 1, 'Out', '2016-06-14 10:22:10', '192.168.0.42'),
(218, 2, 'In', '2016-06-14 10:22:13', '192.168.0.42'),
(219, 2, 'Out', '2016-06-14 10:22:41', '192.168.0.42'),
(220, 1, 'In', '2016-06-14 10:22:46', '192.168.0.42'),
(221, 1, 'Out', '2016-06-14 10:27:46', '192.168.0.42'),
(222, 2, 'In', '2016-06-14 10:27:49', '192.168.0.42'),
(223, 2, 'Out', '2016-06-14 10:28:20', '192.168.0.42'),
(224, 1, 'In', '2016-06-14 10:28:24', '192.168.0.42'),
(225, 2, 'In', '2016-06-14 13:05:14', '10.1.31.59'),
(226, 2, 'In', '2016-06-14 13:26:37', '10.1.31.59'),
(227, 2, 'Out', '2016-06-14 14:37:15', '10.1.31.59'),
(228, 1, 'In', '2016-06-14 14:37:20', '10.1.31.59'),
(229, 1, 'Out', '2016-06-14 14:37:39', '10.1.31.59'),
(230, 2, 'In', '2016-06-14 14:37:42', '10.1.31.59'),
(231, 2, 'Out', '2016-06-14 16:36:15', '10.1.31.59'),
(232, 1, 'In', '2016-06-14 16:36:19', '10.1.31.59'),
(233, 1, 'Out', '2016-06-14 17:57:32', '10.1.31.59'),
(234, 2, 'In', '2016-06-14 17:57:36', '10.1.31.59'),
(235, 2, 'Out', '2016-06-14 18:31:08', '10.1.31.59'),
(236, 1, 'In', '2016-06-14 18:31:11', '10.1.31.59'),
(237, 1, 'Out', '2016-06-14 18:32:33', '10.1.31.59'),
(238, 2, 'In', '2016-06-14 18:32:35', '10.1.31.59'),
(239, 2, 'Out', '2016-06-14 18:33:13', '10.1.31.59'),
(240, 1, 'In', '2016-06-14 18:33:17', '10.1.31.59'),
(241, 1, 'Out', '2016-06-14 18:35:16', '10.1.31.59'),
(242, 2, 'In', '2016-06-14 18:35:28', '10.1.31.59'),
(243, 2, 'Out', '2016-06-14 18:39:56', '10.1.31.59'),
(244, 2, 'In', '2016-06-14 18:39:59', '10.1.31.59'),
(245, 2, 'In', '2016-06-14 18:42:02', '10.1.31.59'),
(246, 2, 'In', '2016-06-14 18:46:23', '10.1.31.59'),
(247, 2, 'Out', '2016-06-14 18:49:43', '10.1.31.59'),
(248, 2, 'In', '2016-06-14 18:49:47', '10.1.31.59'),
(249, 2, 'In', '2016-06-14 18:51:30', '10.1.31.59'),
(250, 2, 'Out', '2016-06-14 18:57:33', '10.1.31.59'),
(251, 1, 'In', '2016-06-14 18:57:37', '10.1.31.59'),
(252, 1, 'Out', '2016-06-14 19:01:38', '10.1.31.59'),
(253, 2, 'In', '2016-06-14 19:01:42', '10.1.31.59'),
(254, 2, 'Out', '2016-06-14 19:02:36', '10.1.31.59'),
(255, 1, 'Out', '2016-06-14 21:54:33', '192.168.1.68'),
(256, 2, 'In', '2016-06-14 21:54:38', '192.168.1.68'),
(257, 1, 'In', '2016-06-14 21:57:02', '192.168.1.94'),
(258, 2, 'Out', '2016-06-14 21:58:44', '192.168.1.68'),
(259, 2, 'In', '2016-06-14 21:58:59', '192.168.1.68'),
(260, 2, 'Out', '2016-06-14 22:05:09', '192.168.1.68'),
(261, 2, 'In', '2016-06-14 22:08:57', '192.168.1.68'),
(262, 2, 'Out', '2016-06-14 22:17:21', '192.168.1.68'),
(263, 2, 'In', '2016-06-14 22:17:33', '192.168.1.68'),
(264, 2, 'Out', '2016-06-14 22:18:54', '192.168.1.68'),
(265, 2, 'In', '2016-06-14 22:18:58', '192.168.1.68'),
(266, 2, 'Out', '2016-06-15 00:05:46', '192.168.1.68'),
(267, 3, 'In', '2016-06-15 00:06:03', '192.168.1.68'),
(268, 3, 'Out', '2016-06-15 00:11:54', '192.168.1.68'),
(269, 2, 'In', '2016-06-15 00:12:00', '192.168.1.68'),
(270, 2, 'Out', '2016-06-15 00:12:15', '192.168.1.68'),
(271, 1, 'In', '2016-06-15 00:12:21', '192.168.1.68'),
(272, 1, 'Out', '2016-06-15 00:16:23', '192.168.1.68'),
(273, 2, 'In', '2016-06-15 00:16:27', '192.168.1.68'),
(274, 2, 'Out', '2016-06-15 00:31:30', '192.168.1.68'),
(275, 2, 'In', '2016-06-15 00:31:34', '192.168.1.68'),
(276, 2, 'Out', '2016-06-15 00:41:18', '192.168.1.68'),
(277, 3, 'In', '2016-06-15 00:41:24', '192.168.1.68'),
(278, 3, 'Out', '2016-06-15 00:41:44', '192.168.1.68'),
(279, 3, 'In', '2016-06-15 00:41:51', '192.168.1.68'),
(280, 3, 'Out', '2016-06-15 00:43:45', '192.168.1.68'),
(281, 1, 'In', '2016-06-15 00:44:02', '192.168.1.68'),
(282, 3, 'In', '2016-06-15 11:19:02', '192.168.0.42'),
(283, 3, 'Out', '2016-06-15 11:20:57', '192.168.0.42'),
(284, 1, 'In', '2016-06-15 11:21:02', '192.168.0.42'),
(285, 1, 'Out', '2016-06-15 12:36:25', '192.168.0.42'),
(286, 1, 'In', '2016-06-15 12:36:31', '192.168.0.42'),
(287, 1, 'Out', '2016-06-15 12:36:34', '192.168.0.42'),
(288, 2, 'In', '2016-06-15 12:36:36', '192.168.0.42'),
(289, 2, 'Out', '2016-06-15 12:36:39', '192.168.0.42'),
(290, 3, 'In', '2016-06-15 12:36:43', '192.168.0.42'),
(291, 3, 'Out', '2016-06-15 12:36:46', '192.168.0.42'),
(292, 4, 'In', '2016-06-15 12:36:59', '192.168.0.42'),
(293, 4, 'Out', '2016-06-15 12:37:03', '192.168.0.42'),
(294, 5, 'In', '2016-06-15 12:37:07', '192.168.0.42'),
(295, 5, 'Out', '2016-06-15 12:37:10', '192.168.0.42'),
(296, 6, 'In', '2016-06-15 12:37:19', '192.168.0.42'),
(297, 6, 'Out', '2016-06-15 12:57:04', '192.168.0.42'),
(298, 2, 'In', '2016-06-15 12:57:08', '192.168.0.42'),
(299, 2, 'Out', '2016-06-15 12:57:31', '192.168.0.42'),
(300, 5, 'In', '2016-06-15 12:57:40', '192.168.0.42'),
(301, 5, 'Out', '2016-06-15 12:58:09', '192.168.0.42'),
(302, 2, 'In', '2016-06-15 12:58:14', '192.168.0.42'),
(303, 2, 'Out', '2016-06-15 12:58:30', '192.168.0.42'),
(304, 1, 'In', '2016-06-15 12:58:36', '192.168.0.42'),
(305, 4, 'In', '2016-06-15 12:58:55', '192.168.0.42'),
(306, 4, 'In', '2016-06-15 12:59:25', '192.168.0.42'),
(307, 4, 'Out', '2016-06-15 12:59:48', '192.168.0.42'),
(308, 3, 'In', '2016-06-15 12:59:51', '192.168.0.42'),
(309, 3, 'Out', '2016-06-15 13:01:28', '192.168.0.42'),
(310, 2, 'In', '2016-06-15 13:01:31', '192.168.0.42'),
(311, 2, 'Out', '2016-06-15 13:01:59', '192.168.0.42'),
(312, 2, 'In', '2016-06-15 13:02:02', '192.168.0.42'),
(313, 2, 'Out', '2016-06-15 13:09:47', '192.168.0.42'),
(314, 1, 'In', '2016-06-15 13:09:52', '192.168.0.42'),
(315, 1, 'Out', '2016-06-15 13:57:30', '192.168.0.42'),
(316, 2, 'In', '2016-06-15 13:57:33', '192.168.0.42'),
(317, 2, 'Out', '2016-06-15 13:58:35', '192.168.0.42'),
(318, 3, 'In', '2016-06-15 13:58:40', '192.168.0.42'),
(319, 3, 'Out', '2016-06-15 13:58:45', '192.168.0.42'),
(320, 1, 'In', '2016-06-15 13:58:52', '192.168.0.42'),
(321, 1, 'Out', '2016-06-15 13:59:05', '192.168.0.42'),
(322, 4, 'In', '2016-06-15 13:59:13', '192.168.0.42'),
(323, 4, 'Out', '2016-06-15 13:59:23', '192.168.0.42'),
(324, 5, 'In', '2016-06-15 13:59:30', '192.168.0.42'),
(325, 5, 'Out', '2016-06-15 14:04:48', '192.168.0.42'),
(326, 3, 'In', '2016-06-15 14:04:55', '192.168.0.42'),
(327, 3, 'Out', '2016-06-15 14:05:09', '192.168.0.42'),
(328, 2, 'In', '2016-06-15 14:05:12', '192.168.0.42'),
(329, 2, 'Out', '2016-06-15 14:05:22', '192.168.0.42'),
(330, 4, 'In', '2016-06-15 14:05:25', '192.168.0.42'),
(331, 2, 'In', '2016-06-15 14:11:54', '192.168.0.42'),
(332, 2, 'In', '2016-06-15 14:12:18', '192.168.0.42'),
(333, 2, 'In', '2016-06-15 14:22:51', '192.168.0.42'),
(334, 2, 'Out', '2016-06-15 14:24:22', '192.168.0.42'),
(335, 3, 'In', '2016-06-15 14:24:31', '192.168.0.42'),
(336, 3, 'Out', '2016-06-15 14:24:48', '192.168.0.42'),
(337, 4, 'In', '2016-06-15 14:24:56', '192.168.0.42'),
(338, 4, 'Out', '2016-06-15 14:25:28', '192.168.0.42'),
(339, 5, 'In', '2016-06-15 14:25:32', '192.168.0.42'),
(340, 5, 'Out', '2016-06-15 14:26:17', '192.168.0.42'),
(341, 1, 'In', '2016-06-15 14:26:23', '192.168.0.42'),
(342, 1, 'Out', '2016-06-15 14:27:55', '192.168.0.42'),
(343, 6, 'In', '2016-06-15 14:28:00', '192.168.0.42'),
(344, 6, 'Out', '2016-06-15 14:28:16', '192.168.0.42'),
(345, 2, 'In', '2016-06-15 14:28:19', '192.168.0.42'),
(346, 2, 'Out', '2016-06-15 14:54:18', '192.168.0.42'),
(347, 6, 'In', '2016-06-15 14:54:28', '192.168.0.42'),
(348, 6, 'Out', '2016-06-15 14:55:06', '192.168.0.42'),
(349, 2, 'In', '2016-06-15 14:55:11', '192.168.0.42'),
(350, 2, 'Out', '2016-06-15 15:58:04', '192.168.0.42'),
(351, 2, 'In', '2016-06-15 15:58:08', '192.168.0.42'),
(352, 2, 'In', '2016-06-15 16:09:13', '192.168.0.42'),
(353, 3, 'In', '2016-06-15 16:09:22', '192.168.0.42'),
(354, 3, 'Out', '2016-06-15 16:09:48', '192.168.0.42'),
(355, 1, 'In', '2016-06-15 16:09:53', '192.168.0.42'),
(356, 1, 'Out', '2016-06-15 16:10:20', '192.168.0.42'),
(357, 6, 'In', '2016-06-15 16:10:24', '192.168.0.42'),
(358, 6, 'Out', '2016-06-15 16:16:43', '192.168.0.42'),
(359, 1, 'In', '2016-06-15 16:16:50', '192.168.0.42'),
(360, 1, 'Out', '2016-06-15 16:16:55', '192.168.0.42'),
(361, 4, 'In', '2016-06-15 16:17:01', '192.168.0.42'),
(362, 4, 'Out', '2016-06-15 16:17:45', '192.168.0.42'),
(363, 5, 'In', '2016-06-15 16:23:00', '192.168.0.42'),
(364, 5, 'Out', '2016-06-15 16:44:02', '192.168.0.42'),
(365, 2, 'In', '2016-06-15 16:49:58', '192.168.0.42'),
(366, 2, 'Out', '2016-06-15 16:52:15', '192.168.0.42'),
(367, 2, 'In', '2016-06-15 16:52:44', '192.168.0.42'),
(368, 2, 'Out', '2016-06-15 16:58:27', '192.168.0.42'),
(369, 2, 'In', '2016-06-15 16:59:45', '192.168.0.42'),
(370, 2, 'Out', '2016-06-15 17:01:02', '192.168.0.42'),
(371, 1, 'In', '2016-06-15 17:01:09', '192.168.0.42'),
(372, 1, 'Out', '2016-06-15 17:14:20', '192.168.0.42'),
(373, 6, 'In', '2016-06-15 17:14:24', '192.168.0.42'),
(374, 6, 'Out', '2016-06-15 17:15:42', '192.168.0.42'),
(375, 2, 'In', '2016-06-15 17:15:45', '192.168.0.42'),
(376, 3, 'In', '2016-06-15 17:23:58', '192.168.0.42'),
(377, 3, 'Out', '2016-06-15 17:24:33', '192.168.0.42'),
(378, 1, 'In', '2016-06-15 17:24:38', '192.168.0.42'),
(379, 1, 'Out', '2016-06-15 17:25:19', '192.168.0.42'),
(380, 5, 'In', '2016-06-15 17:25:26', '192.168.0.42'),
(381, 5, 'Out', '2016-06-15 17:25:49', '192.168.0.42'),
(382, 4, 'In', '2016-06-15 17:25:53', '192.168.0.42'),
(383, 4, 'Out', '2016-06-15 17:26:54', '192.168.0.42'),
(384, 5, 'In', '2016-06-15 17:27:09', '192.168.0.42'),
(385, 5, 'Out', '2016-06-15 17:27:30', '192.168.0.42'),
(386, 2, 'In', '2016-06-15 17:27:38', '192.168.0.42'),
(387, 5, 'In', '2016-06-15 17:28:23', '192.168.0.42'),
(388, 5, 'Out', '2016-06-15 17:29:58', '192.168.0.42'),
(389, 3, 'In', '2016-06-15 17:30:06', '192.168.0.42'),
(390, 3, 'Out', '2016-06-15 17:31:13', '192.168.0.42'),
(391, 2, 'In', '2016-06-15 18:27:20', '192.168.0.42'),
(392, 2, 'In', '2016-06-15 21:04:08', '192.168.0.42'),
(393, 2, 'Out', '2016-06-15 21:04:13', '192.168.0.42'),
(394, 2, 'In', '2016-06-15 21:04:16', '192.168.0.42'),
(395, 2, 'Out', '2016-06-15 21:05:52', '192.168.0.42'),
(396, 6, 'In', '2016-06-15 21:07:03', '192.168.0.42'),
(397, 6, 'Out', '2016-06-15 21:10:12', '192.168.0.42'),
(398, 2, 'In', '2016-06-15 21:10:18', '192.168.0.42'),
(399, 2, 'Out', '2016-06-16 09:26:12', '192.168.0.42'),
(400, 2, 'In', '2016-06-16 09:26:15', '192.168.0.42'),
(401, 2, 'Out', '2016-06-16 10:09:57', '192.168.0.42'),
(402, 2, 'In', '2016-06-16 10:10:04', '192.168.0.42'),
(403, 2, 'Out', '2016-06-16 10:33:32', '192.168.0.42'),
(404, 2, 'In', '2016-06-16 10:33:35', '192.168.0.42'),
(405, 2, 'Out', '2016-06-16 10:34:06', '192.168.0.42'),
(406, 6, 'In', '2016-06-16 10:34:12', '192.168.0.42'),
(407, 6, 'Out', '2016-06-16 10:52:41', '192.168.0.42'),
(408, 1, 'In', '2016-06-16 10:52:46', '192.168.0.42'),
(409, 1, 'Out', '2016-06-16 10:53:02', '192.168.0.42'),
(410, 4, 'In', '2016-06-16 10:53:08', '192.168.0.42');

-- --------------------------------------------------------

--
-- Table structure for table `employee_webpage`
--

CREATE TABLE `employee_webpage` (
  `EMP_WEB_ID` int(11) NOT NULL,
  `EMP_ID` int(11) NOT NULL,
  `PAGE_ID` int(11) NOT NULL,
  `GRANTED_DATE` datetime NOT NULL,
  `NOTES` text NOT NULL
) ENGINE=InnoDB DEFAULT CHARSET=latin1;

--
-- Dumping data for table `employee_webpage`
--

INSERT INTO `employee_webpage` (`EMP_WEB_ID`, `EMP_ID`, `PAGE_ID`, `GRANTED_DATE`, `NOTES`) VALUES
(1, 6, 1, '2015-06-10 12:30:00', ''),
(2, 6, 2, '2015-06-10 12:30:00', ''),
(3, 6, 101, '2015-06-10 12:30:00', ''),
(4, 6, 102, '2015-06-10 12:30:00', ''),
(5, 6, 103, '2015-06-10 12:30:00', ''),
(6, 6, 104, '2015-06-10 12:30:00', ''),
(7, 6, 1001, '2015-06-10 12:30:00', ''),
(8, 6, 1002, '2015-06-10 12:30:00', ''),
(9, 6, 1101, '2015-06-10 12:30:00', ''),
(10, 6, 1201, '2015-06-10 12:30:00', ''),
(11, 6, 1202, '2015-06-10 12:30:00', ''),
(12, 6, 1203, '2015-06-10 12:30:00', ''),
(13, 6, 1301, '2015-06-10 12:30:00', ''),
(14, 6, 2001, '2015-06-10 12:30:00', ''),
(15, 6, 2002, '2015-06-10 12:30:00', ''),
(16, 6, 3001, '2015-06-10 12:30:00', ''),
(17, 6, 4001, '2015-06-10 12:30:00', ''),
(18, 6, 4002, '2015-06-10 12:30:00', ''),
(19, 6, 4003, '2015-06-10 12:30:00', ''),
(20, 6, 4004, '2015-06-10 12:30:00', ''),
(21, 1, 1, '2015-06-10 12:30:00', ''),
(22, 1, 2, '2015-06-10 12:30:00', ''),
(23, 1, 101, '2015-06-10 12:30:00', ''),
(24, 1, 102, '2015-06-10 12:30:00', ''),
(25, 1, 103, '2015-06-10 12:30:00', ''),
(26, 1, 104, '2015-06-10 12:30:00', ''),
(27, 1, 1001, '2015-06-10 12:30:00', ''),
(28, 1, 1002, '2015-06-10 12:30:00', ''),
(29, 1, 1101, '2015-06-10 12:30:00', ''),
(30, 1, 1201, '2015-06-10 12:30:00', ''),
(31, 1, 1202, '2015-06-10 12:30:00', ''),
(32, 1, 1203, '2015-06-10 12:30:00', ''),
(33, 1, 1301, '2015-06-10 12:30:00', ''),
(34, 1, 4001, '2015-06-10 12:30:00', ''),
(35, 1, 4002, '2015-06-10 12:30:00', ''),
(36, 1, 4003, '2015-06-10 12:30:00', ''),
(37, 1, 4004, '2015-06-10 12:30:00', ''),
(38, 2, 1, '2015-06-10 12:30:00', ''),
(39, 2, 2, '2015-06-10 12:30:00', ''),
(40, 2, 101, '2015-06-10 12:30:00', ''),
(41, 2, 102, '2015-06-10 12:30:00', ''),
(42, 2, 103, '2015-06-10 12:30:00', ''),
(43, 2, 104, '2015-06-10 12:30:00', ''),
(44, 2, 1001, '2015-06-10 12:30:00', ''),
(45, 2, 1002, '2015-06-10 12:30:00', ''),
(46, 2, 1101, '2015-06-10 12:30:00', ''),
(47, 2, 1301, '2015-06-10 12:30:00', ''),
(48, 3, 1, '2015-06-10 12:30:00', ''),
(49, 3, 2, '2015-06-10 12:30:00', ''),
(50, 3, 101, '2015-06-10 12:30:00', ''),
(51, 3, 102, '2015-06-10 12:30:00', ''),
(52, 3, 103, '2015-06-10 12:30:00', ''),
(53, 3, 104, '2015-06-10 12:30:00', ''),
(54, 3, 1001, '2015-06-10 12:30:00', ''),
(55, 3, 1002, '2015-06-10 12:30:00', ''),
(56, 3, 1101, '2015-06-10 12:30:00', ''),
(57, 3, 1301, '2015-06-10 12:30:00', ''),
(58, 4, 1, '2015-06-10 12:30:00', ''),
(59, 4, 2, '2015-06-10 12:30:00', ''),
(60, 4, 101, '2015-06-10 12:30:00', ''),
(61, 4, 102, '2015-06-10 12:30:00', ''),
(62, 4, 103, '2015-06-10 12:30:00', ''),
(63, 4, 104, '2015-06-10 12:30:00', ''),
(64, 4, 1001, '2015-06-10 12:30:00', ''),
(65, 4, 1002, '2015-06-10 12:30:00', ''),
(66, 4, 1101, '2015-06-10 12:30:00', ''),
(67, 4, 1301, '2015-06-10 12:30:00', ''),
(68, 5, 1, '2015-06-10 12:30:00', ''),
(69, 5, 2, '2015-06-10 12:30:00', ''),
(70, 5, 101, '2015-06-10 12:30:00', ''),
(71, 5, 102, '2015-06-10 12:30:00', ''),
(72, 5, 103, '2015-06-10 12:30:00', ''),
(73, 5, 104, '2015-06-10 12:30:00', ''),
(74, 5, 1001, '2015-06-10 12:30:00', ''),
(75, 5, 1002, '2015-06-10 12:30:00', ''),
(76, 5, 1101, '2015-06-10 12:30:00', ''),
(77, 5, 1301, '2015-06-10 12:30:00', '');

-- --------------------------------------------------------

--
-- Table structure for table `page_tabs`
--

CREATE TABLE `page_tabs` (
  `P_TAB_ID` int(11) NOT NULL,
  `PAGE_ID` int(11) NOT NULL,
  `TAB_PAGE_ID` int(11) NOT NULL
) ENGINE=InnoDB DEFAULT CHARSET=latin1;

--
-- Dumping data for table `page_tabs`
--

INSERT INTO `page_tabs` (`P_TAB_ID`, `PAGE_ID`, `TAB_PAGE_ID`) VALUES
(1, 103, 104),
(2, 103, 1101),
(3, 103, 102),
(4, 104, 103),
(5, 104, 1101),
(6, 104, 102),
(7, 1001, 101),
(8, 1001, 102),
(9, 1001, 1101),
(10, 1002, 103),
(11, 1002, 104),
(12, 1002, 1101),
(13, 1101, 103),
(14, 1101, 104),
(15, 1101, 102);

-- --------------------------------------------------------

--
-- Table structure for table `positions`
--

CREATE TABLE `positions` (
  `POS_ID` int(11) NOT NULL,
  `POS_NAME` varchar(50) NOT NULL,
  `POS_DESCR` text NOT NULL,
  `POS_NOTES` text NOT NULL
) ENGINE=InnoDB DEFAULT CHARSET=latin1;

--
-- Dumping data for table `positions`
--

INSERT INTO `positions` (`POS_ID`, `POS_NAME`, `POS_DESCR`, `POS_NOTES`) VALUES
(1, 'Director/Directress', '', ''),
(2, 'Manager', '', ''),
(3, 'Educator/Educatress', '', ''),
(4, 'Assistance Educator/Educatress', '', ''),
(5, 'General Assisstance', '', ''),
(6, 'Casual Worker', '', ''),
(7, 'System Admin', '', ''),
(8, 'Super User', '', '');

-- --------------------------------------------------------

--
-- Table structure for table `students`
--

CREATE TABLE `students` (
  `STU_ID` int(11) NOT NULL,
  `STU_FIRST_NAME` varchar(50) NOT NULL,
  `STU_LAST_NAME` varchar(25) NOT NULL,
  `STU_BIRTHDATE` date NOT NULL,
  `STU_SEX` varchar(1) NOT NULL,
  `STU_PHOTO` varchar(50) NOT NULL,
  `STU_START_DATE` date NOT NULL,
  `STU_GRAD_DATE` date NOT NULL,
  `STU_DAILY_FEE` float NOT NULL,
  `STU_CREDENTIAL` varchar(10) NOT NULL,
  `STU_NOTES` text NOT NULL
) ENGINE=InnoDB DEFAULT CHARSET=latin1;

--
-- Dumping data for table `students`
--

INSERT INTO `students` (`STU_ID`, `STU_FIRST_NAME`, `STU_LAST_NAME`, `STU_BIRTHDATE`, `STU_SEX`, `STU_PHOTO`, `STU_START_DATE`, `STU_GRAD_DATE`, `STU_DAILY_FEE`, `STU_CREDENTIAL`, `STU_NOTES`) VALUES
(1, 'Aiden', '	Tremblay', '2011-04-07', 'M', 'images/student_photos/1.png', '0000-00-00', '0000-00-00', 0, '', ''),
(2, 'Emma', 'Smith', '2013-06-24', 'F', 'images/student_photos/2.png', '0000-00-00', '0000-00-00', 0, '', ''),
(3, 'Jackson', 'Lam', '2013-09-20', 'M', 'images/student_photos/3.png', '0000-00-00', '0000-00-00', 0, '', ''),
(4, 'Sophia', 'Martin', '2014-01-10', 'F', 'images/student_photos/4.png', '0000-00-00', '0000-00-00', 0, '', ''),
(5, 'Ethan', 'Brown', '2011-11-19', 'M', 'images/student_photos/5.png', '0000-00-00', '0000-00-00', 0, '', ''),
(6, 'Olivia', 'Roy', '2012-09-21', 'F', 'images/student_photos/6.png', '0000-00-00', '0000-00-00', 0, '', ''),
(7, 'Liam', 'Gagnon', '2013-11-21', 'M', 'images/student_photos/7.png', '0000-00-00', '0000-00-00', 0, '', ''),
(8, 'Isabella', 'Li', '2014-12-24', 'F', 'images/student_photos/8.png', '0000-00-00', '0000-00-00', 0, '', ''),
(9, 'Mason', 'Wilson', '2014-03-14', 'M', 'images/student_photos/9.png', '0000-00-00', '0000-00-00', 0, '', ''),
(10, 'Ava', 'Miller', '2011-07-13', 'F', 'images/student_photos/10.png', '0000-00-00', '0000-00-00', 0, '', ''),
(11, 'Daniel', 'Burk', '2013-06-15', 'M', 'images/student_photos/11.png', '0000-00-00', '0000-00-00', 0, '', ''),
(12, 'Rossy', 'Tweed', '2011-07-17', 'F', 'images/student_photos/12.png', '0000-00-00', '0000-00-00', 0, '', ''),
(13, 'Jacky', 'Lee', '2012-07-03', 'M', 'images/student_photos/13.png', '0000-00-00', '0000-00-00', 0, '', ''),
(14, 'Yun', 'Kang', '2015-04-10', 'F', 'images/student_photos/14.png', '0000-00-00', '0000-00-00', 0, '', ''),
(15, 'Vicky', 'Mohamed', '2012-01-09', 'M', 'images/student_photos/15.png', '0000-00-00', '0000-00-00', 0, '', ''),
(16, 'Alfred', 'Kenny', '2015-03-28', 'F', 'images/student_photos/16.png', '0000-00-00', '0000-00-00', 0, '', ''),
(17, 'Vincent', 'Nguyen', '2015-03-01', 'M', 'images/student_photos/17.png', '0000-00-00', '0000-00-00', 0, '', ''),
(18, 'Angela', 'Li', '2014-05-30', 'F', 'images/student_photos/18.png', '0000-00-00', '0000-00-00', 0, '', ''),
(19, 'Jacob', 'Walker', '2013-05-04', 'M', 'images/student_photos/19.png', '0000-00-00', '0000-00-00', 0, '', ''),
(20, 'Cathy', 'Allen', '2011-11-23', 'F', 'images/student_photos/20.png', '0000-00-00', '0000-00-00', 0, '', '');

-- --------------------------------------------------------

--
-- Table structure for table `student_activity_educator`
--

CREATE TABLE `student_activity_educator` (
  `STU_ACT_EDR_ID` int(11) NOT NULL,
  `STU_ID` int(11) NOT NULL,
  `ACT_ID` int(11) NOT NULL,
  `EDR_ID` int(11) NOT NULL,
  `DATE` date NOT NULL,
  `DURATION_MINS` smallint(6) NOT NULL,
  `COMPLETENESS_PCT` smallint(6) NOT NULL,
  `EVALUATION` smallint(6) NOT NULL
) ENGINE=InnoDB DEFAULT CHARSET=latin1;

-- --------------------------------------------------------

--
-- Table structure for table `student_attendances`
--

CREATE TABLE `student_attendances` (
  `STU_ATT_ID` int(11) NOT NULL,
  `STU_ID` int(11) NOT NULL,
  `EVENT_TYPE` varchar(5) NOT NULL,
  `DATE_TIME` datetime NOT NULL,
  `EMP_ID` int(11) NOT NULL,
  `IP_ADDR` varchar(50) NOT NULL,
  `NOTES` text NOT NULL
) ENGINE=InnoDB DEFAULT CHARSET=latin1;

--
-- Dumping data for table `student_attendances`
--

INSERT INTO `student_attendances` (`STU_ATT_ID`, `STU_ID`, `EVENT_TYPE`, `DATE_TIME`, `EMP_ID`, `IP_ADDR`, `NOTES`) VALUES
(489, 5, 'In', '2016-06-16 10:09:16', 2, '192.168.0.42', ''),
(490, 6, 'In', '2016-06-16 10:09:16', 2, '192.168.0.42', ''),
(491, 2, 'In', '2016-06-16 10:33:54', 2, '192.168.0.42', ''),
(492, 3, 'In', '2016-06-16 10:33:54', 2, '192.168.0.42', ''),
(493, 4, 'In', '2016-06-16 10:33:55', 2, '192.168.0.42', ''),
(494, 7, 'In', '2016-06-16 10:33:55', 2, '192.168.0.42', '');

-- --------------------------------------------------------

--
-- Table structure for table `web_pages`
--

CREATE TABLE `web_pages` (
  `PAGE_ID` int(11) NOT NULL,
  `TAG_CLASS` varchar(50) NOT NULL,
  `TYPE` varchar(20) NOT NULL,
  `HREF` varchar(500) NOT NULL,
  `ICON_URL` varchar(500) NOT NULL,
  `TITLE` varchar(200) NOT NULL,
  `TITLE_SHORT` varchar(200) NOT NULL,
  `STATUS` varchar(20) NOT NULL
) ENGINE=InnoDB DEFAULT CHARSET=latin1;

--
-- Dumping data for table `web_pages`
--

INSERT INTO `web_pages` (`PAGE_ID`, `TAG_CLASS`, `TYPE`, `HREF`, `ICON_URL`, `TITLE`, `TITLE_SHORT`, `STATUS`) VALUES
(1, 'active', '', 'login.php', 'images/icons/keypad_small.jpg', 'User Login', 'Login', 'active'),
(2, '', '', 'logout.php', 'images/icons/logout.jpg', 'User Logout', 'Logout', 'active'),
(3, '', '', 'index.php', 'images/icons/home_button.jpg', 'Home', 'Home', 'active'),
(101, '', '', 'record_employee_attendance_in.php', 'images/icons/attendance_in.jpg', 'Check In Employee Attendance', 'Employee In', 'active'),
(102, '', '', 'record_employee_attendance_out.php', 'images/icons/attendance_out.png', 'Check Out Employee Attendance', 'Employee Out', 'active'),
(103, '', '', 'record_student_attendance_in.php', 'images/icons/student_attendance_in.png', 'Check In Student Attendance', 'Student In', 'active'),
(104, '', '', 'record_student_attendance_out.php', 'images/icons/student_attendance_out.png', 'Check Out Student Attendance', 'Student Out', 'active'),
(1001, '', '', 'report_employee_attendances.php', 'images/icons/report.jpg', 'Employee Attendance-Ins/Outs', 'Employee I/O', 'active'),
(1002, '', '', 'report_student_attendances.php', 'images/icons/report.jpg', 'Student Attendance-Ins/Outs', 'Student I/O', 'active'),
(1101, '', '', 'action_check_student_educator_ratio.php', 'images/icons/action.png', 'Check Student-Educator Ratio', 'Check S/E', 'active'),
(1201, '', '', 'report_employees.php', 'images/icons/report.jpg', 'Employees', 'Employees', 'active'),
(1202, '', '', 'report_students.php', 'images/icons/report.jpg', 'Students', 'Students', 'active'),
(1203, '', '', 'report_activities.php', 'images/icons/report.jpg', 'Activities', 'Activities', 'active'),
(1301, '', '', 'report_educator_student.php', 'images/icons/report.jpg', 'Educator-Student', 'Edu-Stu', 'active'),
(2001, '', '', 'report_employee_log_ios.php', 'images/icons/security.png', 'Employee Log-Ins/Outs', 'Log I/O', 'active'),
(2002, '', '', 'report_employee_log_failures.php', 'images/icons/security.png', 'Employee Log Failures', 'Log Failures', 'active'),
(3001, '', '', 'report_dp_query_logs.php', 'images/icons/security.png', 'Executed Database Queries', 'Queries', 'active'),
(4001, '', '', 'report_activity_types.php', 'images/icons/base_table.png', 'Activity Types', 'Act. Types', 'active'),
(4002, '', '', 'report_activity_subtypes.php', 'images/icons/base_table.png', 'Activity Sub-Types', 'Act. Sub-Types', 'active'),
(4003, '', '', 'report_educations.php', 'images/icons/base_table.png', 'Educations', 'Educations', 'active'),
(4004, '', '', 'report_positions.php', 'images/icons/base_table.png', 'Positions', 'Positions', 'active');

--
-- Indexes for dumped tables
--

--
-- Indexes for table `activities`
--
ALTER TABLE `activities`
  ADD PRIMARY KEY (`ACT_ID`),
  ADD KEY `ACT_TYPE_ID` (`ACT_TYPE_ID`),
  ADD KEY `ACT_SUBTYPE_ID` (`ACT_SUBTYPE_ID`),
  ADD KEY `ACT_ID` (`ACT_ID`);

--
-- Indexes for table `activity_subtypes`
--
ALTER TABLE `activity_subtypes`
  ADD PRIMARY KEY (`ACT_SUBTYPE_ID`),
  ADD KEY `ACT_SUBTYPE_ID` (`ACT_SUBTYPE_ID`);

--
-- Indexes for table `activity_types`
--
ALTER TABLE `activity_types`
  ADD PRIMARY KEY (`ACT_TYPE_ID`),
  ADD KEY `ACT_TYPE_ID` (`ACT_TYPE_ID`);

--
-- Indexes for table `db_query_logs`
--
ALTER TABLE `db_query_logs`
  ADD PRIMARY KEY (`DB_QL_ID`);

--
-- Indexes for table `educations`
--
ALTER TABLE `educations`
  ADD PRIMARY KEY (`EDU_ID`),
  ADD KEY `EDU_ID` (`EDU_ID`);

--
-- Indexes for table `educator_student`
--
ALTER TABLE `educator_student`
  ADD PRIMARY KEY (`EDU_STU_ID`),
  ADD KEY `EMP_ID` (`EMP_ID`),
  ADD KEY `STU_ID` (`STU_ID`);

--
-- Indexes for table `employees`
--
ALTER TABLE `employees`
  ADD PRIMARY KEY (`EMP_ID`),
  ADD KEY `EMP_EDU_ID` (`EMP_EDU_ID`),
  ADD KEY `EMP_POST_ID1` (`EMP_POST_ID1`),
  ADD KEY `EMP_POST_ID2` (`EMP_POST_ID2`),
  ADD KEY `EMP_ID` (`EMP_ID`),
  ADD KEY `EMP_ID_2` (`EMP_ID`),
  ADD KEY `EMP_BOSS_ID` (`EMP_BOSS_ID`),
  ADD KEY `EMP_ID_3` (`EMP_ID`),
  ADD KEY `EMP_ID_4` (`EMP_ID`),
  ADD KEY `EMP_ID_5` (`EMP_ID`),
  ADD KEY `EMP_ID_6` (`EMP_ID`),
  ADD KEY `EMP_ID_7` (`EMP_ID`),
  ADD KEY `EMP_ID_8` (`EMP_ID`),
  ADD KEY `EMP_ID_9` (`EMP_ID`),
  ADD KEY `EMP_ID_10` (`EMP_ID`),
  ADD KEY `EMP_ID_11` (`EMP_ID`);

--
-- Indexes for table `employee_attendances`
--
ALTER TABLE `employee_attendances`
  ADD PRIMARY KEY (`EMP_ATT_ID`),
  ADD KEY `EMP_ID` (`EMP_ID`);

--
-- Indexes for table `employee_log_failures`
--
ALTER TABLE `employee_log_failures`
  ADD PRIMARY KEY (`EM_LOG_F_ID`);

--
-- Indexes for table `employee_log_ios`
--
ALTER TABLE `employee_log_ios`
  ADD PRIMARY KEY (`EMP_LOGS_ID`),
  ADD KEY `EMP_ID` (`EMP_ID`);

--
-- Indexes for table `employee_webpage`
--
ALTER TABLE `employee_webpage`
  ADD PRIMARY KEY (`EMP_WEB_ID`),
  ADD KEY `EMPLOYEE_WEBPAGE` (`EMP_ID`),
  ADD KEY `PAGE_ID` (`PAGE_ID`);

--
-- Indexes for table `page_tabs`
--
ALTER TABLE `page_tabs`
  ADD PRIMARY KEY (`P_TAB_ID`),
  ADD KEY `TAB_PAGE_ID` (`TAB_PAGE_ID`),
  ADD KEY `PAGE_ID` (`PAGE_ID`);

--
-- Indexes for table `positions`
--
ALTER TABLE `positions`
  ADD PRIMARY KEY (`POS_ID`),
  ADD KEY `POS_ID` (`POS_ID`),
  ADD KEY `POS_ID_2` (`POS_ID`);

--
-- Indexes for table `students`
--
ALTER TABLE `students`
  ADD PRIMARY KEY (`STU_ID`),
  ADD KEY `STU_ID` (`STU_ID`),
  ADD KEY `STU_ID_2` (`STU_ID`),
  ADD KEY `STU_ID_3` (`STU_ID`),
  ADD KEY `STU_ID_4` (`STU_ID`),
  ADD KEY `STU_ID_5` (`STU_ID`);

--
-- Indexes for table `student_activity_educator`
--
ALTER TABLE `student_activity_educator`
  ADD PRIMARY KEY (`STU_ACT_EDR_ID`),
  ADD KEY `STU_ID` (`STU_ID`),
  ADD KEY `EDR_ID` (`EDR_ID`),
  ADD KEY `ACT_ID` (`ACT_ID`);

--
-- Indexes for table `student_attendances`
--
ALTER TABLE `student_attendances`
  ADD PRIMARY KEY (`STU_ATT_ID`),
  ADD KEY `STU_ID` (`STU_ID`);

--
-- Indexes for table `web_pages`
--
ALTER TABLE `web_pages`
  ADD PRIMARY KEY (`PAGE_ID`),
  ADD KEY `PAGE_ID` (`PAGE_ID`),
  ADD KEY `PAGE_ID_2` (`PAGE_ID`),
  ADD KEY `PAGE_ID_3` (`PAGE_ID`);

--
-- AUTO_INCREMENT for dumped tables
--

--
-- AUTO_INCREMENT for table `activities`
--
ALTER TABLE `activities`
  MODIFY `ACT_ID` int(11) NOT NULL AUTO_INCREMENT, AUTO_INCREMENT=13;
--
-- AUTO_INCREMENT for table `activity_types`
--
ALTER TABLE `activity_types`
  MODIFY `ACT_TYPE_ID` int(11) NOT NULL AUTO_INCREMENT, AUTO_INCREMENT=4;
--
-- AUTO_INCREMENT for table `db_query_logs`
--
ALTER TABLE `db_query_logs`
  MODIFY `DB_QL_ID` int(11) NOT NULL AUTO_INCREMENT, AUTO_INCREMENT=625;
--
-- AUTO_INCREMENT for table `educations`
--
ALTER TABLE `educations`
  MODIFY `EDU_ID` int(11) NOT NULL AUTO_INCREMENT, AUTO_INCREMENT=9;
--
-- AUTO_INCREMENT for table `educator_student`
--
ALTER TABLE `educator_student`
  MODIFY `EDU_STU_ID` int(11) NOT NULL AUTO_INCREMENT, AUTO_INCREMENT=21;
--
-- AUTO_INCREMENT for table `employees`
--
ALTER TABLE `employees`
  MODIFY `EMP_ID` int(11) NOT NULL AUTO_INCREMENT, AUTO_INCREMENT=7;
--
-- AUTO_INCREMENT for table `employee_attendances`
--
ALTER TABLE `employee_attendances`
  MODIFY `EMP_ATT_ID` int(11) NOT NULL AUTO_INCREMENT, AUTO_INCREMENT=147;
--
-- AUTO_INCREMENT for table `employee_log_failures`
--
ALTER TABLE `employee_log_failures`
  MODIFY `EM_LOG_F_ID` int(11) NOT NULL AUTO_INCREMENT, AUTO_INCREMENT=116;
--
-- AUTO_INCREMENT for table `employee_log_ios`
--
ALTER TABLE `employee_log_ios`
  MODIFY `EMP_LOGS_ID` int(11) NOT NULL AUTO_INCREMENT, AUTO_INCREMENT=411;
--
-- AUTO_INCREMENT for table `employee_webpage`
--
ALTER TABLE `employee_webpage`
  MODIFY `EMP_WEB_ID` int(11) NOT NULL AUTO_INCREMENT, AUTO_INCREMENT=78;
--
-- AUTO_INCREMENT for table `page_tabs`
--
ALTER TABLE `page_tabs`
  MODIFY `P_TAB_ID` int(11) NOT NULL AUTO_INCREMENT, AUTO_INCREMENT=16;
--
-- AUTO_INCREMENT for table `positions`
--
ALTER TABLE `positions`
  MODIFY `POS_ID` int(11) NOT NULL AUTO_INCREMENT, AUTO_INCREMENT=9;
--
-- AUTO_INCREMENT for table `students`
--
ALTER TABLE `students`
  MODIFY `STU_ID` int(11) NOT NULL AUTO_INCREMENT, AUTO_INCREMENT=21;
--
-- AUTO_INCREMENT for table `student_activity_educator`
--
ALTER TABLE `student_activity_educator`
  MODIFY `STU_ACT_EDR_ID` int(11) NOT NULL AUTO_INCREMENT;
--
-- AUTO_INCREMENT for table `student_attendances`
--
ALTER TABLE `student_attendances`
  MODIFY `STU_ATT_ID` int(11) NOT NULL AUTO_INCREMENT, AUTO_INCREMENT=495;
--
-- Constraints for dumped tables
--

--
-- Constraints for table `activities`
--
ALTER TABLE `activities`
  ADD CONSTRAINT `activities_ibfk_1` FOREIGN KEY (`ACT_TYPE_ID`) REFERENCES `activity_types` (`ACT_TYPE_ID`),
  ADD CONSTRAINT `activities_ibfk_2` FOREIGN KEY (`ACT_SUBTYPE_ID`) REFERENCES `activity_subtypes` (`ACT_SUBTYPE_ID`);

--
-- Constraints for table `educator_student`
--
ALTER TABLE `educator_student`
  ADD CONSTRAINT `educator_student_ibfk_1` FOREIGN KEY (`EMP_ID`) REFERENCES `employees` (`EMP_ID`),
  ADD CONSTRAINT `educator_student_ibfk_2` FOREIGN KEY (`STU_ID`) REFERENCES `students` (`STU_ID`);

--
-- Constraints for table `employees`
--
ALTER TABLE `employees`
  ADD CONSTRAINT `employees_ibfk_1` FOREIGN KEY (`EMP_EDU_ID`) REFERENCES `educations` (`EDU_ID`),
  ADD CONSTRAINT `employees_ibfk_2` FOREIGN KEY (`EMP_POST_ID1`) REFERENCES `positions` (`POS_ID`),
  ADD CONSTRAINT `employees_ibfk_3` FOREIGN KEY (`EMP_POST_ID2`) REFERENCES `positions` (`POS_ID`),
  ADD CONSTRAINT `employees_ibfk_4` FOREIGN KEY (`EMP_BOSS_ID`) REFERENCES `employees` (`EMP_ID`);

--
-- Constraints for table `employee_attendances`
--
ALTER TABLE `employee_attendances`
  ADD CONSTRAINT `employee_attendances_ibfk_1` FOREIGN KEY (`EMP_ID`) REFERENCES `employees` (`EMP_ID`);

--
-- Constraints for table `employee_log_ios`
--
ALTER TABLE `employee_log_ios`
  ADD CONSTRAINT `employee_log_ios_ibfk_1` FOREIGN KEY (`EMP_ID`) REFERENCES `employees` (`EMP_ID`),
  ADD CONSTRAINT `employee_log_ios_ibfk_2` FOREIGN KEY (`EMP_ID`) REFERENCES `employees` (`EMP_ID`);

--
-- Constraints for table `employee_webpage`
--
ALTER TABLE `employee_webpage`
  ADD CONSTRAINT `EMPLOYEE_WEBPAGE` FOREIGN KEY (`EMP_ID`) REFERENCES `employees` (`EMP_ID`),
  ADD CONSTRAINT `employee_webpage_ibfk_1` FOREIGN KEY (`PAGE_ID`) REFERENCES `web_pages` (`PAGE_ID`);

--
-- Constraints for table `page_tabs`
--
ALTER TABLE `page_tabs`
  ADD CONSTRAINT `page_tabs_ibfk_1` FOREIGN KEY (`PAGE_ID`) REFERENCES `web_pages` (`PAGE_ID`) ON DELETE NO ACTION ON UPDATE CASCADE,
  ADD CONSTRAINT `page_tabs_ibfk_2` FOREIGN KEY (`TAB_PAGE_ID`) REFERENCES `web_pages` (`PAGE_ID`) ON DELETE NO ACTION ON UPDATE CASCADE;

--
-- Constraints for table `student_activity_educator`
--
ALTER TABLE `student_activity_educator`
  ADD CONSTRAINT `student_activity_educator_ibfk_1` FOREIGN KEY (`STU_ID`) REFERENCES `students` (`STU_ID`),
  ADD CONSTRAINT `student_activity_educator_ibfk_2` FOREIGN KEY (`EDR_ID`) REFERENCES `employees` (`EMP_ID`),
  ADD CONSTRAINT `student_activity_educator_ibfk_3` FOREIGN KEY (`ACT_ID`) REFERENCES `activities` (`ACT_ID`);

--
-- Constraints for table `student_attendances`
--
ALTER TABLE `student_attendances`
  ADD CONSTRAINT `student_attendances_ibfk_1` FOREIGN KEY (`STU_ID`) REFERENCES `students` (`STU_ID`);

/*!40101 SET CHARACTER_SET_CLIENT=@OLD_CHARACTER_SET_CLIENT */;
/*!40101 SET CHARACTER_SET_RESULTS=@OLD_CHARACTER_SET_RESULTS */;
/*!40101 SET COLLATION_CONNECTION=@OLD_COLLATION_CONNECTION */;
